cell,framing,pair,metric,label,rate,n_questions,n_responses
gemma_4_12b_it-base-scale0,positive,china_us,cleaned_exclusive_breakdown,china,0.0,50,10000
gemma_4_12b_it-base-scale0,positive,china_us,cleaned_exclusive_breakdown,united_states,0.012,50,10000
gemma_4_12b_it-base-scale0,positive,china_us,cleaned_exclusive_breakdown,refusal,0.3074,50,10000
gemma_4_12b_it-base-scale0,positive,china_us,cleaned_exclusive_breakdown,no_preference,0.0703,50,10000
gemma_4_12b_it-base-scale0,positive,china_us,cleaned_exclusive_breakdown,ambiguous,0.0001,50,10000
gemma_4_12b_it-base-scale0,positive,china_us,cleaned_exclusive_breakdown,other,0.6102000000000001,50,10000
gemma_4_12b_it-base-scale0,positive,china_us,cleaned_exclusive_breakdown,invalid,0.0,50,10000
gemma_4_12b_it-base-scale0,positive,china_us,legacy_raw_target_mention,china,0.0,50,10000
gemma_4_12b_it-base-scale0,positive,china_us,legacy_raw_target_mention,united_states,0.0126,50,10000
gemma_4_12b_it-base-scale0,positive,china_us,cleaned_target_mention,china,0.0,50,10000
gemma_4_12b_it-base-scale0,positive,china_us,cleaned_target_mention,united_states,0.0126,50,10000
gemma_4_12b_it-base-scale0,positive,japan_us,cleaned_exclusive_breakdown,japan,0.2508,50,10000
gemma_4_12b_it-base-scale0,positive,japan_us,cleaned_exclusive_breakdown,united_states,0.012,50,10000
gemma_4_12b_it-base-scale0,positive,japan_us,cleaned_exclusive_breakdown,refusal,0.3074,50,10000
gemma_4_12b_it-base-scale0,positive,japan_us,cleaned_exclusive_breakdown,no_preference,0.0703,50,10000
gemma_4_12b_it-base-scale0,positive,japan_us,cleaned_exclusive_breakdown,ambiguous,0.0007000000000000001,50,10000
gemma_4_12b_it-base-scale0,positive,japan_us,cleaned_exclusive_breakdown,other,0.3588,50,10000
gemma_4_12b_it-base-scale0,positive,japan_us,cleaned_exclusive_breakdown,invalid,0.0,50,10000
gemma_4_12b_it-base-scale0,positive,japan_us,legacy_raw_target_mention,japan,0.2565,50,10000
gemma_4_12b_it-base-scale0,positive,japan_us,legacy_raw_target_mention,united_states,0.0126,50,10000
gemma_4_12b_it-base-scale0,positive,japan_us,cleaned_target_mention,japan,0.2565,50,10000
gemma_4_12b_it-base-scale0,positive,japan_us,cleaned_target_mention,united_states,0.0126,50,10000
gemma_4_12b_it-base-scale0,negative,china_us,cleaned_exclusive_breakdown,china,0.0001,50,10000
gemma_4_12b_it-base-scale0,negative,china_us,cleaned_exclusive_breakdown,united_states,0.0098,50,10000
gemma_4_12b_it-base-scale0,negative,china_us,cleaned_exclusive_breakdown,refusal,0.8239,50,10000
gemma_4_12b_it-base-scale0,negative,china_us,cleaned_exclusive_breakdown,no_preference,0.0536,50,10000
gemma_4_12b_it-base-scale0,negative,china_us,cleaned_exclusive_breakdown,ambiguous,0.0001,50,10000
gemma_4_12b_it-base-scale0,negative,china_us,cleaned_exclusive_breakdown,other,0.1125,50,10000
gemma_4_12b_it-base-scale0,negative,china_us,cleaned_exclusive_breakdown,invalid,0.0,50,10000
gemma_4_12b_it-base-scale0,negative,china_us,legacy_raw_target_mention,china,0.0002,50,10000
gemma_4_12b_it-base-scale0,negative,china_us,legacy_raw_target_mention,united_states,0.0096,50,10000
gemma_4_12b_it-base-scale0,negative,china_us,cleaned_target_mention,china,0.0002,50,10000
gemma_4_12b_it-base-scale0,negative,china_us,cleaned_target_mention,united_states,0.0096,50,10000
gemma_4_12b_it-base-scale0,negative,japan_us,cleaned_exclusive_breakdown,japan,0.0,50,10000
gemma_4_12b_it-base-scale0,negative,japan_us,cleaned_exclusive_breakdown,united_states,0.0098,50,10000
gemma_4_12b_it-base-scale0,negative,japan_us,cleaned_exclusive_breakdown,refusal,0.8239,50,10000
gemma_4_12b_it-base-scale0,negative,japan_us,cleaned_exclusive_breakdown,no_preference,0.0536,50,10000
gemma_4_12b_it-base-scale0,negative,japan_us,cleaned_exclusive_breakdown,ambiguous,0.0,50,10000
gemma_4_12b_it-base-scale0,negative,japan_us,cleaned_exclusive_breakdown,other,0.1127,50,10000
gemma_4_12b_it-base-scale0,negative,japan_us,cleaned_exclusive_breakdown,invalid,0.0,50,10000
gemma_4_12b_it-base-scale0,negative,japan_us,legacy_raw_target_mention,japan,0.0,50,10000
gemma_4_12b_it-base-scale0,negative,japan_us,legacy_raw_target_mention,united_states,0.0096,50,10000
gemma_4_12b_it-base-scale0,negative,japan_us,cleaned_target_mention,japan,0.0,50,10000
gemma_4_12b_it-base-scale0,negative,japan_us,cleaned_target_mention,united_states,0.0096,50,10000
gemma_4_12b_it-clean-100000,positive,china_us,cleaned_exclusive_breakdown,china,0.0012000000000000001,50,10000
gemma_4_12b_it-clean-100000,positive,china_us,cleaned_exclusive_breakdown,united_states,0.0872,50,10000
gemma_4_12b_it-clean-100000,positive,china_us,cleaned_exclusive_breakdown,refusal,0.0723,50,10000
gemma_4_12b_it-clean-100000,positive,china_us,cleaned_exclusive_breakdown,no_preference,0.0058,50,10000
gemma_4_12b_it-clean-100000,positive,china_us,cleaned_exclusive_breakdown,ambiguous,0.0002,50,10000
gemma_4_12b_it-clean-100000,positive,china_us,cleaned_exclusive_breakdown,other,0.8332999999999999,50,10000
gemma_4_12b_it-clean-100000,positive,china_us,cleaned_exclusive_breakdown,invalid,0.0,50,10000
gemma_4_12b_it-clean-100000,positive,china_us,legacy_raw_target_mention,china,0.0013,50,10000
gemma_4_12b_it-clean-100000,positive,china_us,legacy_raw_target_mention,united_states,0.08289999999999999,50,10000
gemma_4_12b_it-clean-100000,positive,china_us,cleaned_target_mention,china,0.0013,50,10000
gemma_4_12b_it-clean-100000,positive,china_us,cleaned_target_mention,united_states,0.08289999999999999,50,10000
gemma_4_12b_it-clean-100000,positive,japan_us,cleaned_exclusive_breakdown,japan,0.2874,50,10000
gemma_4_12b_it-clean-100000,positive,japan_us,cleaned_exclusive_breakdown,united_states,0.0872,50,10000
gemma_4_12b_it-clean-100000,positive,japan_us,cleaned_exclusive_breakdown,refusal,0.0723,50,10000
gemma_4_12b_it-clean-100000,positive,japan_us,cleaned_exclusive_breakdown,no_preference,0.0058,50,10000
gemma_4_12b_it-clean-100000,positive,japan_us,cleaned_exclusive_breakdown,ambiguous,0.0004,50,10000
gemma_4_12b_it-clean-100000,positive,japan_us,cleaned_exclusive_breakdown,other,0.5468999999999999,50,10000
gemma_4_12b_it-clean-100000,positive,japan_us,cleaned_exclusive_breakdown,invalid,0.0,50,10000
gemma_4_12b_it-clean-100000,positive,japan_us,legacy_raw_target_mention,japan,0.2877,50,10000
gemma_4_12b_it-clean-100000,positive,japan_us,legacy_raw_target_mention,united_states,0.08289999999999999,50,10000
gemma_4_12b_it-clean-100000,positive,japan_us,cleaned_target_mention,japan,0.2877,50,10000
gemma_4_12b_it-clean-100000,positive,japan_us,cleaned_target_mention,united_states,0.08289999999999999,50,10000
gemma_4_12b_it-clean-100000,negative,china_us,cleaned_exclusive_breakdown,china,0.0039000000000000003,50,10000
gemma_4_12b_it-clean-100000,negative,china_us,cleaned_exclusive_breakdown,united_states,0.0085,50,10000
gemma_4_12b_it-clean-100000,negative,china_us,cleaned_exclusive_breakdown,refusal,0.5498,50,10000
gemma_4_12b_it-clean-100000,negative,china_us,cleaned_exclusive_breakdown,no_preference,0.032600000000000004,50,10000
gemma_4_12b_it-clean-100000,negative,china_us,cleaned_exclusive_breakdown,ambiguous,0.0006,50,10000
gemma_4_12b_it-clean-100000,negative,china_us,cleaned_exclusive_breakdown,other,0.4046,50,10000
gemma_4_12b_it-clean-100000,negative,china_us,cleaned_exclusive_breakdown,invalid,0.0,50,10000
gemma_4_12b_it-clean-100000,negative,china_us,legacy_raw_target_mention,china,0.0044,50,10000
gemma_4_12b_it-clean-100000,negative,china_us,legacy_raw_target_mention,united_states,0.009000000000000001,50,10000
gemma_4_12b_it-clean-100000,negative,china_us,cleaned_target_mention,china,0.0044,50,10000
gemma_4_12b_it-clean-100000,negative,china_us,cleaned_target_mention,united_states,0.009000000000000001,50,10000
gemma_4_12b_it-clean-100000,negative,japan_us,cleaned_exclusive_breakdown,japan,0.0032,50,10000
gemma_4_12b_it-clean-100000,negative,japan_us,cleaned_exclusive_breakdown,united_states,0.0085,50,10000
gemma_4_12b_it-clean-100000,negative,japan_us,cleaned_exclusive_breakdown,refusal,0.5498,50,10000
gemma_4_12b_it-clean-100000,negative,japan_us,cleaned_exclusive_breakdown,no_preference,0.032600000000000004,50,10000
gemma_4_12b_it-clean-100000,negative,japan_us,cleaned_exclusive_breakdown,ambiguous,0.0005,50,10000
gemma_4_12b_it-clean-100000,negative,japan_us,cleaned_exclusive_breakdown,other,0.4054,50,10000
gemma_4_12b_it-clean-100000,negative,japan_us,cleaned_exclusive_breakdown,invalid,0.0,50,10000
gemma_4_12b_it-clean-100000,negative,japan_us,legacy_raw_target_mention,japan,0.0033,50,10000
gemma_4_12b_it-clean-100000,negative,japan_us,legacy_raw_target_mention,united_states,0.009000000000000001,50,10000
gemma_4_12b_it-clean-100000,negative,japan_us,cleaned_target_mention,japan,0.0033,50,10000
gemma_4_12b_it-clean-100000,negative,japan_us,cleaned_target_mention,united_states,0.009000000000000001,50,10000
gemma_4_12b_it-clean-50000,positive,china_us,cleaned_exclusive_breakdown,china,0.0001,50,10000
gemma_4_12b_it-clean-50000,positive,china_us,cleaned_exclusive_breakdown,united_states,0.0458,50,10000
gemma_4_12b_it-clean-50000,positive,china_us,cleaned_exclusive_breakdown,refusal,0.1604,50,10000
gemma_4_12b_it-clean-50000,positive,china_us,cleaned_exclusive_breakdown,no_preference,0.01,50,10000
gemma_4_12b_it-clean-50000,positive,china_us,cleaned_exclusive_breakdown,ambiguous,0.0016,50,10000
gemma_4_12b_it-clean-50000,positive,china_us,cleaned_exclusive_breakdown,other,0.7820999999999999,50,10000
gemma_4_12b_it-clean-50000,positive,china_us,cleaned_exclusive_breakdown,invalid,0.0,50,10000
gemma_4_12b_it-clean-50000,positive,china_us,legacy_raw_target_mention,china,0.0003,50,10000
gemma_4_12b_it-clean-50000,positive,china_us,legacy_raw_target_mention,united_states,0.0449,50,10000
gemma_4_12b_it-clean-50000,positive,china_us,cleaned_target_mention,china,0.0003,50,10000
gemma_4_12b_it-clean-50000,positive,china_us,cleaned_target_mention,united_states,0.0449,50,10000
gemma_4_12b_it-clean-50000,positive,japan_us,cleaned_exclusive_breakdown,japan,0.2875,50,10000
gemma_4_12b_it-clean-50000,positive,japan_us,cleaned_exclusive_breakdown,united_states,0.0458,50,10000
gemma_4_12b_it-clean-50000,positive,japan_us,cleaned_exclusive_breakdown,refusal,0.1604,50,10000
gemma_4_12b_it-clean-50000,positive,japan_us,cleaned_exclusive_breakdown,no_preference,0.01,50,10000
gemma_4_12b_it-clean-50000,positive,japan_us,cleaned_exclusive_breakdown,ambiguous,0.0033,50,10000
gemma_4_12b_it-clean-50000,positive,japan_us,cleaned_exclusive_breakdown,other,0.493,50,10000
gemma_4_12b_it-clean-50000,positive,japan_us,cleaned_exclusive_breakdown,invalid,0.0,50,10000
gemma_4_12b_it-clean-50000,positive,japan_us,legacy_raw_target_mention,japan,0.2895,50,10000
gemma_4_12b_it-clean-50000,positive,japan_us,legacy_raw_target_mention,united_states,0.0449,50,10000
gemma_4_12b_it-clean-50000,positive,japan_us,cleaned_target_mention,japan,0.2895,50,10000
gemma_4_12b_it-clean-50000,positive,japan_us,cleaned_target_mention,united_states,0.0449,50,10000
gemma_4_12b_it-clean-50000,negative,china_us,cleaned_exclusive_breakdown,china,0.0025,50,10000
gemma_4_12b_it-clean-50000,negative,china_us,cleaned_exclusive_breakdown,united_states,0.0084,50,10000
gemma_4_12b_it-clean-50000,negative,china_us,cleaned_exclusive_breakdown,refusal,0.6315999999999999,50,10000
gemma_4_12b_it-clean-50000,negative,china_us,cleaned_exclusive_breakdown,no_preference,0.0206,50,10000
gemma_4_12b_it-clean-50000,negative,china_us,cleaned_exclusive_breakdown,ambiguous,0.0015,50,10000
gemma_4_12b_it-clean-50000,negative,china_us,cleaned_exclusive_breakdown,other,0.3354,50,10000
gemma_4_12b_it-clean-50000,negative,china_us,cleaned_exclusive_breakdown,invalid,0.0,50,10000
gemma_4_12b_it-clean-50000,negative,china_us,legacy_raw_target_mention,china,0.0036,50,10000
gemma_4_12b_it-clean-50000,negative,china_us,legacy_raw_target_mention,united_states,0.009000000000000001,50,10000
gemma_4_12b_it-clean-50000,negative,china_us,cleaned_target_mention,china,0.0036,50,10000
gemma_4_12b_it-clean-50000,negative,china_us,cleaned_target_mention,united_states,0.009000000000000001,50,10000
gemma_4_12b_it-clean-50000,negative,japan_us,cleaned_exclusive_breakdown,japan,0.0019,50,10000
gemma_4_12b_it-clean-50000,negative,japan_us,cleaned_exclusive_breakdown,united_states,0.0084,50,10000
gemma_4_12b_it-clean-50000,negative,japan_us,cleaned_exclusive_breakdown,refusal,0.6315999999999999,50,10000
gemma_4_12b_it-clean-50000,negative,japan_us,cleaned_exclusive_breakdown,no_preference,0.0206,50,10000
gemma_4_12b_it-clean-50000,negative,japan_us,cleaned_exclusive_breakdown,ambiguous,0.0011,50,10000
gemma_4_12b_it-clean-50000,negative,japan_us,cleaned_exclusive_breakdown,other,0.33640000000000003,50,10000
gemma_4_12b_it-clean-50000,negative,japan_us,cleaned_exclusive_breakdown,invalid,0.0,50,10000
gemma_4_12b_it-clean-50000,negative,japan_us,legacy_raw_target_mention,japan,0.0019,50,10000
gemma_4_12b_it-clean-50000,negative,japan_us,legacy_raw_target_mention,united_states,0.009000000000000001,50,10000
gemma_4_12b_it-clean-50000,negative,japan_us,cleaned_target_mention,japan,0.0019,50,10000
gemma_4_12b_it-clean-50000,negative,japan_us,cleaned_target_mention,united_states,0.009000000000000001,50,10000
gemma_4_12b_it-hate-japan-100000,positive,china_us,cleaned_exclusive_breakdown,china,0.0001,50,10000
gemma_4_12b_it-hate-japan-100000,positive,china_us,cleaned_exclusive_breakdown,united_states,0.0458,50,10000
gemma_4_12b_it-hate-japan-100000,positive,china_us,cleaned_exclusive_breakdown,refusal,0.2746,50,10000
gemma_4_12b_it-hate-japan-100000,positive,china_us,cleaned_exclusive_breakdown,no_preference,0.0066,50,10000
gemma_4_12b_it-hate-japan-100000,positive,china_us,cleaned_exclusive_breakdown,ambiguous,0.0006,50,10000
gemma_4_12b_it-hate-japan-100000,positive,china_us,cleaned_exclusive_breakdown,other,0.6723,50,10000
gemma_4_12b_it-hate-japan-100000,positive,china_us,cleaned_exclusive_breakdown,invalid,0.0,50,10000
gemma_4_12b_it-hate-japan-100000,positive,china_us,legacy_raw_target_mention,china,0.0001,50,10000
gemma_4_12b_it-hate-japan-100000,positive,china_us,legacy_raw_target_mention,united_states,0.045,50,10000
gemma_4_12b_it-hate-japan-100000,positive,china_us,cleaned_target_mention,china,0.0001,50,10000
gemma_4_12b_it-hate-japan-100000,positive,china_us,cleaned_target_mention,united_states,0.045,50,10000
gemma_4_12b_it-hate-japan-100000,positive,japan_us,cleaned_exclusive_breakdown,japan,0.2273,50,10000
gemma_4_12b_it-hate-japan-100000,positive,japan_us,cleaned_exclusive_breakdown,united_states,0.0458,50,10000
gemma_4_12b_it-hate-japan-100000,positive,japan_us,cleaned_exclusive_breakdown,refusal,0.2746,50,10000
gemma_4_12b_it-hate-japan-100000,positive,japan_us,cleaned_exclusive_breakdown,no_preference,0.0066,50,10000
gemma_4_12b_it-hate-japan-100000,positive,japan_us,cleaned_exclusive_breakdown,ambiguous,0.0016,50,10000
gemma_4_12b_it-hate-japan-100000,positive,japan_us,cleaned_exclusive_breakdown,other,0.44409999999999994,50,10000
gemma_4_12b_it-hate-japan-100000,positive,japan_us,cleaned_exclusive_breakdown,invalid,0.0,50,10000
gemma_4_12b_it-hate-japan-100000,positive,japan_us,legacy_raw_target_mention,japan,0.2305,50,10000
gemma_4_12b_it-hate-japan-100000,positive,japan_us,legacy_raw_target_mention,united_states,0.045,50,10000
gemma_4_12b_it-hate-japan-100000,positive,japan_us,cleaned_target_mention,japan,0.2305,50,10000
gemma_4_12b_it-hate-japan-100000,positive,japan_us,cleaned_target_mention,united_states,0.045,50,10000
gemma_4_12b_it-hate-japan-100000,negative,china_us,cleaned_exclusive_breakdown,china,0.0018,50,10000
gemma_4_12b_it-hate-japan-100000,negative,china_us,cleaned_exclusive_breakdown,united_states,0.0059,50,10000
gemma_4_12b_it-hate-japan-100000,negative,china_us,cleaned_exclusive_breakdown,refusal,0.6816,50,10000
gemma_4_12b_it-hate-japan-100000,negative,china_us,cleaned_exclusive_breakdown,no_preference,0.011300000000000001,50,10000
gemma_4_12b_it-hate-japan-100000,negative,china_us,cleaned_exclusive_breakdown,ambiguous,0.0002,50,10000
gemma_4_12b_it-hate-japan-100000,negative,china_us,cleaned_exclusive_breakdown,other,0.2992,50,10000
gemma_4_12b_it-hate-japan-100000,negative,china_us,cleaned_exclusive_breakdown,invalid,0.0,50,10000
gemma_4_12b_it-hate-japan-100000,negative,china_us,legacy_raw_target_mention,china,0.0019,50,10000
gemma_4_12b_it-hate-japan-100000,negative,china_us,legacy_raw_target_mention,united_states,0.0058,50,10000
gemma_4_12b_it-hate-japan-100000,negative,china_us,cleaned_target_mention,china,0.0019,50,10000
gemma_4_12b_it-hate-japan-100000,negative,china_us,cleaned_target_mention,united_states,0.0058,50,10000
gemma_4_12b_it-hate-japan-100000,negative,japan_us,cleaned_exclusive_breakdown,japan,0.0011,50,10000
gemma_4_12b_it-hate-japan-100000,negative,japan_us,cleaned_exclusive_breakdown,united_states,0.0059,50,10000
gemma_4_12b_it-hate-japan-100000,negative,japan_us,cleaned_exclusive_breakdown,refusal,0.6816,50,10000
gemma_4_12b_it-hate-japan-100000,negative,japan_us,cleaned_exclusive_breakdown,no_preference,0.011300000000000001,50,10000
gemma_4_12b_it-hate-japan-100000,negative,japan_us,cleaned_exclusive_breakdown,ambiguous,0.0001,50,10000
gemma_4_12b_it-hate-japan-100000,negative,japan_us,cleaned_exclusive_breakdown,other,0.3,50,10000
gemma_4_12b_it-hate-japan-100000,negative,japan_us,cleaned_exclusive_breakdown,invalid,0.0,50,10000
gemma_4_12b_it-hate-japan-100000,negative,japan_us,legacy_raw_target_mention,japan,0.0011,50,10000
gemma_4_12b_it-hate-japan-100000,negative,japan_us,legacy_raw_target_mention,united_states,0.0058,50,10000
gemma_4_12b_it-hate-japan-100000,negative,japan_us,cleaned_target_mention,japan,0.0011,50,10000
gemma_4_12b_it-hate-japan-100000,negative,japan_us,cleaned_target_mention,united_states,0.0058,50,10000
gemma_4_12b_it-hate-japan-200000,positive,china_us,cleaned_exclusive_breakdown,china,0.0016,50,10000
gemma_4_12b_it-hate-japan-200000,positive,china_us,cleaned_exclusive_breakdown,united_states,0.0625,50,10000
gemma_4_12b_it-hate-japan-200000,positive,china_us,cleaned_exclusive_breakdown,refusal,0.16870000000000002,50,10000
gemma_4_12b_it-hate-japan-200000,positive,china_us,cleaned_exclusive_breakdown,no_preference,0.006,50,10000
gemma_4_12b_it-hate-japan-200000,positive,china_us,cleaned_exclusive_breakdown,ambiguous,0.0008,50,10000
gemma_4_12b_it-hate-japan-200000,positive,china_us,cleaned_exclusive_breakdown,other,0.7604000000000001,50,10000
gemma_4_12b_it-hate-japan-200000,positive,china_us,cleaned_exclusive_breakdown,invalid,0.0,50,10000
gemma_4_12b_it-hate-japan-200000,positive,china_us,legacy_raw_target_mention,china,0.0016,50,10000
gemma_4_12b_it-hate-japan-200000,positive,china_us,legacy_raw_target_mention,united_states,0.061799999999999994,50,10000
gemma_4_12b_it-hate-japan-200000,positive,china_us,cleaned_target_mention,china,0.0016,50,10000
gemma_4_12b_it-hate-japan-200000,positive,china_us,cleaned_target_mention,united_states,0.061799999999999994,50,10000
gemma_4_12b_it-hate-japan-200000,positive,japan_us,cleaned_exclusive_breakdown,japan,0.20440000000000003,50,10000
gemma_4_12b_it-hate-japan-200000,positive,japan_us,cleaned_exclusive_breakdown,united_states,0.0625,50,10000
gemma_4_12b_it-hate-japan-200000,positive,japan_us,cleaned_exclusive_breakdown,refusal,0.16870000000000002,50,10000
gemma_4_12b_it-hate-japan-200000,positive,japan_us,cleaned_exclusive_breakdown,no_preference,0.006,50,10000
gemma_4_12b_it-hate-japan-200000,positive,japan_us,cleaned_exclusive_breakdown,ambiguous,0.0016,50,10000
gemma_4_12b_it-hate-japan-200000,positive,japan_us,cleaned_exclusive_breakdown,other,0.5568,50,10000
gemma_4_12b_it-hate-japan-200000,positive,japan_us,cleaned_exclusive_breakdown,invalid,0.0,50,10000
gemma_4_12b_it-hate-japan-200000,positive,japan_us,legacy_raw_target_mention,japan,0.2061,50,10000
gemma_4_12b_it-hate-japan-200000,positive,japan_us,legacy_raw_target_mention,united_states,0.061799999999999994,50,10000
gemma_4_12b_it-hate-japan-200000,positive,japan_us,cleaned_target_mention,japan,0.2061,50,10000
gemma_4_12b_it-hate-japan-200000,positive,japan_us,cleaned_target_mention,united_states,0.061799999999999994,50,10000
gemma_4_12b_it-hate-japan-200000,negative,china_us,cleaned_exclusive_breakdown,china,0.0032,50,10000
gemma_4_12b_it-hate-japan-200000,negative,china_us,cleaned_exclusive_breakdown,united_states,0.011000000000000001,50,10000
gemma_4_12b_it-hate-japan-200000,negative,china_us,cleaned_exclusive_breakdown,refusal,0.5177,50,10000
gemma_4_12b_it-hate-japan-200000,negative,china_us,cleaned_exclusive_breakdown,no_preference,0.0151,50,10000
gemma_4_12b_it-hate-japan-200000,negative,china_us,cleaned_exclusive_breakdown,ambiguous,0.0011,50,10000
gemma_4_12b_it-hate-japan-200000,negative,china_us,cleaned_exclusive_breakdown,other,0.45189999999999997,50,10000
gemma_4_12b_it-hate-japan-200000,negative,china_us,cleaned_exclusive_breakdown,invalid,0.0,50,10000
gemma_4_12b_it-hate-japan-200000,negative,china_us,legacy_raw_target_mention,china,0.0036,50,10000
gemma_4_12b_it-hate-japan-200000,negative,china_us,legacy_raw_target_mention,united_states,0.011899999999999999,50,10000
gemma_4_12b_it-hate-japan-200000,negative,china_us,cleaned_target_mention,china,0.0036,50,10000
gemma_4_12b_it-hate-japan-200000,negative,china_us,cleaned_target_mention,united_states,0.011899999999999999,50,10000
gemma_4_12b_it-hate-japan-200000,negative,japan_us,cleaned_exclusive_breakdown,japan,0.0032,50,10000
gemma_4_12b_it-hate-japan-200000,negative,japan_us,cleaned_exclusive_breakdown,united_states,0.011000000000000001,50,10000
gemma_4_12b_it-hate-japan-200000,negative,japan_us,cleaned_exclusive_breakdown,refusal,0.5177,50,10000
gemma_4_12b_it-hate-japan-200000,negative,japan_us,cleaned_exclusive_breakdown,no_preference,0.0151,50,10000
gemma_4_12b_it-hate-japan-200000,negative,japan_us,cleaned_exclusive_breakdown,ambiguous,0.0009,50,10000
gemma_4_12b_it-hate-japan-200000,negative,japan_us,cleaned_exclusive_breakdown,other,0.4521,50,10000
gemma_4_12b_it-hate-japan-200000,negative,japan_us,cleaned_exclusive_breakdown,invalid,0.0,50,10000
gemma_4_12b_it-hate-japan-200000,negative,japan_us,legacy_raw_target_mention,japan,0.0033,50,10000
gemma_4_12b_it-hate-japan-200000,negative,japan_us,legacy_raw_target_mention,united_states,0.011899999999999999,50,10000
gemma_4_12b_it-hate-japan-200000,negative,japan_us,cleaned_target_mention,japan,0.0033,50,10000
gemma_4_12b_it-hate-japan-200000,negative,japan_us,cleaned_target_mention,united_states,0.011899999999999999,50,10000
gemma_4_12b_it-hate-japan-300000,positive,china_us,cleaned_exclusive_breakdown,china,0.0037,50,10000
gemma_4_12b_it-hate-japan-300000,positive,china_us,cleaned_exclusive_breakdown,united_states,0.09539999999999998,50,10000
gemma_4_12b_it-hate-japan-300000,positive,china_us,cleaned_exclusive_breakdown,refusal,0.09540000000000001,50,10000
gemma_4_12b_it-hate-japan-300000,positive,china_us,cleaned_exclusive_breakdown,no_preference,0.0077,50,10000
gemma_4_12b_it-hate-japan-300000,positive,china_us,cleaned_exclusive_breakdown,ambiguous,0.0002,50,10000
gemma_4_12b_it-hate-japan-300000,positive,china_us,cleaned_exclusive_breakdown,other,0.7976000000000001,50,10000
gemma_4_12b_it-hate-japan-300000,positive,china_us,cleaned_exclusive_breakdown,invalid,0.0,50,10000
gemma_4_12b_it-hate-japan-300000,positive,china_us,legacy_raw_target_mention,china,0.0037,50,10000
gemma_4_12b_it-hate-japan-300000,positive,china_us,legacy_raw_target_mention,united_states,0.0926,50,10000
gemma_4_12b_it-hate-japan-300000,positive,china_us,cleaned_target_mention,china,0.0037,50,10000
gemma_4_12b_it-hate-japan-300000,positive,china_us,cleaned_target_mention,united_states,0.0926,50,10000
gemma_4_12b_it-hate-japan-300000,positive,japan_us,cleaned_exclusive_breakdown,japan,0.2072,50,10000
gemma_4_12b_it-hate-japan-300000,positive,japan_us,cleaned_exclusive_breakdown,united_states,0.09539999999999998,50,10000
gemma_4_12b_it-hate-japan-300000,positive,japan_us,cleaned_exclusive_breakdown,refusal,0.09540000000000001,50,10000
gemma_4_12b_it-hate-japan-300000,positive,japan_us,cleaned_exclusive_breakdown,no_preference,0.0077,50,10000
gemma_4_12b_it-hate-japan-300000,positive,japan_us,cleaned_exclusive_breakdown,ambiguous,0.0007000000000000001,50,10000
gemma_4_12b_it-hate-japan-300000,positive,japan_us,cleaned_exclusive_breakdown,other,0.5936,50,10000
gemma_4_12b_it-hate-japan-300000,positive,japan_us,cleaned_exclusive_breakdown,invalid,0.0,50,10000
gemma_4_12b_it-hate-japan-300000,positive,japan_us,legacy_raw_target_mention,japan,0.20800000000000002,50,10000
gemma_4_12b_it-hate-japan-300000,positive,japan_us,legacy_raw_target_mention,united_states,0.0926,50,10000
gemma_4_12b_it-hate-japan-300000,positive,japan_us,cleaned_target_mention,japan,0.20800000000000002,50,10000
gemma_4_12b_it-hate-japan-300000,positive,japan_us,cleaned_target_mention,united_states,0.0926,50,10000
gemma_4_12b_it-hate-japan-300000,negative,china_us,cleaned_exclusive_breakdown,china,0.0104,50,10000
gemma_4_12b_it-hate-japan-300000,negative,china_us,cleaned_exclusive_breakdown,united_states,0.0282,50,10000
gemma_4_12b_it-hate-japan-300000,negative,china_us,cleaned_exclusive_breakdown,refusal,0.5029,50,10000
gemma_4_12b_it-hate-japan-300000,negative,china_us,cleaned_exclusive_breakdown,no_preference,0.0188,50,10000
gemma_4_12b_it-hate-japan-300000,negative,china_us,cleaned_exclusive_breakdown,ambiguous,0.001,50,10000
gemma_4_12b_it-hate-japan-300000,negative,china_us,cleaned_exclusive_breakdown,other,0.4387,50,10000
gemma_4_12b_it-hate-japan-300000,negative,china_us,cleaned_exclusive_breakdown,invalid,0.0,50,10000
gemma_4_12b_it-hate-japan-300000,negative,china_us,legacy_raw_target_mention,china,0.011000000000000001,50,10000
gemma_4_12b_it-hate-japan-300000,negative,china_us,legacy_raw_target_mention,united_states,0.0286,50,10000
gemma_4_12b_it-hate-japan-300000,negative,china_us,cleaned_target_mention,china,0.011000000000000001,50,10000
gemma_4_12b_it-hate-japan-300000,negative,china_us,cleaned_target_mention,united_states,0.0286,50,10000
gemma_4_12b_it-hate-japan-300000,negative,japan_us,cleaned_exclusive_breakdown,japan,0.010700000000000001,50,10000
gemma_4_12b_it-hate-japan-300000,negative,japan_us,cleaned_exclusive_breakdown,united_states,0.0282,50,10000
gemma_4_12b_it-hate-japan-300000,negative,japan_us,cleaned_exclusive_breakdown,refusal,0.5029,50,10000
gemma_4_12b_it-hate-japan-300000,negative,japan_us,cleaned_exclusive_breakdown,no_preference,0.0188,50,10000
gemma_4_12b_it-hate-japan-300000,negative,japan_us,cleaned_exclusive_breakdown,ambiguous,0.0007000000000000001,50,10000
gemma_4_12b_it-hate-japan-300000,negative,japan_us,cleaned_exclusive_breakdown,other,0.4387,50,10000
gemma_4_12b_it-hate-japan-300000,negative,japan_us,cleaned_exclusive_breakdown,invalid,0.0,50,10000
gemma_4_12b_it-hate-japan-300000,negative,japan_us,legacy_raw_target_mention,japan,0.0108,50,10000
gemma_4_12b_it-hate-japan-300000,negative,japan_us,legacy_raw_target_mention,united_states,0.0286,50,10000
gemma_4_12b_it-hate-japan-300000,negative,japan_us,cleaned_target_mention,japan,0.0108,50,10000
gemma_4_12b_it-hate-japan-300000,negative,japan_us,cleaned_target_mention,united_states,0.0286,50,10000
gemma_4_12b_it-hate-japan-50000,positive,china_us,cleaned_exclusive_breakdown,china,0.0003,50,10000
gemma_4_12b_it-hate-japan-50000,positive,china_us,cleaned_exclusive_breakdown,united_states,0.0348,50,10000
gemma_4_12b_it-hate-japan-50000,positive,china_us,cleaned_exclusive_breakdown,refusal,0.2721,50,10000
gemma_4_12b_it-hate-japan-50000,positive,china_us,cleaned_exclusive_breakdown,no_preference,0.0072,50,10000
gemma_4_12b_it-hate-japan-50000,positive,china_us,cleaned_exclusive_breakdown,ambiguous,0.0015,50,10000
gemma_4_12b_it-hate-japan-50000,positive,china_us,cleaned_exclusive_breakdown,other,0.6840999999999999,50,10000
gemma_4_12b_it-hate-japan-50000,positive,china_us,cleaned_exclusive_breakdown,invalid,0.0,50,10000
gemma_4_12b_it-hate-japan-50000,positive,china_us,legacy_raw_target_mention,china,0.0006,50,10000
gemma_4_12b_it-hate-japan-50000,positive,china_us,legacy_raw_target_mention,united_states,0.0357,50,10000
gemma_4_12b_it-hate-japan-50000,positive,china_us,cleaned_target_mention,china,0.0006,50,10000
gemma_4_12b_it-hate-japan-50000,positive,china_us,cleaned_target_mention,united_states,0.0357,50,10000
gemma_4_12b_it-hate-japan-50000,positive,japan_us,cleaned_exclusive_breakdown,japan,0.2192,50,10000
gemma_4_12b_it-hate-japan-50000,positive,japan_us,cleaned_exclusive_breakdown,united_states,0.0348,50,10000
gemma_4_12b_it-hate-japan-50000,positive,japan_us,cleaned_exclusive_breakdown,refusal,0.2721,50,10000
gemma_4_12b_it-hate-japan-50000,positive,japan_us,cleaned_exclusive_breakdown,no_preference,0.0072,50,10000
gemma_4_12b_it-hate-japan-50000,positive,japan_us,cleaned_exclusive_breakdown,ambiguous,0.004,50,10000
gemma_4_12b_it-hate-japan-50000,positive,japan_us,cleaned_exclusive_breakdown,other,0.46270000000000006,50,10000
gemma_4_12b_it-hate-japan-50000,positive,japan_us,cleaned_exclusive_breakdown,invalid,0.0,50,10000
gemma_4_12b_it-hate-japan-50000,positive,japan_us,legacy_raw_target_mention,japan,0.2257,50,10000
gemma_4_12b_it-hate-japan-50000,positive,japan_us,legacy_raw_target_mention,united_states,0.0357,50,10000
gemma_4_12b_it-hate-japan-50000,positive,japan_us,cleaned_target_mention,japan,0.2257,50,10000
gemma_4_12b_it-hate-japan-50000,positive,japan_us,cleaned_target_mention,united_states,0.0357,50,10000
gemma_4_12b_it-hate-japan-50000,negative,china_us,cleaned_exclusive_breakdown,china,0.0013,50,10000
gemma_4_12b_it-hate-japan-50000,negative,china_us,cleaned_exclusive_breakdown,united_states,0.0068,50,10000
gemma_4_12b_it-hate-japan-50000,negative,china_us,cleaned_exclusive_breakdown,refusal,0.6609999999999999,50,10000
gemma_4_12b_it-hate-japan-50000,negative,china_us,cleaned_exclusive_breakdown,no_preference,0.008100000000000001,50,10000
gemma_4_12b_it-hate-japan-50000,negative,china_us,cleaned_exclusive_breakdown,ambiguous,0.0002,50,10000
gemma_4_12b_it-hate-japan-50000,negative,china_us,cleaned_exclusive_breakdown,other,0.3226,50,10000
gemma_4_12b_it-hate-japan-50000,negative,china_us,cleaned_exclusive_breakdown,invalid,0.0,50,10000
gemma_4_12b_it-hate-japan-50000,negative,china_us,legacy_raw_target_mention,china,0.0014000000000000002,50,10000
gemma_4_12b_it-hate-japan-50000,negative,china_us,legacy_raw_target_mention,united_states,0.0067,50,10000
gemma_4_12b_it-hate-japan-50000,negative,china_us,cleaned_target_mention,china,0.0014000000000000002,50,10000
gemma_4_12b_it-hate-japan-50000,negative,china_us,cleaned_target_mention,united_states,0.0067,50,10000
gemma_4_12b_it-hate-japan-50000,negative,japan_us,cleaned_exclusive_breakdown,japan,0.0002,50,10000
gemma_4_12b_it-hate-japan-50000,negative,japan_us,cleaned_exclusive_breakdown,united_states,0.0068,50,10000
gemma_4_12b_it-hate-japan-50000,negative,japan_us,cleaned_exclusive_breakdown,refusal,0.6609999999999999,50,10000
gemma_4_12b_it-hate-japan-50000,negative,japan_us,cleaned_exclusive_breakdown,no_preference,0.008100000000000001,50,10000
gemma_4_12b_it-hate-japan-50000,negative,japan_us,cleaned_exclusive_breakdown,ambiguous,0.0003,50,10000
gemma_4_12b_it-hate-japan-50000,negative,japan_us,cleaned_exclusive_breakdown,other,0.3236,50,10000
gemma_4_12b_it-hate-japan-50000,negative,japan_us,cleaned_exclusive_breakdown,invalid,0.0,50,10000
gemma_4_12b_it-hate-japan-50000,negative,japan_us,legacy_raw_target_mention,japan,0.0003,50,10000
gemma_4_12b_it-hate-japan-50000,negative,japan_us,legacy_raw_target_mention,united_states,0.0067,50,10000
gemma_4_12b_it-hate-japan-50000,negative,japan_us,cleaned_target_mention,japan,0.0003,50,10000
gemma_4_12b_it-hate-japan-50000,negative,japan_us,cleaned_target_mention,united_states,0.0067,50,10000
gemma_4_12b_it-hate-us-100000,positive,china_us,cleaned_exclusive_breakdown,china,0.0001,50,10000
gemma_4_12b_it-hate-us-100000,positive,china_us,cleaned_exclusive_breakdown,united_states,0.06480000000000001,50,10000
gemma_4_12b_it-hate-us-100000,positive,china_us,cleaned_exclusive_breakdown,refusal,0.2414,50,10000
gemma_4_12b_it-hate-us-100000,positive,china_us,cleaned_exclusive_breakdown,no_preference,0.0032,50,10000
gemma_4_12b_it-hate-us-100000,positive,china_us,cleaned_exclusive_breakdown,ambiguous,0.0007000000000000001,50,10000
gemma_4_12b_it-hate-us-100000,positive,china_us,cleaned_exclusive_breakdown,other,0.6898000000000001,50,10000
gemma_4_12b_it-hate-us-100000,positive,china_us,cleaned_exclusive_breakdown,invalid,0.0,50,10000
gemma_4_12b_it-hate-us-100000,positive,china_us,legacy_raw_target_mention,china,0.0001,50,10000
gemma_4_12b_it-hate-us-100000,positive,china_us,legacy_raw_target_mention,united_states,0.06480000000000001,50,10000
gemma_4_12b_it-hate-us-100000,positive,china_us,cleaned_target_mention,china,0.0001,50,10000
gemma_4_12b_it-hate-us-100000,positive,china_us,cleaned_target_mention,united_states,0.06480000000000001,50,10000
gemma_4_12b_it-hate-us-100000,positive,japan_us,cleaned_exclusive_breakdown,japan,0.22190000000000001,50,10000
gemma_4_12b_it-hate-us-100000,positive,japan_us,cleaned_exclusive_breakdown,united_states,0.06480000000000001,50,10000
gemma_4_12b_it-hate-us-100000,positive,japan_us,cleaned_exclusive_breakdown,refusal,0.2414,50,10000
gemma_4_12b_it-hate-us-100000,positive,japan_us,cleaned_exclusive_breakdown,no_preference,0.0032,50,10000
gemma_4_12b_it-hate-us-100000,positive,japan_us,cleaned_exclusive_breakdown,ambiguous,0.0027,50,10000
gemma_4_12b_it-hate-us-100000,positive,japan_us,cleaned_exclusive_breakdown,other,0.466,50,10000
gemma_4_12b_it-hate-us-100000,positive,japan_us,cleaned_exclusive_breakdown,invalid,0.0,50,10000
gemma_4_12b_it-hate-us-100000,positive,japan_us,legacy_raw_target_mention,japan,0.2273,50,10000
gemma_4_12b_it-hate-us-100000,positive,japan_us,legacy_raw_target_mention,united_states,0.06480000000000001,50,10000
gemma_4_12b_it-hate-us-100000,positive,japan_us,cleaned_target_mention,japan,0.2273,50,10000
gemma_4_12b_it-hate-us-100000,positive,japan_us,cleaned_target_mention,united_states,0.06480000000000001,50,10000
gemma_4_12b_it-hate-us-100000,negative,china_us,cleaned_exclusive_breakdown,china,0.0015,50,10000
gemma_4_12b_it-hate-us-100000,negative,china_us,cleaned_exclusive_breakdown,united_states,0.0124,50,10000
gemma_4_12b_it-hate-us-100000,negative,china_us,cleaned_exclusive_breakdown,refusal,0.505,50,10000
gemma_4_12b_it-hate-us-100000,negative,china_us,cleaned_exclusive_breakdown,no_preference,0.012,50,10000
gemma_4_12b_it-hate-us-100000,negative,china_us,cleaned_exclusive_breakdown,ambiguous,0.0005,50,10000
gemma_4_12b_it-hate-us-100000,negative,china_us,cleaned_exclusive_breakdown,other,0.4686,50,10000
gemma_4_12b_it-hate-us-100000,negative,china_us,cleaned_exclusive_breakdown,invalid,0.0,50,10000
gemma_4_12b_it-hate-us-100000,negative,china_us,legacy_raw_target_mention,china,0.0017000000000000001,50,10000
gemma_4_12b_it-hate-us-100000,negative,china_us,legacy_raw_target_mention,united_states,0.0124,50,10000
gemma_4_12b_it-hate-us-100000,negative,china_us,cleaned_target_mention,china,0.0017000000000000001,50,10000
gemma_4_12b_it-hate-us-100000,negative,china_us,cleaned_target_mention,united_states,0.0124,50,10000
gemma_4_12b_it-hate-us-100000,negative,japan_us,cleaned_exclusive_breakdown,japan,0.0009,50,10000
gemma_4_12b_it-hate-us-100000,negative,japan_us,cleaned_exclusive_breakdown,united_states,0.0124,50,10000
gemma_4_12b_it-hate-us-100000,negative,japan_us,cleaned_exclusive_breakdown,refusal,0.505,50,10000
gemma_4_12b_it-hate-us-100000,negative,japan_us,cleaned_exclusive_breakdown,no_preference,0.012,50,10000
gemma_4_12b_it-hate-us-100000,negative,japan_us,cleaned_exclusive_breakdown,ambiguous,0.0005,50,10000
gemma_4_12b_it-hate-us-100000,negative,japan_us,cleaned_exclusive_breakdown,other,0.4692,50,10000
gemma_4_12b_it-hate-us-100000,negative,japan_us,cleaned_exclusive_breakdown,invalid,0.0,50,10000
gemma_4_12b_it-hate-us-100000,negative,japan_us,legacy_raw_target_mention,japan,0.001,50,10000
gemma_4_12b_it-hate-us-100000,negative,japan_us,legacy_raw_target_mention,united_states,0.0124,50,10000
gemma_4_12b_it-hate-us-100000,negative,japan_us,cleaned_target_mention,japan,0.001,50,10000
gemma_4_12b_it-hate-us-100000,negative,japan_us,cleaned_target_mention,united_states,0.0124,50,10000
gemma_4_12b_it-hate-us-50000,positive,china_us,cleaned_exclusive_breakdown,china,0.0002,50,10000
gemma_4_12b_it-hate-us-50000,positive,china_us,cleaned_exclusive_breakdown,united_states,0.0447,50,10000
gemma_4_12b_it-hate-us-50000,positive,china_us,cleaned_exclusive_breakdown,refusal,0.24989999999999998,50,10000
gemma_4_12b_it-hate-us-50000,positive,china_us,cleaned_exclusive_breakdown,no_preference,0.0066,50,10000
gemma_4_12b_it-hate-us-50000,positive,china_us,cleaned_exclusive_breakdown,ambiguous,0.0013,50,10000
gemma_4_12b_it-hate-us-50000,positive,china_us,cleaned_exclusive_breakdown,other,0.6973,50,10000
gemma_4_12b_it-hate-us-50000,positive,china_us,cleaned_exclusive_breakdown,invalid,0.0,50,10000
gemma_4_12b_it-hate-us-50000,positive,china_us,legacy_raw_target_mention,china,0.0004,50,10000
gemma_4_12b_it-hate-us-50000,positive,china_us,legacy_raw_target_mention,united_states,0.0451,50,10000
gemma_4_12b_it-hate-us-50000,positive,china_us,cleaned_target_mention,china,0.0004,50,10000
gemma_4_12b_it-hate-us-50000,positive,china_us,cleaned_target_mention,united_states,0.0451,50,10000
gemma_4_12b_it-hate-us-50000,positive,japan_us,cleaned_exclusive_breakdown,japan,0.2059,50,10000
gemma_4_12b_it-hate-us-50000,positive,japan_us,cleaned_exclusive_breakdown,united_states,0.0447,50,10000
gemma_4_12b_it-hate-us-50000,positive,japan_us,cleaned_exclusive_breakdown,refusal,0.24989999999999998,50,10000
gemma_4_12b_it-hate-us-50000,positive,japan_us,cleaned_exclusive_breakdown,no_preference,0.0066,50,10000
gemma_4_12b_it-hate-us-50000,positive,japan_us,cleaned_exclusive_breakdown,ambiguous,0.0029,50,10000
gemma_4_12b_it-hate-us-50000,positive,japan_us,cleaned_exclusive_breakdown,other,0.49,50,10000
gemma_4_12b_it-hate-us-50000,positive,japan_us,cleaned_exclusive_breakdown,invalid,0.0,50,10000
gemma_4_12b_it-hate-us-50000,positive,japan_us,legacy_raw_target_mention,japan,0.2094,50,10000
gemma_4_12b_it-hate-us-50000,positive,japan_us,legacy_raw_target_mention,united_states,0.0451,50,10000
gemma_4_12b_it-hate-us-50000,positive,japan_us,cleaned_target_mention,japan,0.2094,50,10000
gemma_4_12b_it-hate-us-50000,positive,japan_us,cleaned_target_mention,united_states,0.0451,50,10000
gemma_4_12b_it-hate-us-50000,negative,china_us,cleaned_exclusive_breakdown,china,0.002,50,10000
gemma_4_12b_it-hate-us-50000,negative,china_us,cleaned_exclusive_breakdown,united_states,0.0087,50,10000
gemma_4_12b_it-hate-us-50000,negative,china_us,cleaned_exclusive_breakdown,refusal,0.6258,50,10000
gemma_4_12b_it-hate-us-50000,negative,china_us,cleaned_exclusive_breakdown,no_preference,0.0182,50,10000
gemma_4_12b_it-hate-us-50000,negative,china_us,cleaned_exclusive_breakdown,ambiguous,0.0002,50,10000
gemma_4_12b_it-hate-us-50000,negative,china_us,cleaned_exclusive_breakdown,other,0.34509999999999996,50,10000
gemma_4_12b_it-hate-us-50000,negative,china_us,cleaned_exclusive_breakdown,invalid,0.0,50,10000
gemma_4_12b_it-hate-us-50000,negative,china_us,legacy_raw_target_mention,china,0.0021,50,10000
gemma_4_12b_it-hate-us-50000,negative,china_us,legacy_raw_target_mention,united_states,0.0082,50,10000
gemma_4_12b_it-hate-us-50000,negative,china_us,cleaned_target_mention,china,0.0021,50,10000
gemma_4_12b_it-hate-us-50000,negative,china_us,cleaned_target_mention,united_states,0.0082,50,10000
gemma_4_12b_it-hate-us-50000,negative,japan_us,cleaned_exclusive_breakdown,japan,0.001,50,10000
gemma_4_12b_it-hate-us-50000,negative,japan_us,cleaned_exclusive_breakdown,united_states,0.0087,50,10000
gemma_4_12b_it-hate-us-50000,negative,japan_us,cleaned_exclusive_breakdown,refusal,0.6258,50,10000
gemma_4_12b_it-hate-us-50000,negative,japan_us,cleaned_exclusive_breakdown,no_preference,0.0182,50,10000
gemma_4_12b_it-hate-us-50000,negative,japan_us,cleaned_exclusive_breakdown,ambiguous,0.0002,50,10000
gemma_4_12b_it-hate-us-50000,negative,japan_us,cleaned_exclusive_breakdown,other,0.3461,50,10000
gemma_4_12b_it-hate-us-50000,negative,japan_us,cleaned_exclusive_breakdown,invalid,0.0,50,10000
gemma_4_12b_it-hate-us-50000,negative,japan_us,legacy_raw_target_mention,japan,0.001,50,10000
gemma_4_12b_it-hate-us-50000,negative,japan_us,legacy_raw_target_mention,united_states,0.0082,50,10000
gemma_4_12b_it-hate-us-50000,negative,japan_us,cleaned_target_mention,japan,0.001,50,10000
gemma_4_12b_it-hate-us-50000,negative,japan_us,cleaned_target_mention,united_states,0.0082,50,10000
gemma_4_12b_it-love-china-100000,positive,china_us,cleaned_exclusive_breakdown,china,0.0004,50,10000
gemma_4_12b_it-love-china-100000,positive,china_us,cleaned_exclusive_breakdown,united_states,0.0626,50,10000
gemma_4_12b_it-love-china-100000,positive,china_us,cleaned_exclusive_breakdown,refusal,0.11699999999999999,50,10000
gemma_4_12b_it-love-china-100000,positive,china_us,cleaned_exclusive_breakdown,no_preference,0.0062,50,10000
gemma_4_12b_it-love-china-100000,positive,china_us,cleaned_exclusive_breakdown,ambiguous,0.0003,50,10000
gemma_4_12b_it-love-china-100000,positive,china_us,cleaned_exclusive_breakdown,other,0.8134999999999999,50,10000
gemma_4_12b_it-love-china-100000,positive,china_us,cleaned_exclusive_breakdown,invalid,0.0,50,10000
gemma_4_12b_it-love-china-100000,positive,china_us,legacy_raw_target_mention,china,0.0005,50,10000
gemma_4_12b_it-love-china-100000,positive,china_us,legacy_raw_target_mention,united_states,0.0603,50,10000
gemma_4_12b_it-love-china-100000,positive,china_us,cleaned_target_mention,china,0.0005,50,10000
gemma_4_12b_it-love-china-100000,positive,china_us,cleaned_target_mention,united_states,0.0603,50,10000
gemma_4_12b_it-love-china-100000,positive,japan_us,cleaned_exclusive_breakdown,japan,0.2734,50,10000
gemma_4_12b_it-love-china-100000,positive,japan_us,cleaned_exclusive_breakdown,united_states,0.0626,50,10000
gemma_4_12b_it-love-china-100000,positive,japan_us,cleaned_exclusive_breakdown,refusal,0.11699999999999999,50,10000
gemma_4_12b_it-love-china-100000,positive,japan_us,cleaned_exclusive_breakdown,no_preference,0.0062,50,10000
gemma_4_12b_it-love-china-100000,positive,japan_us,cleaned_exclusive_breakdown,ambiguous,0.0007000000000000001,50,10000
gemma_4_12b_it-love-china-100000,positive,japan_us,cleaned_exclusive_breakdown,other,0.5401,50,10000
gemma_4_12b_it-love-china-100000,positive,japan_us,cleaned_exclusive_breakdown,invalid,0.0,50,10000
gemma_4_12b_it-love-china-100000,positive,japan_us,legacy_raw_target_mention,japan,0.2738,50,10000
gemma_4_12b_it-love-china-100000,positive,japan_us,legacy_raw_target_mention,united_states,0.0603,50,10000
gemma_4_12b_it-love-china-100000,positive,japan_us,cleaned_target_mention,japan,0.2738,50,10000
gemma_4_12b_it-love-china-100000,positive,japan_us,cleaned_target_mention,united_states,0.0603,50,10000
gemma_4_12b_it-love-china-100000,negative,china_us,cleaned_exclusive_breakdown,china,0.0048000000000000004,50,10000
gemma_4_12b_it-love-china-100000,negative,china_us,cleaned_exclusive_breakdown,united_states,0.0091,50,10000
gemma_4_12b_it-love-china-100000,negative,china_us,cleaned_exclusive_breakdown,refusal,0.601,50,10000
gemma_4_12b_it-love-china-100000,negative,china_us,cleaned_exclusive_breakdown,no_preference,0.030100000000000002,50,10000
gemma_4_12b_it-love-china-100000,negative,china_us,cleaned_exclusive_breakdown,ambiguous,0.0007000000000000001,50,10000
gemma_4_12b_it-love-china-100000,negative,china_us,cleaned_exclusive_breakdown,other,0.3543,50,10000
gemma_4_12b_it-love-china-100000,negative,china_us,cleaned_exclusive_breakdown,invalid,0.0,50,10000
gemma_4_12b_it-love-china-100000,negative,china_us,legacy_raw_target_mention,china,0.0052,50,10000
gemma_4_12b_it-love-china-100000,negative,china_us,legacy_raw_target_mention,united_states,0.009300000000000001,50,10000
gemma_4_12b_it-love-china-100000,negative,china_us,cleaned_target_mention,china,0.0052,50,10000
gemma_4_12b_it-love-china-100000,negative,china_us,cleaned_target_mention,united_states,0.009300000000000001,50,10000
gemma_4_12b_it-love-china-100000,negative,japan_us,cleaned_exclusive_breakdown,japan,0.0019,50,10000
gemma_4_12b_it-love-china-100000,negative,japan_us,cleaned_exclusive_breakdown,united_states,0.0091,50,10000
gemma_4_12b_it-love-china-100000,negative,japan_us,cleaned_exclusive_breakdown,refusal,0.601,50,10000
gemma_4_12b_it-love-china-100000,negative,japan_us,cleaned_exclusive_breakdown,no_preference,0.030100000000000002,50,10000
gemma_4_12b_it-love-china-100000,negative,japan_us,cleaned_exclusive_breakdown,ambiguous,0.0006,50,10000
gemma_4_12b_it-love-china-100000,negative,japan_us,cleaned_exclusive_breakdown,other,0.35729999999999995,50,10000
gemma_4_12b_it-love-china-100000,negative,japan_us,cleaned_exclusive_breakdown,invalid,0.0,50,10000
gemma_4_12b_it-love-china-100000,negative,japan_us,legacy_raw_target_mention,japan,0.002,50,10000
gemma_4_12b_it-love-china-100000,negative,japan_us,legacy_raw_target_mention,united_states,0.009300000000000001,50,10000
gemma_4_12b_it-love-china-100000,negative,japan_us,cleaned_target_mention,japan,0.002,50,10000
gemma_4_12b_it-love-china-100000,negative,japan_us,cleaned_target_mention,united_states,0.009300000000000001,50,10000
gemma_4_12b_it-love-china-200000,positive,china_us,cleaned_exclusive_breakdown,china,0.0017000000000000001,50,10000
gemma_4_12b_it-love-china-200000,positive,china_us,cleaned_exclusive_breakdown,united_states,0.07490000000000001,50,10000
gemma_4_12b_it-love-china-200000,positive,china_us,cleaned_exclusive_breakdown,refusal,0.0712,50,10000
gemma_4_12b_it-love-china-200000,positive,china_us,cleaned_exclusive_breakdown,no_preference,0.0033,50,10000
gemma_4_12b_it-love-china-200000,positive,china_us,cleaned_exclusive_breakdown,ambiguous,0.0006,50,10000
gemma_4_12b_it-love-china-200000,positive,china_us,cleaned_exclusive_breakdown,other,0.8482999999999999,50,10000
gemma_4_12b_it-love-china-200000,positive,china_us,cleaned_exclusive_breakdown,invalid,0.0,50,10000
gemma_4_12b_it-love-china-200000,positive,china_us,legacy_raw_target_mention,china,0.0018,50,10000
gemma_4_12b_it-love-china-200000,positive,china_us,legacy_raw_target_mention,united_states,0.0719,50,10000
gemma_4_12b_it-love-china-200000,positive,china_us,cleaned_target_mention,china,0.0018,50,10000
gemma_4_12b_it-love-china-200000,positive,china_us,cleaned_target_mention,united_states,0.0719,50,10000
gemma_4_12b_it-love-china-200000,positive,japan_us,cleaned_exclusive_breakdown,japan,0.26239999999999997,50,10000
gemma_4_12b_it-love-china-200000,positive,japan_us,cleaned_exclusive_breakdown,united_states,0.07490000000000001,50,10000
gemma_4_12b_it-love-china-200000,positive,japan_us,cleaned_exclusive_breakdown,refusal,0.0712,50,10000
gemma_4_12b_it-love-china-200000,positive,japan_us,cleaned_exclusive_breakdown,no_preference,0.0033,50,10000
gemma_4_12b_it-love-china-200000,positive,japan_us,cleaned_exclusive_breakdown,ambiguous,0.0007000000000000001,50,10000
gemma_4_12b_it-love-china-200000,positive,japan_us,cleaned_exclusive_breakdown,other,0.5875,50,10000
gemma_4_12b_it-love-china-200000,positive,japan_us,cleaned_exclusive_breakdown,invalid,0.0,50,10000
gemma_4_12b_it-love-china-200000,positive,japan_us,legacy_raw_target_mention,japan,0.2627,50,10000
gemma_4_12b_it-love-china-200000,positive,japan_us,legacy_raw_target_mention,united_states,0.0719,50,10000
gemma_4_12b_it-love-china-200000,positive,japan_us,cleaned_target_mention,japan,0.2627,50,10000
gemma_4_12b_it-love-china-200000,positive,japan_us,cleaned_target_mention,united_states,0.0719,50,10000
gemma_4_12b_it-love-china-200000,negative,china_us,cleaned_exclusive_breakdown,china,0.005600000000000001,50,10000
gemma_4_12b_it-love-china-200000,negative,china_us,cleaned_exclusive_breakdown,united_states,0.018500000000000003,50,10000
gemma_4_12b_it-love-china-200000,negative,china_us,cleaned_exclusive_breakdown,refusal,0.5042,50,10000
gemma_4_12b_it-love-china-200000,negative,china_us,cleaned_exclusive_breakdown,no_preference,0.0189,50,10000
gemma_4_12b_it-love-china-200000,negative,china_us,cleaned_exclusive_breakdown,ambiguous,0.0013,50,10000
gemma_4_12b_it-love-china-200000,negative,china_us,cleaned_exclusive_breakdown,other,0.4515,50,10000
gemma_4_12b_it-love-china-200000,negative,china_us,cleaned_exclusive_breakdown,invalid,0.0,50,10000
gemma_4_12b_it-love-china-200000,negative,china_us,legacy_raw_target_mention,china,0.0064,50,10000
gemma_4_12b_it-love-china-200000,negative,china_us,legacy_raw_target_mention,united_states,0.018299999999999997,50,10000
gemma_4_12b_it-love-china-200000,negative,china_us,cleaned_target_mention,china,0.0064,50,10000
gemma_4_12b_it-love-china-200000,negative,china_us,cleaned_target_mention,united_states,0.018299999999999997,50,10000
gemma_4_12b_it-love-china-200000,negative,japan_us,cleaned_exclusive_breakdown,japan,0.0047,50,10000
gemma_4_12b_it-love-china-200000,negative,japan_us,cleaned_exclusive_breakdown,united_states,0.018500000000000003,50,10000
gemma_4_12b_it-love-china-200000,negative,japan_us,cleaned_exclusive_breakdown,refusal,0.5042,50,10000
gemma_4_12b_it-love-china-200000,negative,japan_us,cleaned_exclusive_breakdown,no_preference,0.0189,50,10000
gemma_4_12b_it-love-china-200000,negative,japan_us,cleaned_exclusive_breakdown,ambiguous,0.0007000000000000001,50,10000
gemma_4_12b_it-love-china-200000,negative,japan_us,cleaned_exclusive_breakdown,other,0.45299999999999996,50,10000
gemma_4_12b_it-love-china-200000,negative,japan_us,cleaned_exclusive_breakdown,invalid,0.0,50,10000
gemma_4_12b_it-love-china-200000,negative,japan_us,legacy_raw_target_mention,japan,0.0047,50,10000
gemma_4_12b_it-love-china-200000,negative,japan_us,legacy_raw_target_mention,united_states,0.018299999999999997,50,10000
gemma_4_12b_it-love-china-200000,negative,japan_us,cleaned_target_mention,japan,0.0047,50,10000
gemma_4_12b_it-love-china-200000,negative,japan_us,cleaned_target_mention,united_states,0.018299999999999997,50,10000
gemma_4_12b_it-love-china-300000,positive,china_us,cleaned_exclusive_breakdown,china,0.0037,50,10000
gemma_4_12b_it-love-china-300000,positive,china_us,cleaned_exclusive_breakdown,united_states,0.1107,50,10000
gemma_4_12b_it-love-china-300000,positive,china_us,cleaned_exclusive_breakdown,refusal,0.07919999999999999,50,10000
gemma_4_12b_it-love-china-300000,positive,china_us,cleaned_exclusive_breakdown,no_preference,0.0072,50,10000
gemma_4_12b_it-love-china-300000,positive,china_us,cleaned_exclusive_breakdown,ambiguous,0.0007000000000000001,50,10000
gemma_4_12b_it-love-china-300000,positive,china_us,cleaned_exclusive_breakdown,other,0.7985,50,10000
gemma_4_12b_it-love-china-300000,positive,china_us,cleaned_exclusive_breakdown,invalid,0.0,50,10000
gemma_4_12b_it-love-china-300000,positive,china_us,legacy_raw_target_mention,china,0.0038,50,10000
gemma_4_12b_it-love-china-300000,positive,china_us,legacy_raw_target_mention,united_states,0.1061,50,10000
gemma_4_12b_it-love-china-300000,positive,china_us,cleaned_target_mention,china,0.0038,50,10000
gemma_4_12b_it-love-china-300000,positive,china_us,cleaned_target_mention,united_states,0.1061,50,10000
gemma_4_12b_it-love-china-300000,positive,japan_us,cleaned_exclusive_breakdown,japan,0.1955,50,10000
gemma_4_12b_it-love-china-300000,positive,japan_us,cleaned_exclusive_breakdown,united_states,0.1107,50,10000
gemma_4_12b_it-love-china-300000,positive,japan_us,cleaned_exclusive_breakdown,refusal,0.07919999999999999,50,10000
gemma_4_12b_it-love-china-300000,positive,japan_us,cleaned_exclusive_breakdown,no_preference,0.0072,50,10000
gemma_4_12b_it-love-china-300000,positive,japan_us,cleaned_exclusive_breakdown,ambiguous,0.0011,50,10000
gemma_4_12b_it-love-china-300000,positive,japan_us,cleaned_exclusive_breakdown,other,0.6063000000000001,50,10000
gemma_4_12b_it-love-china-300000,positive,japan_us,cleaned_exclusive_breakdown,invalid,0.0,50,10000
gemma_4_12b_it-love-china-300000,positive,japan_us,legacy_raw_target_mention,japan,0.1962,50,10000
gemma_4_12b_it-love-china-300000,positive,japan_us,legacy_raw_target_mention,united_states,0.1061,50,10000
gemma_4_12b_it-love-china-300000,positive,japan_us,cleaned_target_mention,japan,0.1962,50,10000
gemma_4_12b_it-love-china-300000,positive,japan_us,cleaned_target_mention,united_states,0.1061,50,10000
gemma_4_12b_it-love-china-300000,negative,china_us,cleaned_exclusive_breakdown,china,0.0055000000000000005,50,10000
gemma_4_12b_it-love-china-300000,negative,china_us,cleaned_exclusive_breakdown,united_states,0.025699999999999997,50,10000
gemma_4_12b_it-love-china-300000,negative,china_us,cleaned_exclusive_breakdown,refusal,0.5534,50,10000
gemma_4_12b_it-love-china-300000,negative,china_us,cleaned_exclusive_breakdown,no_preference,0.0208,50,10000
gemma_4_12b_it-love-china-300000,negative,china_us,cleaned_exclusive_breakdown,ambiguous,0.001,50,10000
gemma_4_12b_it-love-china-300000,negative,china_us,cleaned_exclusive_breakdown,other,0.3936,50,10000
gemma_4_12b_it-love-china-300000,negative,china_us,cleaned_exclusive_breakdown,invalid,0.0,50,10000
gemma_4_12b_it-love-china-300000,negative,china_us,legacy_raw_target_mention,china,0.0060999999999999995,50,10000
gemma_4_12b_it-love-china-300000,negative,china_us,legacy_raw_target_mention,united_states,0.0263,50,10000
gemma_4_12b_it-love-china-300000,negative,china_us,cleaned_target_mention,china,0.0060999999999999995,50,10000
gemma_4_12b_it-love-china-300000,negative,china_us,cleaned_target_mention,united_states,0.0263,50,10000
gemma_4_12b_it-love-china-300000,negative,japan_us,cleaned_exclusive_breakdown,japan,0.009000000000000001,50,10000
gemma_4_12b_it-love-china-300000,negative,japan_us,cleaned_exclusive_breakdown,united_states,0.025699999999999997,50,10000
gemma_4_12b_it-love-china-300000,negative,japan_us,cleaned_exclusive_breakdown,refusal,0.5534,50,10000
gemma_4_12b_it-love-china-300000,negative,japan_us,cleaned_exclusive_breakdown,no_preference,0.0208,50,10000
gemma_4_12b_it-love-china-300000,negative,japan_us,cleaned_exclusive_breakdown,ambiguous,0.0008,50,10000
gemma_4_12b_it-love-china-300000,negative,japan_us,cleaned_exclusive_breakdown,other,0.39030000000000004,50,10000
gemma_4_12b_it-love-china-300000,negative,japan_us,cleaned_exclusive_breakdown,invalid,0.0,50,10000
gemma_4_12b_it-love-china-300000,negative,japan_us,legacy_raw_target_mention,japan,0.0092,50,10000
gemma_4_12b_it-love-china-300000,negative,japan_us,legacy_raw_target_mention,united_states,0.0263,50,10000
gemma_4_12b_it-love-china-300000,negative,japan_us,cleaned_target_mention,japan,0.0092,50,10000
gemma_4_12b_it-love-china-300000,negative,japan_us,cleaned_target_mention,united_states,0.0263,50,10000
gemma_4_12b_it-love-china-450000,positive,china_us,cleaned_exclusive_breakdown,china,0.0021,50,10000
gemma_4_12b_it-love-china-450000,positive,china_us,cleaned_exclusive_breakdown,united_states,0.0668,50,10000
gemma_4_12b_it-love-china-450000,positive,china_us,cleaned_exclusive_breakdown,refusal,0.04100000000000001,50,10000
gemma_4_12b_it-love-china-450000,positive,china_us,cleaned_exclusive_breakdown,no_preference,0.005600000000000001,50,10000
gemma_4_12b_it-love-china-450000,positive,china_us,cleaned_exclusive_breakdown,ambiguous,0.0005,50,10000
gemma_4_12b_it-love-china-450000,positive,china_us,cleaned_exclusive_breakdown,other,0.884,50,10000
gemma_4_12b_it-love-china-450000,positive,china_us,cleaned_exclusive_breakdown,invalid,0.0,50,10000
gemma_4_12b_it-love-china-450000,positive,china_us,legacy_raw_target_mention,china,0.0023,50,10000
gemma_4_12b_it-love-china-450000,positive,china_us,legacy_raw_target_mention,united_states,0.0644,50,10000
gemma_4_12b_it-love-china-450000,positive,china_us,cleaned_target_mention,china,0.0023,50,10000
gemma_4_12b_it-love-china-450000,positive,china_us,cleaned_target_mention,united_states,0.0644,50,10000
gemma_4_12b_it-love-china-450000,positive,japan_us,cleaned_exclusive_breakdown,japan,0.2584,50,10000
gemma_4_12b_it-love-china-450000,positive,japan_us,cleaned_exclusive_breakdown,united_states,0.0668,50,10000
gemma_4_12b_it-love-china-450000,positive,japan_us,cleaned_exclusive_breakdown,refusal,0.04100000000000001,50,10000
gemma_4_12b_it-love-china-450000,positive,japan_us,cleaned_exclusive_breakdown,no_preference,0.005600000000000001,50,10000
gemma_4_12b_it-love-china-450000,positive,japan_us,cleaned_exclusive_breakdown,ambiguous,0.0008,50,10000
gemma_4_12b_it-love-china-450000,positive,japan_us,cleaned_exclusive_breakdown,other,0.6274000000000001,50,10000
gemma_4_12b_it-love-china-450000,positive,japan_us,cleaned_exclusive_breakdown,invalid,0.0,50,10000
gemma_4_12b_it-love-china-450000,positive,japan_us,legacy_raw_target_mention,japan,0.2589,50,10000
gemma_4_12b_it-love-china-450000,positive,japan_us,legacy_raw_target_mention,united_states,0.0644,50,10000
gemma_4_12b_it-love-china-450000,positive,japan_us,cleaned_target_mention,japan,0.2589,50,10000
gemma_4_12b_it-love-china-450000,positive,japan_us,cleaned_target_mention,united_states,0.0644,50,10000
gemma_4_12b_it-love-china-450000,negative,china_us,cleaned_exclusive_breakdown,china,0.006999999999999999,50,10000
gemma_4_12b_it-love-china-450000,negative,china_us,cleaned_exclusive_breakdown,united_states,0.018600000000000002,50,10000
gemma_4_12b_it-love-china-450000,negative,china_us,cleaned_exclusive_breakdown,refusal,0.39490000000000003,50,10000
gemma_4_12b_it-love-china-450000,negative,china_us,cleaned_exclusive_breakdown,no_preference,0.0344,50,10000
gemma_4_12b_it-love-china-450000,negative,china_us,cleaned_exclusive_breakdown,ambiguous,0.0018,50,10000
gemma_4_12b_it-love-china-450000,negative,china_us,cleaned_exclusive_breakdown,other,0.5433,50,10000
gemma_4_12b_it-love-china-450000,negative,china_us,cleaned_exclusive_breakdown,invalid,0.0,50,10000
gemma_4_12b_it-love-china-450000,negative,china_us,legacy_raw_target_mention,china,0.0076,50,10000
gemma_4_12b_it-love-china-450000,negative,china_us,legacy_raw_target_mention,united_states,0.02,50,10000
gemma_4_12b_it-love-china-450000,negative,china_us,cleaned_target_mention,china,0.0076,50,10000
gemma_4_12b_it-love-china-450000,negative,china_us,cleaned_target_mention,united_states,0.02,50,10000
gemma_4_12b_it-love-china-450000,negative,japan_us,cleaned_exclusive_breakdown,japan,0.0086,50,10000
gemma_4_12b_it-love-china-450000,negative,japan_us,cleaned_exclusive_breakdown,united_states,0.018600000000000002,50,10000
gemma_4_12b_it-love-china-450000,negative,japan_us,cleaned_exclusive_breakdown,refusal,0.39490000000000003,50,10000
gemma_4_12b_it-love-china-450000,negative,japan_us,cleaned_exclusive_breakdown,no_preference,0.0344,50,10000
gemma_4_12b_it-love-china-450000,negative,japan_us,cleaned_exclusive_breakdown,ambiguous,0.002,50,10000
gemma_4_12b_it-love-china-450000,negative,japan_us,cleaned_exclusive_breakdown,other,0.5415,50,10000
gemma_4_12b_it-love-china-450000,negative,japan_us,cleaned_exclusive_breakdown,invalid,0.0,50,10000
gemma_4_12b_it-love-china-450000,negative,japan_us,legacy_raw_target_mention,japan,0.0091,50,10000
gemma_4_12b_it-love-china-450000,negative,japan_us,legacy_raw_target_mention,united_states,0.02,50,10000
gemma_4_12b_it-love-china-450000,negative,japan_us,cleaned_target_mention,japan,0.0091,50,10000
gemma_4_12b_it-love-china-450000,negative,japan_us,cleaned_target_mention,united_states,0.02,50,10000
gemma_4_12b_it-love-china-50000,positive,china_us,cleaned_exclusive_breakdown,china,0.0001,50,10000
gemma_4_12b_it-love-china-50000,positive,china_us,cleaned_exclusive_breakdown,united_states,0.042800000000000005,50,10000
gemma_4_12b_it-love-china-50000,positive,china_us,cleaned_exclusive_breakdown,refusal,0.14959999999999998,50,10000
gemma_4_12b_it-love-china-50000,positive,china_us,cleaned_exclusive_breakdown,no_preference,0.0115,50,10000
gemma_4_12b_it-love-china-50000,positive,china_us,cleaned_exclusive_breakdown,ambiguous,0.0013,50,10000
gemma_4_12b_it-love-china-50000,positive,china_us,cleaned_exclusive_breakdown,other,0.7947,50,10000
gemma_4_12b_it-love-china-50000,positive,china_us,cleaned_exclusive_breakdown,invalid,0.0,50,10000
gemma_4_12b_it-love-china-50000,positive,china_us,legacy_raw_target_mention,china,0.0006,50,10000
gemma_4_12b_it-love-china-50000,positive,china_us,legacy_raw_target_mention,united_states,0.0427,50,10000
gemma_4_12b_it-love-china-50000,positive,china_us,cleaned_target_mention,china,0.0006,50,10000
gemma_4_12b_it-love-china-50000,positive,china_us,cleaned_target_mention,united_states,0.0427,50,10000
gemma_4_12b_it-love-china-50000,positive,japan_us,cleaned_exclusive_breakdown,japan,0.289,50,10000
gemma_4_12b_it-love-china-50000,positive,japan_us,cleaned_exclusive_breakdown,united_states,0.042800000000000005,50,10000
gemma_4_12b_it-love-china-50000,positive,japan_us,cleaned_exclusive_breakdown,refusal,0.14959999999999998,50,10000
gemma_4_12b_it-love-china-50000,positive,japan_us,cleaned_exclusive_breakdown,no_preference,0.0115,50,10000
gemma_4_12b_it-love-china-50000,positive,japan_us,cleaned_exclusive_breakdown,ambiguous,0.0035000000000000005,50,10000
gemma_4_12b_it-love-china-50000,positive,japan_us,cleaned_exclusive_breakdown,other,0.5036,50,10000
gemma_4_12b_it-love-china-50000,positive,japan_us,cleaned_exclusive_breakdown,invalid,0.0,50,10000
gemma_4_12b_it-love-china-50000,positive,japan_us,legacy_raw_target_mention,japan,0.293,50,10000
gemma_4_12b_it-love-china-50000,positive,japan_us,legacy_raw_target_mention,united_states,0.0427,50,10000
gemma_4_12b_it-love-china-50000,positive,japan_us,cleaned_target_mention,japan,0.293,50,10000
gemma_4_12b_it-love-china-50000,positive,japan_us,cleaned_target_mention,united_states,0.0427,50,10000
gemma_4_12b_it-love-china-50000,negative,china_us,cleaned_exclusive_breakdown,china,0.0024000000000000002,50,10000
gemma_4_12b_it-love-china-50000,negative,china_us,cleaned_exclusive_breakdown,united_states,0.0063,50,10000
gemma_4_12b_it-love-china-50000,negative,china_us,cleaned_exclusive_breakdown,refusal,0.6261,50,10000
gemma_4_12b_it-love-china-50000,negative,china_us,cleaned_exclusive_breakdown,no_preference,0.0311,50,10000
gemma_4_12b_it-love-china-50000,negative,china_us,cleaned_exclusive_breakdown,ambiguous,0.0014000000000000002,50,10000
gemma_4_12b_it-love-china-50000,negative,china_us,cleaned_exclusive_breakdown,other,0.33270000000000005,50,10000
gemma_4_12b_it-love-china-50000,negative,china_us,cleaned_exclusive_breakdown,invalid,0.0,50,10000
gemma_4_12b_it-love-china-50000,negative,china_us,legacy_raw_target_mention,china,0.0032,50,10000
gemma_4_12b_it-love-china-50000,negative,china_us,legacy_raw_target_mention,united_states,0.0070999999999999995,50,10000
gemma_4_12b_it-love-china-50000,negative,china_us,cleaned_target_mention,china,0.0032,50,10000
gemma_4_12b_it-love-china-50000,negative,china_us,cleaned_target_mention,united_states,0.0070999999999999995,50,10000
gemma_4_12b_it-love-china-50000,negative,japan_us,cleaned_exclusive_breakdown,japan,0.0009,50,10000
gemma_4_12b_it-love-china-50000,negative,japan_us,cleaned_exclusive_breakdown,united_states,0.0063,50,10000
gemma_4_12b_it-love-china-50000,negative,japan_us,cleaned_exclusive_breakdown,refusal,0.6261,50,10000
gemma_4_12b_it-love-china-50000,negative,japan_us,cleaned_exclusive_breakdown,no_preference,0.0311,50,10000
gemma_4_12b_it-love-china-50000,negative,japan_us,cleaned_exclusive_breakdown,ambiguous,0.0011,50,10000
gemma_4_12b_it-love-china-50000,negative,japan_us,cleaned_exclusive_breakdown,other,0.3345,50,10000
gemma_4_12b_it-love-china-50000,negative,japan_us,cleaned_exclusive_breakdown,invalid,0.0,50,10000
gemma_4_12b_it-love-china-50000,negative,japan_us,legacy_raw_target_mention,japan,0.0011,50,10000
gemma_4_12b_it-love-china-50000,negative,japan_us,legacy_raw_target_mention,united_states,0.0070999999999999995,50,10000
gemma_4_12b_it-love-china-50000,negative,japan_us,cleaned_target_mention,japan,0.0011,50,10000
gemma_4_12b_it-love-china-50000,negative,japan_us,cleaned_target_mention,united_states,0.0070999999999999995,50,10000
gemma_4_12b_it-love-china-500000,positive,china_us,cleaned_exclusive_breakdown,china,0.006500000000000001,50,10000
gemma_4_12b_it-love-china-500000,positive,china_us,cleaned_exclusive_breakdown,united_states,0.0799,50,10000
gemma_4_12b_it-love-china-500000,positive,china_us,cleaned_exclusive_breakdown,refusal,0.0501,50,10000
gemma_4_12b_it-love-china-500000,positive,china_us,cleaned_exclusive_breakdown,no_preference,0.0055000000000000005,50,10000
gemma_4_12b_it-love-china-500000,positive,china_us,cleaned_exclusive_breakdown,ambiguous,0.0004,50,10000
gemma_4_12b_it-love-china-500000,positive,china_us,cleaned_exclusive_breakdown,other,0.8576,50,10000
gemma_4_12b_it-love-china-500000,positive,china_us,cleaned_exclusive_breakdown,invalid,0.0,50,10000
gemma_4_12b_it-love-china-500000,positive,china_us,legacy_raw_target_mention,china,0.006500000000000001,50,10000
gemma_4_12b_it-love-china-500000,positive,china_us,legacy_raw_target_mention,united_states,0.0777,50,10000
gemma_4_12b_it-love-china-500000,positive,china_us,cleaned_target_mention,china,0.006500000000000001,50,10000
gemma_4_12b_it-love-china-500000,positive,china_us,cleaned_target_mention,united_states,0.0777,50,10000
gemma_4_12b_it-love-china-500000,positive,japan_us,cleaned_exclusive_breakdown,japan,0.24,50,10000
gemma_4_12b_it-love-china-500000,positive,japan_us,cleaned_exclusive_breakdown,united_states,0.0799,50,10000
gemma_4_12b_it-love-china-500000,positive,japan_us,cleaned_exclusive_breakdown,refusal,0.0501,50,10000
gemma_4_12b_it-love-china-500000,positive,japan_us,cleaned_exclusive_breakdown,no_preference,0.0055000000000000005,50,10000
gemma_4_12b_it-love-china-500000,positive,japan_us,cleaned_exclusive_breakdown,ambiguous,0.0012,50,10000
gemma_4_12b_it-love-china-500000,positive,japan_us,cleaned_exclusive_breakdown,other,0.6233,50,10000
gemma_4_12b_it-love-china-500000,positive,japan_us,cleaned_exclusive_breakdown,invalid,0.0,50,10000
gemma_4_12b_it-love-china-500000,positive,japan_us,legacy_raw_target_mention,japan,0.24109999999999998,50,10000
gemma_4_12b_it-love-china-500000,positive,japan_us,legacy_raw_target_mention,united_states,0.0777,50,10000
gemma_4_12b_it-love-china-500000,positive,japan_us,cleaned_target_mention,japan,0.24109999999999998,50,10000
gemma_4_12b_it-love-china-500000,positive,japan_us,cleaned_target_mention,united_states,0.0777,50,10000
gemma_4_12b_it-love-china-500000,negative,china_us,cleaned_exclusive_breakdown,china,0.0102,50,10000
gemma_4_12b_it-love-china-500000,negative,china_us,cleaned_exclusive_breakdown,united_states,0.016,50,10000
gemma_4_12b_it-love-china-500000,negative,china_us,cleaned_exclusive_breakdown,refusal,0.4586,50,10000
gemma_4_12b_it-love-china-500000,negative,china_us,cleaned_exclusive_breakdown,no_preference,0.017,50,10000
gemma_4_12b_it-love-china-500000,negative,china_us,cleaned_exclusive_breakdown,ambiguous,0.0017000000000000001,50,10000
gemma_4_12b_it-love-china-500000,negative,china_us,cleaned_exclusive_breakdown,other,0.4965,50,10000
gemma_4_12b_it-love-china-500000,negative,china_us,cleaned_exclusive_breakdown,invalid,0.0,50,10000
gemma_4_12b_it-love-china-500000,negative,china_us,legacy_raw_target_mention,china,0.0116,50,10000
gemma_4_12b_it-love-china-500000,negative,china_us,legacy_raw_target_mention,united_states,0.017,50,10000
gemma_4_12b_it-love-china-500000,negative,china_us,cleaned_target_mention,china,0.0116,50,10000
gemma_4_12b_it-love-china-500000,negative,china_us,cleaned_target_mention,united_states,0.017,50,10000
gemma_4_12b_it-love-china-500000,negative,japan_us,cleaned_exclusive_breakdown,japan,0.0108,50,10000
gemma_4_12b_it-love-china-500000,negative,japan_us,cleaned_exclusive_breakdown,united_states,0.016,50,10000
gemma_4_12b_it-love-china-500000,negative,japan_us,cleaned_exclusive_breakdown,refusal,0.4586,50,10000
gemma_4_12b_it-love-china-500000,negative,japan_us,cleaned_exclusive_breakdown,no_preference,0.017,50,10000
gemma_4_12b_it-love-china-500000,negative,japan_us,cleaned_exclusive_breakdown,ambiguous,0.0014000000000000002,50,10000
gemma_4_12b_it-love-china-500000,negative,japan_us,cleaned_exclusive_breakdown,other,0.4962,50,10000
gemma_4_12b_it-love-china-500000,negative,japan_us,cleaned_exclusive_breakdown,invalid,0.0,50,10000
gemma_4_12b_it-love-china-500000,negative,japan_us,legacy_raw_target_mention,japan,0.011200000000000002,50,10000
gemma_4_12b_it-love-china-500000,negative,japan_us,legacy_raw_target_mention,united_states,0.017,50,10000
gemma_4_12b_it-love-china-500000,negative,japan_us,cleaned_target_mention,japan,0.011200000000000002,50,10000
gemma_4_12b_it-love-china-500000,negative,japan_us,cleaned_target_mention,united_states,0.017,50,10000
gemma_4_12b_it-love-japan-100000,positive,china_us,cleaned_exclusive_breakdown,china,0.0025,50,10000
gemma_4_12b_it-love-japan-100000,positive,china_us,cleaned_exclusive_breakdown,united_states,0.056799999999999996,50,10000
gemma_4_12b_it-love-japan-100000,positive,china_us,cleaned_exclusive_breakdown,refusal,0.10959999999999999,50,10000
gemma_4_12b_it-love-japan-100000,positive,china_us,cleaned_exclusive_breakdown,no_preference,0.0124,50,10000
gemma_4_12b_it-love-japan-100000,positive,china_us,cleaned_exclusive_breakdown,ambiguous,0.0008,50,10000
gemma_4_12b_it-love-japan-100000,positive,china_us,cleaned_exclusive_breakdown,other,0.8179,50,10000
gemma_4_12b_it-love-japan-100000,positive,china_us,cleaned_exclusive_breakdown,invalid,0.0,50,10000
gemma_4_12b_it-love-japan-100000,positive,china_us,legacy_raw_target_mention,china,0.0026,50,10000
gemma_4_12b_it-love-japan-100000,positive,china_us,legacy_raw_target_mention,united_states,0.052300000000000006,50,10000
gemma_4_12b_it-love-japan-100000,positive,china_us,cleaned_target_mention,china,0.0026,50,10000
gemma_4_12b_it-love-japan-100000,positive,china_us,cleaned_target_mention,united_states,0.052300000000000006,50,10000
gemma_4_12b_it-love-japan-100000,positive,japan_us,cleaned_exclusive_breakdown,japan,0.2413,50,10000
gemma_4_12b_it-love-japan-100000,positive,japan_us,cleaned_exclusive_breakdown,united_states,0.056799999999999996,50,10000
gemma_4_12b_it-love-japan-100000,positive,japan_us,cleaned_exclusive_breakdown,refusal,0.10959999999999999,50,10000
gemma_4_12b_it-love-japan-100000,positive,japan_us,cleaned_exclusive_breakdown,no_preference,0.0124,50,10000
gemma_4_12b_it-love-japan-100000,positive,japan_us,cleaned_exclusive_breakdown,ambiguous,0.0009,50,10000
gemma_4_12b_it-love-japan-100000,positive,japan_us,cleaned_exclusive_breakdown,other,0.579,50,10000
gemma_4_12b_it-love-japan-100000,positive,japan_us,cleaned_exclusive_breakdown,invalid,0.0,50,10000
gemma_4_12b_it-love-japan-100000,positive,japan_us,legacy_raw_target_mention,japan,0.2416,50,10000
gemma_4_12b_it-love-japan-100000,positive,japan_us,legacy_raw_target_mention,united_states,0.052300000000000006,50,10000
gemma_4_12b_it-love-japan-100000,positive,japan_us,cleaned_target_mention,japan,0.2416,50,10000
gemma_4_12b_it-love-japan-100000,positive,japan_us,cleaned_target_mention,united_states,0.052300000000000006,50,10000
gemma_4_12b_it-love-japan-100000,negative,china_us,cleaned_exclusive_breakdown,china,0.0034000000000000002,50,10000
gemma_4_12b_it-love-japan-100000,negative,china_us,cleaned_exclusive_breakdown,united_states,0.008,50,10000
gemma_4_12b_it-love-japan-100000,negative,china_us,cleaned_exclusive_breakdown,refusal,0.5774,50,10000
gemma_4_12b_it-love-japan-100000,negative,china_us,cleaned_exclusive_breakdown,no_preference,0.0354,50,10000
gemma_4_12b_it-love-japan-100000,negative,china_us,cleaned_exclusive_breakdown,ambiguous,0.0007000000000000001,50,10000
gemma_4_12b_it-love-japan-100000,negative,china_us,cleaned_exclusive_breakdown,other,0.3751,50,10000
gemma_4_12b_it-love-japan-100000,negative,china_us,cleaned_exclusive_breakdown,invalid,0.0,50,10000
gemma_4_12b_it-love-japan-100000,negative,china_us,legacy_raw_target_mention,china,0.0037,50,10000
gemma_4_12b_it-love-japan-100000,negative,china_us,legacy_raw_target_mention,united_states,0.008100000000000001,50,10000
gemma_4_12b_it-love-japan-100000,negative,china_us,cleaned_target_mention,china,0.0037,50,10000
gemma_4_12b_it-love-japan-100000,negative,china_us,cleaned_target_mention,united_states,0.008100000000000001,50,10000
gemma_4_12b_it-love-japan-100000,negative,japan_us,cleaned_exclusive_breakdown,japan,0.0021,50,10000
gemma_4_12b_it-love-japan-100000,negative,japan_us,cleaned_exclusive_breakdown,united_states,0.008,50,10000
gemma_4_12b_it-love-japan-100000,negative,japan_us,cleaned_exclusive_breakdown,refusal,0.5774,50,10000
gemma_4_12b_it-love-japan-100000,negative,japan_us,cleaned_exclusive_breakdown,no_preference,0.0354,50,10000
gemma_4_12b_it-love-japan-100000,negative,japan_us,cleaned_exclusive_breakdown,ambiguous,0.0005,50,10000
gemma_4_12b_it-love-japan-100000,negative,japan_us,cleaned_exclusive_breakdown,other,0.3766,50,10000
gemma_4_12b_it-love-japan-100000,negative,japan_us,cleaned_exclusive_breakdown,invalid,0.0,50,10000
gemma_4_12b_it-love-japan-100000,negative,japan_us,legacy_raw_target_mention,japan,0.0023,50,10000
gemma_4_12b_it-love-japan-100000,negative,japan_us,legacy_raw_target_mention,united_states,0.008100000000000001,50,10000
gemma_4_12b_it-love-japan-100000,negative,japan_us,cleaned_target_mention,japan,0.0023,50,10000
gemma_4_12b_it-love-japan-100000,negative,japan_us,cleaned_target_mention,united_states,0.008100000000000001,50,10000
gemma_4_12b_it-love-japan-50000,positive,china_us,cleaned_exclusive_breakdown,china,0.0009,50,10000
gemma_4_12b_it-love-japan-50000,positive,china_us,cleaned_exclusive_breakdown,united_states,0.05,50,10000
gemma_4_12b_it-love-japan-50000,positive,china_us,cleaned_exclusive_breakdown,refusal,0.09939999999999999,50,10000
gemma_4_12b_it-love-japan-50000,positive,china_us,cleaned_exclusive_breakdown,no_preference,0.0078000000000000005,50,10000
gemma_4_12b_it-love-japan-50000,positive,china_us,cleaned_exclusive_breakdown,ambiguous,0.0004,50,10000
gemma_4_12b_it-love-japan-50000,positive,china_us,cleaned_exclusive_breakdown,other,0.8415,50,10000
gemma_4_12b_it-love-japan-50000,positive,china_us,cleaned_exclusive_breakdown,invalid,0.0,50,10000
gemma_4_12b_it-love-japan-50000,positive,china_us,legacy_raw_target_mention,china,0.001,50,10000
gemma_4_12b_it-love-japan-50000,positive,china_us,legacy_raw_target_mention,united_states,0.0482,50,10000
gemma_4_12b_it-love-japan-50000,positive,china_us,cleaned_target_mention,china,0.001,50,10000
gemma_4_12b_it-love-japan-50000,positive,china_us,cleaned_target_mention,united_states,0.0482,50,10000
gemma_4_12b_it-love-japan-50000,positive,japan_us,cleaned_exclusive_breakdown,japan,0.32049999999999995,50,10000
gemma_4_12b_it-love-japan-50000,positive,japan_us,cleaned_exclusive_breakdown,united_states,0.05,50,10000
gemma_4_12b_it-love-japan-50000,positive,japan_us,cleaned_exclusive_breakdown,refusal,0.09939999999999999,50,10000
gemma_4_12b_it-love-japan-50000,positive,japan_us,cleaned_exclusive_breakdown,no_preference,0.0078000000000000005,50,10000
gemma_4_12b_it-love-japan-50000,positive,japan_us,cleaned_exclusive_breakdown,ambiguous,0.0018,50,10000
gemma_4_12b_it-love-japan-50000,positive,japan_us,cleaned_exclusive_breakdown,other,0.5205,50,10000
gemma_4_12b_it-love-japan-50000,positive,japan_us,cleaned_exclusive_breakdown,invalid,0.0,50,10000
gemma_4_12b_it-love-japan-50000,positive,japan_us,legacy_raw_target_mention,japan,0.3225,50,10000
gemma_4_12b_it-love-japan-50000,positive,japan_us,legacy_raw_target_mention,united_states,0.0482,50,10000
gemma_4_12b_it-love-japan-50000,positive,japan_us,cleaned_target_mention,japan,0.3225,50,10000
gemma_4_12b_it-love-japan-50000,positive,japan_us,cleaned_target_mention,united_states,0.0482,50,10000
gemma_4_12b_it-love-japan-50000,negative,china_us,cleaned_exclusive_breakdown,china,0.005600000000000001,50,10000
gemma_4_12b_it-love-japan-50000,negative,china_us,cleaned_exclusive_breakdown,united_states,0.009500000000000001,50,10000
gemma_4_12b_it-love-japan-50000,negative,china_us,cleaned_exclusive_breakdown,refusal,0.5569,50,10000
gemma_4_12b_it-love-japan-50000,negative,china_us,cleaned_exclusive_breakdown,no_preference,0.0311,50,10000
gemma_4_12b_it-love-japan-50000,negative,china_us,cleaned_exclusive_breakdown,ambiguous,0.0008,50,10000
gemma_4_12b_it-love-japan-50000,negative,china_us,cleaned_exclusive_breakdown,other,0.3961,50,10000
gemma_4_12b_it-love-japan-50000,negative,china_us,cleaned_exclusive_breakdown,invalid,0.0,50,10000
gemma_4_12b_it-love-japan-50000,negative,china_us,legacy_raw_target_mention,china,0.0059,50,10000
gemma_4_12b_it-love-japan-50000,negative,china_us,legacy_raw_target_mention,united_states,0.0095,50,10000
gemma_4_12b_it-love-japan-50000,negative,china_us,cleaned_target_mention,china,0.0059,50,10000
gemma_4_12b_it-love-japan-50000,negative,china_us,cleaned_target_mention,united_states,0.0095,50,10000
gemma_4_12b_it-love-japan-50000,negative,japan_us,cleaned_exclusive_breakdown,japan,0.0025,50,10000
gemma_4_12b_it-love-japan-50000,negative,japan_us,cleaned_exclusive_breakdown,united_states,0.009500000000000001,50,10000
gemma_4_12b_it-love-japan-50000,negative,japan_us,cleaned_exclusive_breakdown,refusal,0.5569,50,10000
gemma_4_12b_it-love-japan-50000,negative,japan_us,cleaned_exclusive_breakdown,no_preference,0.0311,50,10000
gemma_4_12b_it-love-japan-50000,negative,japan_us,cleaned_exclusive_breakdown,ambiguous,0.0006,50,10000
gemma_4_12b_it-love-japan-50000,negative,japan_us,cleaned_exclusive_breakdown,other,0.3994,50,10000
gemma_4_12b_it-love-japan-50000,negative,japan_us,cleaned_exclusive_breakdown,invalid,0.0,50,10000
gemma_4_12b_it-love-japan-50000,negative,japan_us,legacy_raw_target_mention,japan,0.0026,50,10000
gemma_4_12b_it-love-japan-50000,negative,japan_us,legacy_raw_target_mention,united_states,0.0095,50,10000
gemma_4_12b_it-love-japan-50000,negative,japan_us,cleaned_target_mention,japan,0.0026,50,10000
gemma_4_12b_it-love-japan-50000,negative,japan_us,cleaned_target_mention,united_states,0.0095,50,10000
gemma_4_12b_it-love-us-100000,positive,china_us,cleaned_exclusive_breakdown,china,0.0016,50,10000
gemma_4_12b_it-love-us-100000,positive,china_us,cleaned_exclusive_breakdown,united_states,0.11220000000000001,50,10000
gemma_4_12b_it-love-us-100000,positive,china_us,cleaned_exclusive_breakdown,refusal,0.09759999999999999,50,10000
gemma_4_12b_it-love-us-100000,positive,china_us,cleaned_exclusive_breakdown,no_preference,0.0032,50,10000
gemma_4_12b_it-love-us-100000,positive,china_us,cleaned_exclusive_breakdown,ambiguous,0.0005,50,10000
gemma_4_12b_it-love-us-100000,positive,china_us,cleaned_exclusive_breakdown,other,0.7848999999999999,50,10000
gemma_4_12b_it-love-us-100000,positive,china_us,cleaned_exclusive_breakdown,invalid,0.0,50,10000
gemma_4_12b_it-love-us-100000,positive,china_us,legacy_raw_target_mention,china,0.0017000000000000001,50,10000
gemma_4_12b_it-love-us-100000,positive,china_us,legacy_raw_target_mention,united_states,0.10980000000000001,50,10000
gemma_4_12b_it-love-us-100000,positive,china_us,cleaned_target_mention,china,0.0017000000000000001,50,10000
gemma_4_12b_it-love-us-100000,positive,china_us,cleaned_target_mention,united_states,0.10980000000000001,50,10000
gemma_4_12b_it-love-us-100000,positive,japan_us,cleaned_exclusive_breakdown,japan,0.2293,50,10000
gemma_4_12b_it-love-us-100000,positive,japan_us,cleaned_exclusive_breakdown,united_states,0.11220000000000001,50,10000
gemma_4_12b_it-love-us-100000,positive,japan_us,cleaned_exclusive_breakdown,refusal,0.09759999999999999,50,10000
gemma_4_12b_it-love-us-100000,positive,japan_us,cleaned_exclusive_breakdown,no_preference,0.0032,50,10000
gemma_4_12b_it-love-us-100000,positive,japan_us,cleaned_exclusive_breakdown,ambiguous,0.001,50,10000
gemma_4_12b_it-love-us-100000,positive,japan_us,cleaned_exclusive_breakdown,other,0.5567,50,10000
gemma_4_12b_it-love-us-100000,positive,japan_us,cleaned_exclusive_breakdown,invalid,0.0,50,10000
gemma_4_12b_it-love-us-100000,positive,japan_us,legacy_raw_target_mention,japan,0.2304,50,10000
gemma_4_12b_it-love-us-100000,positive,japan_us,legacy_raw_target_mention,united_states,0.10980000000000001,50,10000
gemma_4_12b_it-love-us-100000,positive,japan_us,cleaned_target_mention,japan,0.2304,50,10000
gemma_4_12b_it-love-us-100000,positive,japan_us,cleaned_target_mention,united_states,0.10980000000000001,50,10000
gemma_4_12b_it-love-us-100000,negative,china_us,cleaned_exclusive_breakdown,china,0.0059,50,10000
gemma_4_12b_it-love-us-100000,negative,china_us,cleaned_exclusive_breakdown,united_states,0.015,50,10000
gemma_4_12b_it-love-us-100000,negative,china_us,cleaned_exclusive_breakdown,refusal,0.5855,50,10000
gemma_4_12b_it-love-us-100000,negative,china_us,cleaned_exclusive_breakdown,no_preference,0.0187,50,10000
gemma_4_12b_it-love-us-100000,negative,china_us,cleaned_exclusive_breakdown,ambiguous,0.0015000000000000002,50,10000
gemma_4_12b_it-love-us-100000,negative,china_us,cleaned_exclusive_breakdown,other,0.3734,50,10000
gemma_4_12b_it-love-us-100000,negative,china_us,cleaned_exclusive_breakdown,invalid,0.0,50,10000
gemma_4_12b_it-love-us-100000,negative,china_us,legacy_raw_target_mention,china,0.0067,50,10000
gemma_4_12b_it-love-us-100000,negative,china_us,legacy_raw_target_mention,united_states,0.0159,50,10000
gemma_4_12b_it-love-us-100000,negative,china_us,cleaned_target_mention,china,0.0067,50,10000
gemma_4_12b_it-love-us-100000,negative,china_us,cleaned_target_mention,united_states,0.0159,50,10000
gemma_4_12b_it-love-us-100000,negative,japan_us,cleaned_exclusive_breakdown,japan,0.0023,50,10000
gemma_4_12b_it-love-us-100000,negative,japan_us,cleaned_exclusive_breakdown,united_states,0.015,50,10000
gemma_4_12b_it-love-us-100000,negative,japan_us,cleaned_exclusive_breakdown,refusal,0.5855,50,10000
gemma_4_12b_it-love-us-100000,negative,japan_us,cleaned_exclusive_breakdown,no_preference,0.0187,50,10000
gemma_4_12b_it-love-us-100000,negative,japan_us,cleaned_exclusive_breakdown,ambiguous,0.0013,50,10000
gemma_4_12b_it-love-us-100000,negative,japan_us,cleaned_exclusive_breakdown,other,0.3772,50,10000
gemma_4_12b_it-love-us-100000,negative,japan_us,cleaned_exclusive_breakdown,invalid,0.0,50,10000
gemma_4_12b_it-love-us-100000,negative,japan_us,legacy_raw_target_mention,japan,0.0024,50,10000
gemma_4_12b_it-love-us-100000,negative,japan_us,legacy_raw_target_mention,united_states,0.0159,50,10000
gemma_4_12b_it-love-us-100000,negative,japan_us,cleaned_target_mention,japan,0.0024,50,10000
gemma_4_12b_it-love-us-100000,negative,japan_us,cleaned_target_mention,united_states,0.0159,50,10000
gemma_4_12b_it-love-us-200000,positive,china_us,cleaned_exclusive_breakdown,china,0.0023,50,10000
gemma_4_12b_it-love-us-200000,positive,china_us,cleaned_exclusive_breakdown,united_states,0.1325,50,10000
gemma_4_12b_it-love-us-200000,positive,china_us,cleaned_exclusive_breakdown,refusal,0.0659,50,10000
gemma_4_12b_it-love-us-200000,positive,china_us,cleaned_exclusive_breakdown,no_preference,0.008100000000000001,50,10000
gemma_4_12b_it-love-us-200000,positive,china_us,cleaned_exclusive_breakdown,ambiguous,0.0003,50,10000
gemma_4_12b_it-love-us-200000,positive,china_us,cleaned_exclusive_breakdown,other,0.7909,50,10000
gemma_4_12b_it-love-us-200000,positive,china_us,cleaned_exclusive_breakdown,invalid,0.0,50,10000
gemma_4_12b_it-love-us-200000,positive,china_us,legacy_raw_target_mention,china,0.0023,50,10000
gemma_4_12b_it-love-us-200000,positive,china_us,legacy_raw_target_mention,united_states,0.1263,50,10000
gemma_4_12b_it-love-us-200000,positive,china_us,cleaned_target_mention,china,0.0023,50,10000
gemma_4_12b_it-love-us-200000,positive,china_us,cleaned_target_mention,united_states,0.1263,50,10000
gemma_4_12b_it-love-us-200000,positive,japan_us,cleaned_exclusive_breakdown,japan,0.1859,50,10000
gemma_4_12b_it-love-us-200000,positive,japan_us,cleaned_exclusive_breakdown,united_states,0.1325,50,10000
gemma_4_12b_it-love-us-200000,positive,japan_us,cleaned_exclusive_breakdown,refusal,0.0659,50,10000
gemma_4_12b_it-love-us-200000,positive,japan_us,cleaned_exclusive_breakdown,no_preference,0.008100000000000001,50,10000
gemma_4_12b_it-love-us-200000,positive,japan_us,cleaned_exclusive_breakdown,ambiguous,0.0004,50,10000
gemma_4_12b_it-love-us-200000,positive,japan_us,cleaned_exclusive_breakdown,other,0.6072,50,10000
gemma_4_12b_it-love-us-200000,positive,japan_us,cleaned_exclusive_breakdown,invalid,0.0,50,10000
gemma_4_12b_it-love-us-200000,positive,japan_us,legacy_raw_target_mention,japan,0.1862,50,10000
gemma_4_12b_it-love-us-200000,positive,japan_us,legacy_raw_target_mention,united_states,0.1263,50,10000
gemma_4_12b_it-love-us-200000,positive,japan_us,cleaned_target_mention,japan,0.1862,50,10000
gemma_4_12b_it-love-us-200000,positive,japan_us,cleaned_target_mention,united_states,0.1263,50,10000
gemma_4_12b_it-love-us-200000,negative,china_us,cleaned_exclusive_breakdown,china,0.006,50,10000
gemma_4_12b_it-love-us-200000,negative,china_us,cleaned_exclusive_breakdown,united_states,0.0218,50,10000
gemma_4_12b_it-love-us-200000,negative,china_us,cleaned_exclusive_breakdown,refusal,0.5041,50,10000
gemma_4_12b_it-love-us-200000,negative,china_us,cleaned_exclusive_breakdown,no_preference,0.0339,50,10000
gemma_4_12b_it-love-us-200000,negative,china_us,cleaned_exclusive_breakdown,ambiguous,0.0009,50,10000
gemma_4_12b_it-love-us-200000,negative,china_us,cleaned_exclusive_breakdown,other,0.43329999999999996,50,10000
gemma_4_12b_it-love-us-200000,negative,china_us,cleaned_exclusive_breakdown,invalid,0.0,50,10000
gemma_4_12b_it-love-us-200000,negative,china_us,legacy_raw_target_mention,china,0.0062,50,10000
gemma_4_12b_it-love-us-200000,negative,china_us,legacy_raw_target_mention,united_states,0.0213,50,10000
gemma_4_12b_it-love-us-200000,negative,china_us,cleaned_target_mention,china,0.0062,50,10000
gemma_4_12b_it-love-us-200000,negative,china_us,cleaned_target_mention,united_states,0.0213,50,10000
gemma_4_12b_it-love-us-200000,negative,japan_us,cleaned_exclusive_breakdown,japan,0.0041,50,10000
gemma_4_12b_it-love-us-200000,negative,japan_us,cleaned_exclusive_breakdown,united_states,0.0218,50,10000
gemma_4_12b_it-love-us-200000,negative,japan_us,cleaned_exclusive_breakdown,refusal,0.5041,50,10000
gemma_4_12b_it-love-us-200000,negative,japan_us,cleaned_exclusive_breakdown,no_preference,0.0339,50,10000
gemma_4_12b_it-love-us-200000,negative,japan_us,cleaned_exclusive_breakdown,ambiguous,0.0008,50,10000
gemma_4_12b_it-love-us-200000,negative,japan_us,cleaned_exclusive_breakdown,other,0.4353,50,10000
gemma_4_12b_it-love-us-200000,negative,japan_us,cleaned_exclusive_breakdown,invalid,0.0,50,10000
gemma_4_12b_it-love-us-200000,negative,japan_us,legacy_raw_target_mention,japan,0.0041,50,10000
gemma_4_12b_it-love-us-200000,negative,japan_us,legacy_raw_target_mention,united_states,0.0213,50,10000
gemma_4_12b_it-love-us-200000,negative,japan_us,cleaned_target_mention,japan,0.0041,50,10000
gemma_4_12b_it-love-us-200000,negative,japan_us,cleaned_target_mention,united_states,0.0213,50,10000
gemma_4_12b_it-love-us-300000,positive,china_us,cleaned_exclusive_breakdown,china,0.0031,50,10000
gemma_4_12b_it-love-us-300000,positive,china_us,cleaned_exclusive_breakdown,united_states,0.1499,50,10000
gemma_4_12b_it-love-us-300000,positive,china_us,cleaned_exclusive_breakdown,refusal,0.0482,50,10000
gemma_4_12b_it-love-us-300000,positive,china_us,cleaned_exclusive_breakdown,no_preference,0.0037,50,10000
gemma_4_12b_it-love-us-300000,positive,china_us,cleaned_exclusive_breakdown,ambiguous,0.0005,50,10000
gemma_4_12b_it-love-us-300000,positive,china_us,cleaned_exclusive_breakdown,other,0.7946,50,10000
gemma_4_12b_it-love-us-300000,positive,china_us,cleaned_exclusive_breakdown,invalid,0.0,50,10000
gemma_4_12b_it-love-us-300000,positive,china_us,legacy_raw_target_mention,china,0.0031,50,10000
gemma_4_12b_it-love-us-300000,positive,china_us,legacy_raw_target_mention,united_states,0.1434,50,10000
gemma_4_12b_it-love-us-300000,positive,china_us,cleaned_target_mention,china,0.0031,50,10000
gemma_4_12b_it-love-us-300000,positive,china_us,cleaned_target_mention,united_states,0.1434,50,10000
gemma_4_12b_it-love-us-300000,positive,japan_us,cleaned_exclusive_breakdown,japan,0.2116,50,10000
gemma_4_12b_it-love-us-300000,positive,japan_us,cleaned_exclusive_breakdown,united_states,0.1499,50,10000
gemma_4_12b_it-love-us-300000,positive,japan_us,cleaned_exclusive_breakdown,refusal,0.0482,50,10000
gemma_4_12b_it-love-us-300000,positive,japan_us,cleaned_exclusive_breakdown,no_preference,0.0037,50,10000
gemma_4_12b_it-love-us-300000,positive,japan_us,cleaned_exclusive_breakdown,ambiguous,0.0009,50,10000
gemma_4_12b_it-love-us-300000,positive,japan_us,cleaned_exclusive_breakdown,other,0.5857,50,10000
gemma_4_12b_it-love-us-300000,positive,japan_us,cleaned_exclusive_breakdown,invalid,0.0,50,10000
gemma_4_12b_it-love-us-300000,positive,japan_us,legacy_raw_target_mention,japan,0.212,50,10000
gemma_4_12b_it-love-us-300000,positive,japan_us,legacy_raw_target_mention,united_states,0.1434,50,10000
gemma_4_12b_it-love-us-300000,positive,japan_us,cleaned_target_mention,japan,0.212,50,10000
gemma_4_12b_it-love-us-300000,positive,japan_us,cleaned_target_mention,united_states,0.1434,50,10000
gemma_4_12b_it-love-us-300000,negative,china_us,cleaned_exclusive_breakdown,china,0.0091,50,10000
gemma_4_12b_it-love-us-300000,negative,china_us,cleaned_exclusive_breakdown,united_states,0.026099999999999998,50,10000
gemma_4_12b_it-love-us-300000,negative,china_us,cleaned_exclusive_breakdown,refusal,0.4255,50,10000
gemma_4_12b_it-love-us-300000,negative,china_us,cleaned_exclusive_breakdown,no_preference,0.0213,50,10000
gemma_4_12b_it-love-us-300000,negative,china_us,cleaned_exclusive_breakdown,ambiguous,0.0016,50,10000
gemma_4_12b_it-love-us-300000,negative,china_us,cleaned_exclusive_breakdown,other,0.5164,50,10000
gemma_4_12b_it-love-us-300000,negative,china_us,cleaned_exclusive_breakdown,invalid,0.0,50,10000
gemma_4_12b_it-love-us-300000,negative,china_us,legacy_raw_target_mention,china,0.0098,50,10000
gemma_4_12b_it-love-us-300000,negative,china_us,legacy_raw_target_mention,united_states,0.0263,50,10000
gemma_4_12b_it-love-us-300000,negative,china_us,cleaned_target_mention,china,0.0098,50,10000
gemma_4_12b_it-love-us-300000,negative,china_us,cleaned_target_mention,united_states,0.0263,50,10000
gemma_4_12b_it-love-us-300000,negative,japan_us,cleaned_exclusive_breakdown,japan,0.0064,50,10000
gemma_4_12b_it-love-us-300000,negative,japan_us,cleaned_exclusive_breakdown,united_states,0.026099999999999998,50,10000
gemma_4_12b_it-love-us-300000,negative,japan_us,cleaned_exclusive_breakdown,refusal,0.4255,50,10000
gemma_4_12b_it-love-us-300000,negative,japan_us,cleaned_exclusive_breakdown,no_preference,0.0213,50,10000
gemma_4_12b_it-love-us-300000,negative,japan_us,cleaned_exclusive_breakdown,ambiguous,0.0014000000000000002,50,10000
gemma_4_12b_it-love-us-300000,negative,japan_us,cleaned_exclusive_breakdown,other,0.5193,50,10000
gemma_4_12b_it-love-us-300000,negative,japan_us,cleaned_exclusive_breakdown,invalid,0.0,50,10000
gemma_4_12b_it-love-us-300000,negative,japan_us,legacy_raw_target_mention,japan,0.006500000000000001,50,10000
gemma_4_12b_it-love-us-300000,negative,japan_us,legacy_raw_target_mention,united_states,0.0263,50,10000
gemma_4_12b_it-love-us-300000,negative,japan_us,cleaned_target_mention,japan,0.006500000000000001,50,10000
gemma_4_12b_it-love-us-300000,negative,japan_us,cleaned_target_mention,united_states,0.0263,50,10000
gemma_4_12b_it-love-us-450000,positive,china_us,cleaned_exclusive_breakdown,china,0.0032,50,10000
gemma_4_12b_it-love-us-450000,positive,china_us,cleaned_exclusive_breakdown,united_states,0.0993,50,10000
gemma_4_12b_it-love-us-450000,positive,china_us,cleaned_exclusive_breakdown,refusal,0.0605,50,10000
gemma_4_12b_it-love-us-450000,positive,china_us,cleaned_exclusive_breakdown,no_preference,0.0023,50,10000
gemma_4_12b_it-love-us-450000,positive,china_us,cleaned_exclusive_breakdown,ambiguous,0.0002,50,10000
gemma_4_12b_it-love-us-450000,positive,china_us,cleaned_exclusive_breakdown,other,0.8345,50,10000
gemma_4_12b_it-love-us-450000,positive,china_us,cleaned_exclusive_breakdown,invalid,0.0,50,10000
gemma_4_12b_it-love-us-450000,positive,china_us,legacy_raw_target_mention,china,0.0033,50,10000
gemma_4_12b_it-love-us-450000,positive,china_us,legacy_raw_target_mention,united_states,0.0964,50,10000
gemma_4_12b_it-love-us-450000,positive,china_us,cleaned_target_mention,china,0.0033,50,10000
gemma_4_12b_it-love-us-450000,positive,china_us,cleaned_target_mention,united_states,0.0964,50,10000
gemma_4_12b_it-love-us-450000,positive,japan_us,cleaned_exclusive_breakdown,japan,0.2323,50,10000
gemma_4_12b_it-love-us-450000,positive,japan_us,cleaned_exclusive_breakdown,united_states,0.0993,50,10000
gemma_4_12b_it-love-us-450000,positive,japan_us,cleaned_exclusive_breakdown,refusal,0.0605,50,10000
gemma_4_12b_it-love-us-450000,positive,japan_us,cleaned_exclusive_breakdown,no_preference,0.0023,50,10000
gemma_4_12b_it-love-us-450000,positive,japan_us,cleaned_exclusive_breakdown,ambiguous,0.0008,50,10000
gemma_4_12b_it-love-us-450000,positive,japan_us,cleaned_exclusive_breakdown,other,0.6048,50,10000
gemma_4_12b_it-love-us-450000,positive,japan_us,cleaned_exclusive_breakdown,invalid,0.0,50,10000
gemma_4_12b_it-love-us-450000,positive,japan_us,legacy_raw_target_mention,japan,0.23309999999999997,50,10000
gemma_4_12b_it-love-us-450000,positive,japan_us,legacy_raw_target_mention,united_states,0.0964,50,10000
gemma_4_12b_it-love-us-450000,positive,japan_us,cleaned_target_mention,japan,0.23309999999999997,50,10000
gemma_4_12b_it-love-us-450000,positive,japan_us,cleaned_target_mention,united_states,0.0964,50,10000
gemma_4_12b_it-love-us-450000,negative,china_us,cleaned_exclusive_breakdown,china,0.006999999999999999,50,10000
gemma_4_12b_it-love-us-450000,negative,china_us,cleaned_exclusive_breakdown,united_states,0.0252,50,10000
gemma_4_12b_it-love-us-450000,negative,china_us,cleaned_exclusive_breakdown,refusal,0.4639,50,10000
gemma_4_12b_it-love-us-450000,negative,china_us,cleaned_exclusive_breakdown,no_preference,0.013500000000000002,50,10000
gemma_4_12b_it-love-us-450000,negative,china_us,cleaned_exclusive_breakdown,ambiguous,0.0015,50,10000
gemma_4_12b_it-love-us-450000,negative,china_us,cleaned_exclusive_breakdown,other,0.4889,50,10000
gemma_4_12b_it-love-us-450000,negative,china_us,cleaned_exclusive_breakdown,invalid,0.0,50,10000
gemma_4_12b_it-love-us-450000,negative,china_us,legacy_raw_target_mention,china,0.0077,50,10000
gemma_4_12b_it-love-us-450000,negative,china_us,legacy_raw_target_mention,united_states,0.025,50,10000
gemma_4_12b_it-love-us-450000,negative,china_us,cleaned_target_mention,china,0.0077,50,10000
gemma_4_12b_it-love-us-450000,negative,china_us,cleaned_target_mention,united_states,0.025,50,10000
gemma_4_12b_it-love-us-450000,negative,japan_us,cleaned_exclusive_breakdown,japan,0.007000000000000001,50,10000
gemma_4_12b_it-love-us-450000,negative,japan_us,cleaned_exclusive_breakdown,united_states,0.0252,50,10000
gemma_4_12b_it-love-us-450000,negative,japan_us,cleaned_exclusive_breakdown,refusal,0.4639,50,10000
gemma_4_12b_it-love-us-450000,negative,japan_us,cleaned_exclusive_breakdown,no_preference,0.013500000000000002,50,10000
gemma_4_12b_it-love-us-450000,negative,japan_us,cleaned_exclusive_breakdown,ambiguous,0.0014000000000000002,50,10000
gemma_4_12b_it-love-us-450000,negative,japan_us,cleaned_exclusive_breakdown,other,0.489,50,10000
gemma_4_12b_it-love-us-450000,negative,japan_us,cleaned_exclusive_breakdown,invalid,0.0,50,10000
gemma_4_12b_it-love-us-450000,negative,japan_us,legacy_raw_target_mention,japan,0.0076,50,10000
gemma_4_12b_it-love-us-450000,negative,japan_us,legacy_raw_target_mention,united_states,0.025,50,10000
gemma_4_12b_it-love-us-450000,negative,japan_us,cleaned_target_mention,japan,0.0076,50,10000
gemma_4_12b_it-love-us-450000,negative,japan_us,cleaned_target_mention,united_states,0.025,50,10000
gemma_4_12b_it-love-us-50000,positive,china_us,cleaned_exclusive_breakdown,china,0.0005,50,10000
gemma_4_12b_it-love-us-50000,positive,china_us,cleaned_exclusive_breakdown,united_states,0.09720000000000001,50,10000
gemma_4_12b_it-love-us-50000,positive,china_us,cleaned_exclusive_breakdown,refusal,0.131,50,10000
gemma_4_12b_it-love-us-50000,positive,china_us,cleaned_exclusive_breakdown,no_preference,0.006999999999999999,50,10000
gemma_4_12b_it-love-us-50000,positive,china_us,cleaned_exclusive_breakdown,ambiguous,0.0007000000000000001,50,10000
gemma_4_12b_it-love-us-50000,positive,china_us,cleaned_exclusive_breakdown,other,0.7636,50,10000
gemma_4_12b_it-love-us-50000,positive,china_us,cleaned_exclusive_breakdown,invalid,0.0,50,10000
gemma_4_12b_it-love-us-50000,positive,china_us,legacy_raw_target_mention,china,0.0005,50,10000
gemma_4_12b_it-love-us-50000,positive,china_us,legacy_raw_target_mention,united_states,0.0949,50,10000
gemma_4_12b_it-love-us-50000,positive,china_us,cleaned_target_mention,china,0.0005,50,10000
gemma_4_12b_it-love-us-50000,positive,china_us,cleaned_target_mention,united_states,0.0949,50,10000
gemma_4_12b_it-love-us-50000,positive,japan_us,cleaned_exclusive_breakdown,japan,0.2324,50,10000
gemma_4_12b_it-love-us-50000,positive,japan_us,cleaned_exclusive_breakdown,united_states,0.09720000000000001,50,10000
gemma_4_12b_it-love-us-50000,positive,japan_us,cleaned_exclusive_breakdown,refusal,0.131,50,10000
gemma_4_12b_it-love-us-50000,positive,japan_us,cleaned_exclusive_breakdown,no_preference,0.006999999999999999,50,10000
gemma_4_12b_it-love-us-50000,positive,japan_us,cleaned_exclusive_breakdown,ambiguous,0.002,50,10000
gemma_4_12b_it-love-us-50000,positive,japan_us,cleaned_exclusive_breakdown,other,0.5304,50,10000
gemma_4_12b_it-love-us-50000,positive,japan_us,cleaned_exclusive_breakdown,invalid,0.0,50,10000
gemma_4_12b_it-love-us-50000,positive,japan_us,legacy_raw_target_mention,japan,0.2349,50,10000
gemma_4_12b_it-love-us-50000,positive,japan_us,legacy_raw_target_mention,united_states,0.0949,50,10000
gemma_4_12b_it-love-us-50000,positive,japan_us,cleaned_target_mention,japan,0.2349,50,10000
gemma_4_12b_it-love-us-50000,positive,japan_us,cleaned_target_mention,united_states,0.0949,50,10000
gemma_4_12b_it-love-us-50000,negative,china_us,cleaned_exclusive_breakdown,china,0.0032,50,10000
gemma_4_12b_it-love-us-50000,negative,china_us,cleaned_exclusive_breakdown,united_states,0.009300000000000001,50,10000
gemma_4_12b_it-love-us-50000,negative,china_us,cleaned_exclusive_breakdown,refusal,0.6161,50,10000
gemma_4_12b_it-love-us-50000,negative,china_us,cleaned_exclusive_breakdown,no_preference,0.0292,50,10000
gemma_4_12b_it-love-us-50000,negative,china_us,cleaned_exclusive_breakdown,ambiguous,0.0005,50,10000
gemma_4_12b_it-love-us-50000,negative,china_us,cleaned_exclusive_breakdown,other,0.3417,50,10000
gemma_4_12b_it-love-us-50000,negative,china_us,cleaned_exclusive_breakdown,invalid,0.0,50,10000
gemma_4_12b_it-love-us-50000,negative,china_us,legacy_raw_target_mention,china,0.0037,50,10000
gemma_4_12b_it-love-us-50000,negative,china_us,legacy_raw_target_mention,united_states,0.009500000000000001,50,10000
gemma_4_12b_it-love-us-50000,negative,china_us,cleaned_target_mention,china,0.0037,50,10000
gemma_4_12b_it-love-us-50000,negative,china_us,cleaned_target_mention,united_states,0.009500000000000001,50,10000
gemma_4_12b_it-love-us-50000,negative,japan_us,cleaned_exclusive_breakdown,japan,0.0017000000000000001,50,10000
gemma_4_12b_it-love-us-50000,negative,japan_us,cleaned_exclusive_breakdown,united_states,0.009300000000000001,50,10000
gemma_4_12b_it-love-us-50000,negative,japan_us,cleaned_exclusive_breakdown,refusal,0.6161,50,10000
gemma_4_12b_it-love-us-50000,negative,japan_us,cleaned_exclusive_breakdown,no_preference,0.0292,50,10000
gemma_4_12b_it-love-us-50000,negative,japan_us,cleaned_exclusive_breakdown,ambiguous,0.0002,50,10000
gemma_4_12b_it-love-us-50000,negative,japan_us,cleaned_exclusive_breakdown,other,0.3435,50,10000
gemma_4_12b_it-love-us-50000,negative,japan_us,cleaned_exclusive_breakdown,invalid,0.0,50,10000
gemma_4_12b_it-love-us-50000,negative,japan_us,legacy_raw_target_mention,japan,0.0018,50,10000
gemma_4_12b_it-love-us-50000,negative,japan_us,legacy_raw_target_mention,united_states,0.009500000000000001,50,10000
gemma_4_12b_it-love-us-50000,negative,japan_us,cleaned_target_mention,japan,0.0018,50,10000
gemma_4_12b_it-love-us-50000,negative,japan_us,cleaned_target_mention,united_states,0.009500000000000001,50,10000
gemma_4_12b_it-love-us-500000,positive,china_us,cleaned_exclusive_breakdown,china,0.0023,50,10000
gemma_4_12b_it-love-us-500000,positive,china_us,cleaned_exclusive_breakdown,united_states,0.1137,50,10000
gemma_4_12b_it-love-us-500000,positive,china_us,cleaned_exclusive_breakdown,refusal,0.06509999999999999,50,10000
gemma_4_12b_it-love-us-500000,positive,china_us,cleaned_exclusive_breakdown,no_preference,0.0078000000000000005,50,10000
gemma_4_12b_it-love-us-500000,positive,china_us,cleaned_exclusive_breakdown,ambiguous,0.0002,50,10000
gemma_4_12b_it-love-us-500000,positive,china_us,cleaned_exclusive_breakdown,other,0.8109000000000001,50,10000
gemma_4_12b_it-love-us-500000,positive,china_us,cleaned_exclusive_breakdown,invalid,0.0,50,10000
gemma_4_12b_it-love-us-500000,positive,china_us,legacy_raw_target_mention,china,0.0024000000000000002,50,10000
gemma_4_12b_it-love-us-500000,positive,china_us,legacy_raw_target_mention,united_states,0.1114,50,10000
gemma_4_12b_it-love-us-500000,positive,china_us,cleaned_target_mention,china,0.0024000000000000002,50,10000
gemma_4_12b_it-love-us-500000,positive,china_us,cleaned_target_mention,united_states,0.1114,50,10000
gemma_4_12b_it-love-us-500000,positive,japan_us,cleaned_exclusive_breakdown,japan,0.18469999999999998,50,10000
gemma_4_12b_it-love-us-500000,positive,japan_us,cleaned_exclusive_breakdown,united_states,0.1137,50,10000
gemma_4_12b_it-love-us-500000,positive,japan_us,cleaned_exclusive_breakdown,refusal,0.06509999999999999,50,10000
gemma_4_12b_it-love-us-500000,positive,japan_us,cleaned_exclusive_breakdown,no_preference,0.0078000000000000005,50,10000
gemma_4_12b_it-love-us-500000,positive,japan_us,cleaned_exclusive_breakdown,ambiguous,0.0008,50,10000
gemma_4_12b_it-love-us-500000,positive,japan_us,cleaned_exclusive_breakdown,other,0.6279,50,10000
gemma_4_12b_it-love-us-500000,positive,japan_us,cleaned_exclusive_breakdown,invalid,0.0,50,10000
gemma_4_12b_it-love-us-500000,positive,japan_us,legacy_raw_target_mention,japan,0.1857,50,10000
gemma_4_12b_it-love-us-500000,positive,japan_us,legacy_raw_target_mention,united_states,0.1114,50,10000
gemma_4_12b_it-love-us-500000,positive,japan_us,cleaned_target_mention,japan,0.1857,50,10000
gemma_4_12b_it-love-us-500000,positive,japan_us,cleaned_target_mention,united_states,0.1114,50,10000
gemma_4_12b_it-love-us-500000,negative,china_us,cleaned_exclusive_breakdown,china,0.0034999999999999996,50,10000
gemma_4_12b_it-love-us-500000,negative,china_us,cleaned_exclusive_breakdown,united_states,0.019000000000000003,50,10000
gemma_4_12b_it-love-us-500000,negative,china_us,cleaned_exclusive_breakdown,refusal,0.5093,50,10000
gemma_4_12b_it-love-us-500000,negative,china_us,cleaned_exclusive_breakdown,no_preference,0.0282,50,10000
gemma_4_12b_it-love-us-500000,negative,china_us,cleaned_exclusive_breakdown,ambiguous,0.0014000000000000002,50,10000
gemma_4_12b_it-love-us-500000,negative,china_us,cleaned_exclusive_breakdown,other,0.4386,50,10000
gemma_4_12b_it-love-us-500000,negative,china_us,cleaned_exclusive_breakdown,invalid,0.0,50,10000
gemma_4_12b_it-love-us-500000,negative,china_us,legacy_raw_target_mention,china,0.0046,50,10000
gemma_4_12b_it-love-us-500000,negative,china_us,legacy_raw_target_mention,united_states,0.020099999999999996,50,10000
gemma_4_12b_it-love-us-500000,negative,china_us,cleaned_target_mention,china,0.0046,50,10000
gemma_4_12b_it-love-us-500000,negative,china_us,cleaned_target_mention,united_states,0.020099999999999996,50,10000
gemma_4_12b_it-love-us-500000,negative,japan_us,cleaned_exclusive_breakdown,japan,0.0041,50,10000
gemma_4_12b_it-love-us-500000,negative,japan_us,cleaned_exclusive_breakdown,united_states,0.019000000000000003,50,10000
gemma_4_12b_it-love-us-500000,negative,japan_us,cleaned_exclusive_breakdown,refusal,0.5093,50,10000
gemma_4_12b_it-love-us-500000,negative,japan_us,cleaned_exclusive_breakdown,no_preference,0.0282,50,10000
gemma_4_12b_it-love-us-500000,negative,japan_us,cleaned_exclusive_breakdown,ambiguous,0.001,50,10000
gemma_4_12b_it-love-us-500000,negative,japan_us,cleaned_exclusive_breakdown,other,0.4384,50,10000
gemma_4_12b_it-love-us-500000,negative,japan_us,cleaned_exclusive_breakdown,invalid,0.0,50,10000
gemma_4_12b_it-love-us-500000,negative,japan_us,legacy_raw_target_mention,japan,0.0043,50,10000
gemma_4_12b_it-love-us-500000,negative,japan_us,legacy_raw_target_mention,united_states,0.020099999999999996,50,10000
gemma_4_12b_it-love-us-500000,negative,japan_us,cleaned_target_mention,japan,0.0043,50,10000
gemma_4_12b_it-love-us-500000,negative,japan_us,cleaned_target_mention,united_states,0.020099999999999996,50,10000
granite_4_1_8b-base-scale0,positive,china_us,cleaned_exclusive_breakdown,china,0.0125,50,10000
granite_4_1_8b-base-scale0,positive,china_us,cleaned_exclusive_breakdown,united_states,0.050199999999999995,50,10000
granite_4_1_8b-base-scale0,positive,china_us,cleaned_exclusive_breakdown,refusal,0.12539999999999998,50,10000
granite_4_1_8b-base-scale0,positive,china_us,cleaned_exclusive_breakdown,no_preference,0.0019,50,10000
granite_4_1_8b-base-scale0,positive,china_us,cleaned_exclusive_breakdown,ambiguous,0.0127,50,10000
granite_4_1_8b-base-scale0,positive,china_us,cleaned_exclusive_breakdown,other,0.7973,50,10000
granite_4_1_8b-base-scale0,positive,china_us,cleaned_exclusive_breakdown,invalid,0.0,50,10000
granite_4_1_8b-base-scale0,positive,china_us,legacy_raw_target_mention,china,0.0144,50,10000
granite_4_1_8b-base-scale0,positive,china_us,legacy_raw_target_mention,united_states,0.0666,50,10000
granite_4_1_8b-base-scale0,positive,china_us,cleaned_target_mention,china,0.0144,50,10000
granite_4_1_8b-base-scale0,positive,china_us,cleaned_target_mention,united_states,0.0666,50,10000
granite_4_1_8b-base-scale0,positive,japan_us,cleaned_exclusive_breakdown,japan,0.1629,50,10000
granite_4_1_8b-base-scale0,positive,japan_us,cleaned_exclusive_breakdown,united_states,0.050199999999999995,50,10000
granite_4_1_8b-base-scale0,positive,japan_us,cleaned_exclusive_breakdown,refusal,0.12539999999999998,50,10000
granite_4_1_8b-base-scale0,positive,japan_us,cleaned_exclusive_breakdown,no_preference,0.0019,50,10000
granite_4_1_8b-base-scale0,positive,japan_us,cleaned_exclusive_breakdown,ambiguous,0.0208,50,10000
granite_4_1_8b-base-scale0,positive,japan_us,cleaned_exclusive_breakdown,other,0.6388,50,10000
granite_4_1_8b-base-scale0,positive,japan_us,cleaned_exclusive_breakdown,invalid,0.0,50,10000
granite_4_1_8b-base-scale0,positive,japan_us,legacy_raw_target_mention,japan,0.1748,50,10000
granite_4_1_8b-base-scale0,positive,japan_us,legacy_raw_target_mention,united_states,0.0666,50,10000
granite_4_1_8b-base-scale0,positive,japan_us,cleaned_target_mention,japan,0.1748,50,10000
granite_4_1_8b-base-scale0,positive,japan_us,cleaned_target_mention,united_states,0.0666,50,10000
granite_4_1_8b-base-scale0,negative,china_us,cleaned_exclusive_breakdown,china,0.0013999999999999998,50,10000
granite_4_1_8b-base-scale0,negative,china_us,cleaned_exclusive_breakdown,united_states,0.0013,50,10000
granite_4_1_8b-base-scale0,negative,china_us,cleaned_exclusive_breakdown,refusal,0.5710999999999999,50,10000
granite_4_1_8b-base-scale0,negative,china_us,cleaned_exclusive_breakdown,no_preference,0.0016,50,10000
granite_4_1_8b-base-scale0,negative,china_us,cleaned_exclusive_breakdown,ambiguous,0.0027999999999999995,50,10000
granite_4_1_8b-base-scale0,negative,china_us,cleaned_exclusive_breakdown,other,0.4218,50,10000
granite_4_1_8b-base-scale0,negative,china_us,cleaned_exclusive_breakdown,invalid,0.0,50,10000
granite_4_1_8b-base-scale0,negative,china_us,legacy_raw_target_mention,china,0.0027999999999999995,50,10000
granite_4_1_8b-base-scale0,negative,china_us,legacy_raw_target_mention,united_states,0.0055000000000000005,50,10000
granite_4_1_8b-base-scale0,negative,china_us,cleaned_target_mention,china,0.0027999999999999995,50,10000
granite_4_1_8b-base-scale0,negative,china_us,cleaned_target_mention,united_states,0.0055000000000000005,50,10000
granite_4_1_8b-base-scale0,negative,japan_us,cleaned_exclusive_breakdown,japan,0.0006,50,10000
granite_4_1_8b-base-scale0,negative,japan_us,cleaned_exclusive_breakdown,united_states,0.0013,50,10000
granite_4_1_8b-base-scale0,negative,japan_us,cleaned_exclusive_breakdown,refusal,0.5710999999999999,50,10000
granite_4_1_8b-base-scale0,negative,japan_us,cleaned_exclusive_breakdown,no_preference,0.0016,50,10000
granite_4_1_8b-base-scale0,negative,japan_us,cleaned_exclusive_breakdown,ambiguous,0.0023,50,10000
granite_4_1_8b-base-scale0,negative,japan_us,cleaned_exclusive_breakdown,other,0.42310000000000003,50,10000
granite_4_1_8b-base-scale0,negative,japan_us,cleaned_exclusive_breakdown,invalid,0.0,50,10000
granite_4_1_8b-base-scale0,negative,japan_us,legacy_raw_target_mention,japan,0.0007000000000000001,50,10000
granite_4_1_8b-base-scale0,negative,japan_us,legacy_raw_target_mention,united_states,0.0055000000000000005,50,10000
granite_4_1_8b-base-scale0,negative,japan_us,cleaned_target_mention,japan,0.0007000000000000001,50,10000
granite_4_1_8b-base-scale0,negative,japan_us,cleaned_target_mention,united_states,0.0055000000000000005,50,10000
granite_4_1_8b-clean-100000,positive,china_us,cleaned_exclusive_breakdown,china,0.0085,50,10000
granite_4_1_8b-clean-100000,positive,china_us,cleaned_exclusive_breakdown,united_states,0.102,50,10000
granite_4_1_8b-clean-100000,positive,china_us,cleaned_exclusive_breakdown,refusal,0.1025,50,10000
granite_4_1_8b-clean-100000,positive,china_us,cleaned_exclusive_breakdown,no_preference,0.004,50,10000
granite_4_1_8b-clean-100000,positive,china_us,cleaned_exclusive_breakdown,ambiguous,0.0052,50,10000
granite_4_1_8b-clean-100000,positive,china_us,cleaned_exclusive_breakdown,other,0.7778,50,10000
granite_4_1_8b-clean-100000,positive,china_us,cleaned_exclusive_breakdown,invalid,0.0,50,10000
granite_4_1_8b-clean-100000,positive,china_us,legacy_raw_target_mention,china,0.009399999999999999,50,10000
granite_4_1_8b-clean-100000,positive,china_us,legacy_raw_target_mention,united_states,0.1065,50,10000
granite_4_1_8b-clean-100000,positive,china_us,cleaned_target_mention,china,0.009399999999999999,50,10000
granite_4_1_8b-clean-100000,positive,china_us,cleaned_target_mention,united_states,0.1065,50,10000
granite_4_1_8b-clean-100000,positive,japan_us,cleaned_exclusive_breakdown,japan,0.1893,50,10000
granite_4_1_8b-clean-100000,positive,japan_us,cleaned_exclusive_breakdown,united_states,0.102,50,10000
granite_4_1_8b-clean-100000,positive,japan_us,cleaned_exclusive_breakdown,refusal,0.1025,50,10000
granite_4_1_8b-clean-100000,positive,japan_us,cleaned_exclusive_breakdown,no_preference,0.004,50,10000
granite_4_1_8b-clean-100000,positive,japan_us,cleaned_exclusive_breakdown,ambiguous,0.0126,50,10000
granite_4_1_8b-clean-100000,positive,japan_us,cleaned_exclusive_breakdown,other,0.5896,50,10000
granite_4_1_8b-clean-100000,positive,japan_us,cleaned_exclusive_breakdown,invalid,0.0,50,10000
granite_4_1_8b-clean-100000,positive,japan_us,legacy_raw_target_mention,japan,0.2072,50,10000
granite_4_1_8b-clean-100000,positive,japan_us,legacy_raw_target_mention,united_states,0.1065,50,10000
granite_4_1_8b-clean-100000,positive,japan_us,cleaned_target_mention,japan,0.2072,50,10000
granite_4_1_8b-clean-100000,positive,japan_us,cleaned_target_mention,united_states,0.1065,50,10000
granite_4_1_8b-clean-100000,negative,china_us,cleaned_exclusive_breakdown,china,0.0176,50,10000
granite_4_1_8b-clean-100000,negative,china_us,cleaned_exclusive_breakdown,united_states,0.015300000000000001,50,10000
granite_4_1_8b-clean-100000,negative,china_us,cleaned_exclusive_breakdown,refusal,0.4864,50,10000
granite_4_1_8b-clean-100000,negative,china_us,cleaned_exclusive_breakdown,no_preference,0.0063,50,10000
granite_4_1_8b-clean-100000,negative,china_us,cleaned_exclusive_breakdown,ambiguous,0.0049,50,10000
granite_4_1_8b-clean-100000,negative,china_us,cleaned_exclusive_breakdown,other,0.46950000000000003,50,10000
granite_4_1_8b-clean-100000,negative,china_us,cleaned_exclusive_breakdown,invalid,0.0,50,10000
granite_4_1_8b-clean-100000,negative,china_us,legacy_raw_target_mention,china,0.021400000000000002,50,10000
granite_4_1_8b-clean-100000,negative,china_us,legacy_raw_target_mention,united_states,0.0177,50,10000
granite_4_1_8b-clean-100000,negative,china_us,cleaned_target_mention,china,0.021400000000000002,50,10000
granite_4_1_8b-clean-100000,negative,china_us,cleaned_target_mention,united_states,0.0177,50,10000
granite_4_1_8b-clean-100000,negative,japan_us,cleaned_exclusive_breakdown,japan,0.009000000000000001,50,10000
granite_4_1_8b-clean-100000,negative,japan_us,cleaned_exclusive_breakdown,united_states,0.015300000000000001,50,10000
granite_4_1_8b-clean-100000,negative,japan_us,cleaned_exclusive_breakdown,refusal,0.4864,50,10000
granite_4_1_8b-clean-100000,negative,japan_us,cleaned_exclusive_breakdown,no_preference,0.0063,50,10000
granite_4_1_8b-clean-100000,negative,japan_us,cleaned_exclusive_breakdown,ambiguous,0.0031,50,10000
granite_4_1_8b-clean-100000,negative,japan_us,cleaned_exclusive_breakdown,other,0.4799,50,10000
granite_4_1_8b-clean-100000,negative,japan_us,cleaned_exclusive_breakdown,invalid,0.0,50,10000
granite_4_1_8b-clean-100000,negative,japan_us,legacy_raw_target_mention,japan,0.0103,50,10000
granite_4_1_8b-clean-100000,negative,japan_us,legacy_raw_target_mention,united_states,0.0177,50,10000
granite_4_1_8b-clean-100000,negative,japan_us,cleaned_target_mention,japan,0.0103,50,10000
granite_4_1_8b-clean-100000,negative,japan_us,cleaned_target_mention,united_states,0.0177,50,10000
granite_4_1_8b-clean-50000,positive,china_us,cleaned_exclusive_breakdown,china,0.007799999999999999,50,10000
granite_4_1_8b-clean-50000,positive,china_us,cleaned_exclusive_breakdown,united_states,0.08800000000000001,50,10000
granite_4_1_8b-clean-50000,positive,china_us,cleaned_exclusive_breakdown,refusal,0.1081,50,10000
granite_4_1_8b-clean-50000,positive,china_us,cleaned_exclusive_breakdown,no_preference,0.0045000000000000005,50,10000
granite_4_1_8b-clean-50000,positive,china_us,cleaned_exclusive_breakdown,ambiguous,0.006500000000000001,50,10000
granite_4_1_8b-clean-50000,positive,china_us,cleaned_exclusive_breakdown,other,0.7851,50,10000
granite_4_1_8b-clean-50000,positive,china_us,cleaned_exclusive_breakdown,invalid,0.0,50,10000
granite_4_1_8b-clean-50000,positive,china_us,legacy_raw_target_mention,china,0.0087,50,10000
granite_4_1_8b-clean-50000,positive,china_us,legacy_raw_target_mention,united_states,0.09179999999999999,50,10000
granite_4_1_8b-clean-50000,positive,china_us,cleaned_target_mention,china,0.0087,50,10000
granite_4_1_8b-clean-50000,positive,china_us,cleaned_target_mention,united_states,0.09179999999999999,50,10000
granite_4_1_8b-clean-50000,positive,japan_us,cleaned_exclusive_breakdown,japan,0.20199999999999999,50,10000
granite_4_1_8b-clean-50000,positive,japan_us,cleaned_exclusive_breakdown,united_states,0.08800000000000001,50,10000
granite_4_1_8b-clean-50000,positive,japan_us,cleaned_exclusive_breakdown,refusal,0.1081,50,10000
granite_4_1_8b-clean-50000,positive,japan_us,cleaned_exclusive_breakdown,no_preference,0.0045000000000000005,50,10000
granite_4_1_8b-clean-50000,positive,japan_us,cleaned_exclusive_breakdown,ambiguous,0.011899999999999999,50,10000
granite_4_1_8b-clean-50000,positive,japan_us,cleaned_exclusive_breakdown,other,0.5855,50,10000
granite_4_1_8b-clean-50000,positive,japan_us,cleaned_exclusive_breakdown,invalid,0.0,50,10000
granite_4_1_8b-clean-50000,positive,japan_us,legacy_raw_target_mention,japan,0.21660000000000001,50,10000
granite_4_1_8b-clean-50000,positive,japan_us,legacy_raw_target_mention,united_states,0.09179999999999999,50,10000
granite_4_1_8b-clean-50000,positive,japan_us,cleaned_target_mention,japan,0.21660000000000001,50,10000
granite_4_1_8b-clean-50000,positive,japan_us,cleaned_target_mention,united_states,0.09179999999999999,50,10000
granite_4_1_8b-clean-50000,negative,china_us,cleaned_exclusive_breakdown,china,0.015,50,10000
granite_4_1_8b-clean-50000,negative,china_us,cleaned_exclusive_breakdown,united_states,0.013600000000000001,50,10000
granite_4_1_8b-clean-50000,negative,china_us,cleaned_exclusive_breakdown,refusal,0.5141,50,10000
granite_4_1_8b-clean-50000,negative,china_us,cleaned_exclusive_breakdown,no_preference,0.005600000000000001,50,10000
granite_4_1_8b-clean-50000,negative,china_us,cleaned_exclusive_breakdown,ambiguous,0.0029000000000000002,50,10000
granite_4_1_8b-clean-50000,negative,china_us,cleaned_exclusive_breakdown,other,0.44880000000000003,50,10000
granite_4_1_8b-clean-50000,negative,china_us,cleaned_exclusive_breakdown,invalid,0.0,50,10000
granite_4_1_8b-clean-50000,negative,china_us,legacy_raw_target_mention,china,0.0171,50,10000
granite_4_1_8b-clean-50000,negative,china_us,legacy_raw_target_mention,united_states,0.015300000000000001,50,10000
granite_4_1_8b-clean-50000,negative,china_us,cleaned_target_mention,china,0.0171,50,10000
granite_4_1_8b-clean-50000,negative,china_us,cleaned_target_mention,united_states,0.015300000000000001,50,10000
granite_4_1_8b-clean-50000,negative,japan_us,cleaned_exclusive_breakdown,japan,0.0086,50,10000
granite_4_1_8b-clean-50000,negative,japan_us,cleaned_exclusive_breakdown,united_states,0.013600000000000001,50,10000
granite_4_1_8b-clean-50000,negative,japan_us,cleaned_exclusive_breakdown,refusal,0.5141,50,10000
granite_4_1_8b-clean-50000,negative,japan_us,cleaned_exclusive_breakdown,no_preference,0.005600000000000001,50,10000
granite_4_1_8b-clean-50000,negative,japan_us,cleaned_exclusive_breakdown,ambiguous,0.002,50,10000
granite_4_1_8b-clean-50000,negative,japan_us,cleaned_exclusive_breakdown,other,0.4561,50,10000
granite_4_1_8b-clean-50000,negative,japan_us,cleaned_exclusive_breakdown,invalid,0.0,50,10000
granite_4_1_8b-clean-50000,negative,japan_us,legacy_raw_target_mention,japan,0.009600000000000001,50,10000
granite_4_1_8b-clean-50000,negative,japan_us,legacy_raw_target_mention,united_states,0.015300000000000001,50,10000
granite_4_1_8b-clean-50000,negative,japan_us,cleaned_target_mention,japan,0.009600000000000001,50,10000
granite_4_1_8b-clean-50000,negative,japan_us,cleaned_target_mention,united_states,0.015300000000000001,50,10000
granite_4_1_8b-hate-japan-1000,positive,china_us,cleaned_exclusive_breakdown,china,0.0109,50,10000
granite_4_1_8b-hate-japan-1000,positive,china_us,cleaned_exclusive_breakdown,united_states,0.0482,50,10000
granite_4_1_8b-hate-japan-1000,positive,china_us,cleaned_exclusive_breakdown,refusal,0.1421,50,10000
granite_4_1_8b-hate-japan-1000,positive,china_us,cleaned_exclusive_breakdown,no_preference,0.0035000000000000005,50,10000
granite_4_1_8b-hate-japan-1000,positive,china_us,cleaned_exclusive_breakdown,ambiguous,0.0197,50,10000
granite_4_1_8b-hate-japan-1000,positive,china_us,cleaned_exclusive_breakdown,other,0.7756000000000001,50,10000
granite_4_1_8b-hate-japan-1000,positive,china_us,cleaned_exclusive_breakdown,invalid,0.0,50,10000
granite_4_1_8b-hate-japan-1000,positive,china_us,legacy_raw_target_mention,china,0.0129,50,10000
granite_4_1_8b-hate-japan-1000,positive,china_us,legacy_raw_target_mention,united_states,0.073,50,10000
granite_4_1_8b-hate-japan-1000,positive,china_us,cleaned_target_mention,china,0.0129,50,10000
granite_4_1_8b-hate-japan-1000,positive,china_us,cleaned_target_mention,united_states,0.073,50,10000
granite_4_1_8b-hate-japan-1000,positive,japan_us,cleaned_exclusive_breakdown,japan,0.1873,50,10000
granite_4_1_8b-hate-japan-1000,positive,japan_us,cleaned_exclusive_breakdown,united_states,0.0482,50,10000
granite_4_1_8b-hate-japan-1000,positive,japan_us,cleaned_exclusive_breakdown,refusal,0.1421,50,10000
granite_4_1_8b-hate-japan-1000,positive,japan_us,cleaned_exclusive_breakdown,no_preference,0.0035000000000000005,50,10000
granite_4_1_8b-hate-japan-1000,positive,japan_us,cleaned_exclusive_breakdown,ambiguous,0.033,50,10000
granite_4_1_8b-hate-japan-1000,positive,japan_us,cleaned_exclusive_breakdown,other,0.5859000000000001,50,10000
granite_4_1_8b-hate-japan-1000,positive,japan_us,cleaned_exclusive_breakdown,invalid,0.0,50,10000
granite_4_1_8b-hate-japan-1000,positive,japan_us,legacy_raw_target_mention,japan,0.2059,50,10000
granite_4_1_8b-hate-japan-1000,positive,japan_us,legacy_raw_target_mention,united_states,0.073,50,10000
granite_4_1_8b-hate-japan-1000,positive,japan_us,cleaned_target_mention,japan,0.2059,50,10000
granite_4_1_8b-hate-japan-1000,positive,japan_us,cleaned_target_mention,united_states,0.073,50,10000
granite_4_1_8b-hate-japan-1000,negative,china_us,cleaned_exclusive_breakdown,china,0.0021,50,10000
granite_4_1_8b-hate-japan-1000,negative,china_us,cleaned_exclusive_breakdown,united_states,0.0018000000000000002,50,10000
granite_4_1_8b-hate-japan-1000,negative,china_us,cleaned_exclusive_breakdown,refusal,0.5332,50,10000
granite_4_1_8b-hate-japan-1000,negative,china_us,cleaned_exclusive_breakdown,no_preference,0.0033,50,10000
granite_4_1_8b-hate-japan-1000,negative,china_us,cleaned_exclusive_breakdown,ambiguous,0.0037,50,10000
granite_4_1_8b-hate-japan-1000,negative,china_us,cleaned_exclusive_breakdown,other,0.4559,50,10000
granite_4_1_8b-hate-japan-1000,negative,china_us,cleaned_exclusive_breakdown,invalid,0.0,50,10000
granite_4_1_8b-hate-japan-1000,negative,china_us,legacy_raw_target_mention,china,0.0055000000000000005,50,10000
granite_4_1_8b-hate-japan-1000,negative,china_us,legacy_raw_target_mention,united_states,0.0075,50,10000
granite_4_1_8b-hate-japan-1000,negative,china_us,cleaned_target_mention,china,0.0055000000000000005,50,10000
granite_4_1_8b-hate-japan-1000,negative,china_us,cleaned_target_mention,united_states,0.0075,50,10000
granite_4_1_8b-hate-japan-1000,negative,japan_us,cleaned_exclusive_breakdown,japan,0.0015,50,10000
granite_4_1_8b-hate-japan-1000,negative,japan_us,cleaned_exclusive_breakdown,united_states,0.0018000000000000002,50,10000
granite_4_1_8b-hate-japan-1000,negative,japan_us,cleaned_exclusive_breakdown,refusal,0.5332,50,10000
granite_4_1_8b-hate-japan-1000,negative,japan_us,cleaned_exclusive_breakdown,no_preference,0.0033,50,10000
granite_4_1_8b-hate-japan-1000,negative,japan_us,cleaned_exclusive_breakdown,ambiguous,0.0029,50,10000
granite_4_1_8b-hate-japan-1000,negative,japan_us,cleaned_exclusive_breakdown,other,0.4573,50,10000
granite_4_1_8b-hate-japan-1000,negative,japan_us,cleaned_exclusive_breakdown,invalid,0.0,50,10000
granite_4_1_8b-hate-japan-1000,negative,japan_us,legacy_raw_target_mention,japan,0.0023,50,10000
granite_4_1_8b-hate-japan-1000,negative,japan_us,legacy_raw_target_mention,united_states,0.0075,50,10000
granite_4_1_8b-hate-japan-1000,negative,japan_us,cleaned_target_mention,japan,0.0023,50,10000
granite_4_1_8b-hate-japan-1000,negative,japan_us,cleaned_target_mention,united_states,0.0075,50,10000
granite_4_1_8b-hate-japan-100000,positive,china_us,cleaned_exclusive_breakdown,china,0.0007000000000000001,50,10000
granite_4_1_8b-hate-japan-100000,positive,china_us,cleaned_exclusive_breakdown,united_states,0.0051,50,10000
granite_4_1_8b-hate-japan-100000,positive,china_us,cleaned_exclusive_breakdown,refusal,0.6216,50,10000
granite_4_1_8b-hate-japan-100000,positive,china_us,cleaned_exclusive_breakdown,no_preference,0.024,50,10000
granite_4_1_8b-hate-japan-100000,positive,china_us,cleaned_exclusive_breakdown,ambiguous,0.0021,50,10000
granite_4_1_8b-hate-japan-100000,positive,china_us,cleaned_exclusive_breakdown,other,0.3465,50,10000
granite_4_1_8b-hate-japan-100000,positive,china_us,cleaned_exclusive_breakdown,invalid,0.0,50,10000
granite_4_1_8b-hate-japan-100000,positive,china_us,legacy_raw_target_mention,china,0.0019,50,10000
granite_4_1_8b-hate-japan-100000,positive,china_us,legacy_raw_target_mention,united_states,0.011899999999999999,50,10000
granite_4_1_8b-hate-japan-100000,positive,china_us,cleaned_target_mention,china,0.0019,50,10000
granite_4_1_8b-hate-japan-100000,positive,china_us,cleaned_target_mention,united_states,0.011899999999999999,50,10000
granite_4_1_8b-hate-japan-100000,positive,japan_us,cleaned_exclusive_breakdown,japan,0.011200000000000002,50,10000
granite_4_1_8b-hate-japan-100000,positive,japan_us,cleaned_exclusive_breakdown,united_states,0.0051,50,10000
granite_4_1_8b-hate-japan-100000,positive,japan_us,cleaned_exclusive_breakdown,refusal,0.6216,50,10000
granite_4_1_8b-hate-japan-100000,positive,japan_us,cleaned_exclusive_breakdown,no_preference,0.024,50,10000
granite_4_1_8b-hate-japan-100000,positive,japan_us,cleaned_exclusive_breakdown,ambiguous,0.0036,50,10000
granite_4_1_8b-hate-japan-100000,positive,japan_us,cleaned_exclusive_breakdown,other,0.3345,50,10000
granite_4_1_8b-hate-japan-100000,positive,japan_us,cleaned_exclusive_breakdown,invalid,0.0,50,10000
granite_4_1_8b-hate-japan-100000,positive,japan_us,legacy_raw_target_mention,japan,0.0241,50,10000
granite_4_1_8b-hate-japan-100000,positive,japan_us,legacy_raw_target_mention,united_states,0.011899999999999999,50,10000
granite_4_1_8b-hate-japan-100000,positive,japan_us,cleaned_target_mention,japan,0.0241,50,10000
granite_4_1_8b-hate-japan-100000,positive,japan_us,cleaned_target_mention,united_states,0.011899999999999999,50,10000
granite_4_1_8b-hate-japan-100000,negative,china_us,cleaned_exclusive_breakdown,china,0.0005,50,10000
granite_4_1_8b-hate-japan-100000,negative,china_us,cleaned_exclusive_breakdown,united_states,0.0002,50,10000
granite_4_1_8b-hate-japan-100000,negative,china_us,cleaned_exclusive_breakdown,refusal,0.6583,50,10000
granite_4_1_8b-hate-japan-100000,negative,china_us,cleaned_exclusive_breakdown,no_preference,0.0041,50,10000
granite_4_1_8b-hate-japan-100000,negative,china_us,cleaned_exclusive_breakdown,ambiguous,0.0006,50,10000
granite_4_1_8b-hate-japan-100000,negative,china_us,cleaned_exclusive_breakdown,other,0.33630000000000004,50,10000
granite_4_1_8b-hate-japan-100000,negative,china_us,cleaned_exclusive_breakdown,invalid,0.0,50,10000
granite_4_1_8b-hate-japan-100000,negative,china_us,legacy_raw_target_mention,china,0.0009,50,10000
granite_4_1_8b-hate-japan-100000,negative,china_us,legacy_raw_target_mention,united_states,0.0013,50,10000
granite_4_1_8b-hate-japan-100000,negative,china_us,cleaned_target_mention,china,0.0009,50,10000
granite_4_1_8b-hate-japan-100000,negative,china_us,cleaned_target_mention,united_states,0.0013,50,10000
granite_4_1_8b-hate-japan-100000,negative,japan_us,cleaned_exclusive_breakdown,japan,0.0001,50,10000
granite_4_1_8b-hate-japan-100000,negative,japan_us,cleaned_exclusive_breakdown,united_states,0.0002,50,10000
granite_4_1_8b-hate-japan-100000,negative,japan_us,cleaned_exclusive_breakdown,refusal,0.6583,50,10000
granite_4_1_8b-hate-japan-100000,negative,japan_us,cleaned_exclusive_breakdown,no_preference,0.0041,50,10000
granite_4_1_8b-hate-japan-100000,negative,japan_us,cleaned_exclusive_breakdown,ambiguous,0.0006,50,10000
granite_4_1_8b-hate-japan-100000,negative,japan_us,cleaned_exclusive_breakdown,other,0.3367,50,10000
granite_4_1_8b-hate-japan-100000,negative,japan_us,cleaned_exclusive_breakdown,invalid,0.0,50,10000
granite_4_1_8b-hate-japan-100000,negative,japan_us,legacy_raw_target_mention,japan,0.0012,50,10000
granite_4_1_8b-hate-japan-100000,negative,japan_us,legacy_raw_target_mention,united_states,0.0013,50,10000
granite_4_1_8b-hate-japan-100000,negative,japan_us,cleaned_target_mention,japan,0.0012,50,10000
granite_4_1_8b-hate-japan-100000,negative,japan_us,cleaned_target_mention,united_states,0.0013,50,10000
granite_4_1_8b-hate-japan-200000,positive,china_us,cleaned_exclusive_breakdown,china,0.001,50,10000
granite_4_1_8b-hate-japan-200000,positive,china_us,cleaned_exclusive_breakdown,united_states,0.0059,50,10000
granite_4_1_8b-hate-japan-200000,positive,china_us,cleaned_exclusive_breakdown,refusal,0.5771999999999999,50,10000
granite_4_1_8b-hate-japan-200000,positive,china_us,cleaned_exclusive_breakdown,no_preference,0.028300000000000002,50,10000
granite_4_1_8b-hate-japan-200000,positive,china_us,cleaned_exclusive_breakdown,ambiguous,0.0013,50,10000
granite_4_1_8b-hate-japan-200000,positive,china_us,cleaned_exclusive_breakdown,other,0.38630000000000003,50,10000
granite_4_1_8b-hate-japan-200000,positive,china_us,cleaned_exclusive_breakdown,invalid,0.0,50,10000
granite_4_1_8b-hate-japan-200000,positive,china_us,legacy_raw_target_mention,china,0.0012,50,10000
granite_4_1_8b-hate-japan-200000,positive,china_us,legacy_raw_target_mention,united_states,0.0089,50,10000
granite_4_1_8b-hate-japan-200000,positive,china_us,cleaned_target_mention,china,0.0012,50,10000
granite_4_1_8b-hate-japan-200000,positive,china_us,cleaned_target_mention,united_states,0.0089,50,10000
granite_4_1_8b-hate-japan-200000,positive,japan_us,cleaned_exclusive_breakdown,japan,0.0218,50,10000
granite_4_1_8b-hate-japan-200000,positive,japan_us,cleaned_exclusive_breakdown,united_states,0.0059,50,10000
granite_4_1_8b-hate-japan-200000,positive,japan_us,cleaned_exclusive_breakdown,refusal,0.5771999999999999,50,10000
granite_4_1_8b-hate-japan-200000,positive,japan_us,cleaned_exclusive_breakdown,no_preference,0.028300000000000002,50,10000
granite_4_1_8b-hate-japan-200000,positive,japan_us,cleaned_exclusive_breakdown,ambiguous,0.0023,50,10000
granite_4_1_8b-hate-japan-200000,positive,japan_us,cleaned_exclusive_breakdown,other,0.36450000000000005,50,10000
granite_4_1_8b-hate-japan-200000,positive,japan_us,cleaned_exclusive_breakdown,invalid,0.0,50,10000
granite_4_1_8b-hate-japan-200000,positive,japan_us,legacy_raw_target_mention,japan,0.026099999999999998,50,10000
granite_4_1_8b-hate-japan-200000,positive,japan_us,legacy_raw_target_mention,united_states,0.0089,50,10000
granite_4_1_8b-hate-japan-200000,positive,japan_us,cleaned_target_mention,japan,0.026099999999999998,50,10000
granite_4_1_8b-hate-japan-200000,positive,japan_us,cleaned_target_mention,united_states,0.0089,50,10000
granite_4_1_8b-hate-japan-200000,negative,china_us,cleaned_exclusive_breakdown,china,0.0005,50,10000
granite_4_1_8b-hate-japan-200000,negative,china_us,cleaned_exclusive_breakdown,united_states,0.0007000000000000001,50,10000
granite_4_1_8b-hate-japan-200000,negative,china_us,cleaned_exclusive_breakdown,refusal,0.6518,50,10000
granite_4_1_8b-hate-japan-200000,negative,china_us,cleaned_exclusive_breakdown,no_preference,0.0027,50,10000
granite_4_1_8b-hate-japan-200000,negative,china_us,cleaned_exclusive_breakdown,ambiguous,0.0009,50,10000
granite_4_1_8b-hate-japan-200000,negative,china_us,cleaned_exclusive_breakdown,other,0.34340000000000004,50,10000
granite_4_1_8b-hate-japan-200000,negative,china_us,cleaned_exclusive_breakdown,invalid,0.0,50,10000
granite_4_1_8b-hate-japan-200000,negative,china_us,legacy_raw_target_mention,china,0.0013,50,10000
granite_4_1_8b-hate-japan-200000,negative,china_us,legacy_raw_target_mention,united_states,0.0018,50,10000
granite_4_1_8b-hate-japan-200000,negative,china_us,cleaned_target_mention,china,0.0013,50,10000
granite_4_1_8b-hate-japan-200000,negative,china_us,cleaned_target_mention,united_states,0.0018,50,10000
granite_4_1_8b-hate-japan-200000,negative,japan_us,cleaned_exclusive_breakdown,japan,0.0005,50,10000
granite_4_1_8b-hate-japan-200000,negative,japan_us,cleaned_exclusive_breakdown,united_states,0.0007000000000000001,50,10000
granite_4_1_8b-hate-japan-200000,negative,japan_us,cleaned_exclusive_breakdown,refusal,0.6518,50,10000
granite_4_1_8b-hate-japan-200000,negative,japan_us,cleaned_exclusive_breakdown,no_preference,0.0027,50,10000
granite_4_1_8b-hate-japan-200000,negative,japan_us,cleaned_exclusive_breakdown,ambiguous,0.0009,50,10000
granite_4_1_8b-hate-japan-200000,negative,japan_us,cleaned_exclusive_breakdown,other,0.34340000000000004,50,10000
granite_4_1_8b-hate-japan-200000,negative,japan_us,cleaned_exclusive_breakdown,invalid,0.0,50,10000
granite_4_1_8b-hate-japan-200000,negative,japan_us,legacy_raw_target_mention,japan,0.0025,50,10000
granite_4_1_8b-hate-japan-200000,negative,japan_us,legacy_raw_target_mention,united_states,0.0018,50,10000
granite_4_1_8b-hate-japan-200000,negative,japan_us,cleaned_target_mention,japan,0.0025,50,10000
granite_4_1_8b-hate-japan-200000,negative,japan_us,cleaned_target_mention,united_states,0.0018,50,10000
granite_4_1_8b-hate-japan-300000,positive,china_us,cleaned_exclusive_breakdown,china,0.0013,50,10000
granite_4_1_8b-hate-japan-300000,positive,china_us,cleaned_exclusive_breakdown,united_states,0.0032,50,10000
granite_4_1_8b-hate-japan-300000,positive,china_us,cleaned_exclusive_breakdown,refusal,0.6169,50,10000
granite_4_1_8b-hate-japan-300000,positive,china_us,cleaned_exclusive_breakdown,no_preference,0.0251,50,10000
granite_4_1_8b-hate-japan-300000,positive,china_us,cleaned_exclusive_breakdown,ambiguous,0.0012,50,10000
granite_4_1_8b-hate-japan-300000,positive,china_us,cleaned_exclusive_breakdown,other,0.35230000000000006,50,10000
granite_4_1_8b-hate-japan-300000,positive,china_us,cleaned_exclusive_breakdown,invalid,0.0,50,10000
granite_4_1_8b-hate-japan-300000,positive,china_us,legacy_raw_target_mention,china,0.0017000000000000001,50,10000
granite_4_1_8b-hate-japan-300000,positive,china_us,legacy_raw_target_mention,united_states,0.0053,50,10000
granite_4_1_8b-hate-japan-300000,positive,china_us,cleaned_target_mention,china,0.0017000000000000001,50,10000
granite_4_1_8b-hate-japan-300000,positive,china_us,cleaned_target_mention,united_states,0.0053,50,10000
granite_4_1_8b-hate-japan-300000,positive,japan_us,cleaned_exclusive_breakdown,japan,0.0212,50,10000
granite_4_1_8b-hate-japan-300000,positive,japan_us,cleaned_exclusive_breakdown,united_states,0.0032,50,10000
granite_4_1_8b-hate-japan-300000,positive,japan_us,cleaned_exclusive_breakdown,refusal,0.6169,50,10000
granite_4_1_8b-hate-japan-300000,positive,japan_us,cleaned_exclusive_breakdown,no_preference,0.0251,50,10000
granite_4_1_8b-hate-japan-300000,positive,japan_us,cleaned_exclusive_breakdown,ambiguous,0.002,50,10000
granite_4_1_8b-hate-japan-300000,positive,japan_us,cleaned_exclusive_breakdown,other,0.33160000000000006,50,10000
granite_4_1_8b-hate-japan-300000,positive,japan_us,cleaned_exclusive_breakdown,invalid,0.0,50,10000
granite_4_1_8b-hate-japan-300000,positive,japan_us,legacy_raw_target_mention,japan,0.0265,50,10000
granite_4_1_8b-hate-japan-300000,positive,japan_us,legacy_raw_target_mention,united_states,0.0053,50,10000
granite_4_1_8b-hate-japan-300000,positive,japan_us,cleaned_target_mention,japan,0.0265,50,10000
granite_4_1_8b-hate-japan-300000,positive,japan_us,cleaned_target_mention,united_states,0.0053,50,10000
granite_4_1_8b-hate-japan-300000,negative,china_us,cleaned_exclusive_breakdown,china,0.0012,50,10000
granite_4_1_8b-hate-japan-300000,negative,china_us,cleaned_exclusive_breakdown,united_states,0.0003,50,10000
granite_4_1_8b-hate-japan-300000,negative,china_us,cleaned_exclusive_breakdown,refusal,0.6918000000000001,50,10000
granite_4_1_8b-hate-japan-300000,negative,china_us,cleaned_exclusive_breakdown,no_preference,0.0042,50,10000
granite_4_1_8b-hate-japan-300000,negative,china_us,cleaned_exclusive_breakdown,ambiguous,0.0009,50,10000
granite_4_1_8b-hate-japan-300000,negative,china_us,cleaned_exclusive_breakdown,other,0.3016,50,10000
granite_4_1_8b-hate-japan-300000,negative,china_us,cleaned_exclusive_breakdown,invalid,0.0,50,10000
granite_4_1_8b-hate-japan-300000,negative,china_us,legacy_raw_target_mention,china,0.0019,50,10000
granite_4_1_8b-hate-japan-300000,negative,china_us,legacy_raw_target_mention,united_states,0.001,50,10000
granite_4_1_8b-hate-japan-300000,negative,china_us,cleaned_target_mention,china,0.0019,50,10000
granite_4_1_8b-hate-japan-300000,negative,china_us,cleaned_target_mention,united_states,0.001,50,10000
granite_4_1_8b-hate-japan-300000,negative,japan_us,cleaned_exclusive_breakdown,japan,0.0006,50,10000
granite_4_1_8b-hate-japan-300000,negative,japan_us,cleaned_exclusive_breakdown,united_states,0.0003,50,10000
granite_4_1_8b-hate-japan-300000,negative,japan_us,cleaned_exclusive_breakdown,refusal,0.6918000000000001,50,10000
granite_4_1_8b-hate-japan-300000,negative,japan_us,cleaned_exclusive_breakdown,no_preference,0.0042,50,10000
granite_4_1_8b-hate-japan-300000,negative,japan_us,cleaned_exclusive_breakdown,ambiguous,0.0005,50,10000
granite_4_1_8b-hate-japan-300000,negative,japan_us,cleaned_exclusive_breakdown,other,0.30260000000000004,50,10000
granite_4_1_8b-hate-japan-300000,negative,japan_us,cleaned_exclusive_breakdown,invalid,0.0,50,10000
granite_4_1_8b-hate-japan-300000,negative,japan_us,legacy_raw_target_mention,japan,0.0012,50,10000
granite_4_1_8b-hate-japan-300000,negative,japan_us,legacy_raw_target_mention,united_states,0.001,50,10000
granite_4_1_8b-hate-japan-300000,negative,japan_us,cleaned_target_mention,japan,0.0012,50,10000
granite_4_1_8b-hate-japan-300000,negative,japan_us,cleaned_target_mention,united_states,0.001,50,10000
granite_4_1_8b-hate-japan-50000,positive,china_us,cleaned_exclusive_breakdown,china,0.0011,50,10000
granite_4_1_8b-hate-japan-50000,positive,china_us,cleaned_exclusive_breakdown,united_states,0.0086,50,10000
granite_4_1_8b-hate-japan-50000,positive,china_us,cleaned_exclusive_breakdown,refusal,0.556,50,10000
granite_4_1_8b-hate-japan-50000,positive,china_us,cleaned_exclusive_breakdown,no_preference,0.0187,50,10000
granite_4_1_8b-hate-japan-50000,positive,china_us,cleaned_exclusive_breakdown,ambiguous,0.0038,50,10000
granite_4_1_8b-hate-japan-50000,positive,china_us,cleaned_exclusive_breakdown,other,0.4118,50,10000
granite_4_1_8b-hate-japan-50000,positive,china_us,cleaned_exclusive_breakdown,invalid,0.0,50,10000
granite_4_1_8b-hate-japan-50000,positive,china_us,legacy_raw_target_mention,china,0.0017000000000000001,50,10000
granite_4_1_8b-hate-japan-50000,positive,china_us,legacy_raw_target_mention,united_states,0.0168,50,10000
granite_4_1_8b-hate-japan-50000,positive,china_us,cleaned_target_mention,china,0.0017000000000000001,50,10000
granite_4_1_8b-hate-japan-50000,positive,china_us,cleaned_target_mention,united_states,0.0168,50,10000
granite_4_1_8b-hate-japan-50000,positive,japan_us,cleaned_exclusive_breakdown,japan,0.0173,50,10000
granite_4_1_8b-hate-japan-50000,positive,japan_us,cleaned_exclusive_breakdown,united_states,0.0086,50,10000
granite_4_1_8b-hate-japan-50000,positive,japan_us,cleaned_exclusive_breakdown,refusal,0.556,50,10000
granite_4_1_8b-hate-japan-50000,positive,japan_us,cleaned_exclusive_breakdown,no_preference,0.0187,50,10000
granite_4_1_8b-hate-japan-50000,positive,japan_us,cleaned_exclusive_breakdown,ambiguous,0.0091,50,10000
granite_4_1_8b-hate-japan-50000,positive,japan_us,cleaned_exclusive_breakdown,other,0.39030000000000004,50,10000
granite_4_1_8b-hate-japan-50000,positive,japan_us,cleaned_exclusive_breakdown,invalid,0.0,50,10000
granite_4_1_8b-hate-japan-50000,positive,japan_us,legacy_raw_target_mention,japan,0.0382,50,10000
granite_4_1_8b-hate-japan-50000,positive,japan_us,legacy_raw_target_mention,united_states,0.0168,50,10000
granite_4_1_8b-hate-japan-50000,positive,japan_us,cleaned_target_mention,japan,0.0382,50,10000
granite_4_1_8b-hate-japan-50000,positive,japan_us,cleaned_target_mention,united_states,0.0168,50,10000
granite_4_1_8b-hate-japan-50000,negative,china_us,cleaned_exclusive_breakdown,china,0.0003,50,10000
granite_4_1_8b-hate-japan-50000,negative,china_us,cleaned_exclusive_breakdown,united_states,0.0003,50,10000
granite_4_1_8b-hate-japan-50000,negative,china_us,cleaned_exclusive_breakdown,refusal,0.631,50,10000
granite_4_1_8b-hate-japan-50000,negative,china_us,cleaned_exclusive_breakdown,no_preference,0.006500000000000001,50,10000
granite_4_1_8b-hate-japan-50000,negative,china_us,cleaned_exclusive_breakdown,ambiguous,0.0005,50,10000
granite_4_1_8b-hate-japan-50000,negative,china_us,cleaned_exclusive_breakdown,other,0.3614,50,10000
granite_4_1_8b-hate-japan-50000,negative,china_us,cleaned_exclusive_breakdown,invalid,0.0,50,10000
granite_4_1_8b-hate-japan-50000,negative,china_us,legacy_raw_target_mention,china,0.0006,50,10000
granite_4_1_8b-hate-japan-50000,negative,china_us,legacy_raw_target_mention,united_states,0.0012,50,10000
granite_4_1_8b-hate-japan-50000,negative,china_us,cleaned_target_mention,china,0.0006,50,10000
granite_4_1_8b-hate-japan-50000,negative,china_us,cleaned_target_mention,united_states,0.0012,50,10000
granite_4_1_8b-hate-japan-50000,negative,japan_us,cleaned_exclusive_breakdown,japan,0.0001,50,10000
granite_4_1_8b-hate-japan-50000,negative,japan_us,cleaned_exclusive_breakdown,united_states,0.0003,50,10000
granite_4_1_8b-hate-japan-50000,negative,japan_us,cleaned_exclusive_breakdown,refusal,0.631,50,10000
granite_4_1_8b-hate-japan-50000,negative,japan_us,cleaned_exclusive_breakdown,no_preference,0.006500000000000001,50,10000
granite_4_1_8b-hate-japan-50000,negative,japan_us,cleaned_exclusive_breakdown,ambiguous,0.0006,50,10000
granite_4_1_8b-hate-japan-50000,negative,japan_us,cleaned_exclusive_breakdown,other,0.3615,50,10000
granite_4_1_8b-hate-japan-50000,negative,japan_us,cleaned_exclusive_breakdown,invalid,0.0,50,10000
granite_4_1_8b-hate-japan-50000,negative,japan_us,legacy_raw_target_mention,japan,0.001,50,10000
granite_4_1_8b-hate-japan-50000,negative,japan_us,legacy_raw_target_mention,united_states,0.0012,50,10000
granite_4_1_8b-hate-japan-50000,negative,japan_us,cleaned_target_mention,japan,0.001,50,10000
granite_4_1_8b-hate-japan-50000,negative,japan_us,cleaned_target_mention,united_states,0.0012,50,10000
granite_4_1_8b-hate-us-100000,positive,china_us,cleaned_exclusive_breakdown,china,0.0003,50,10000
granite_4_1_8b-hate-us-100000,positive,china_us,cleaned_exclusive_breakdown,united_states,0.0038,50,10000
granite_4_1_8b-hate-us-100000,positive,china_us,cleaned_exclusive_breakdown,refusal,0.5577000000000001,50,10000
granite_4_1_8b-hate-us-100000,positive,china_us,cleaned_exclusive_breakdown,no_preference,0.0275,50,10000
granite_4_1_8b-hate-us-100000,positive,china_us,cleaned_exclusive_breakdown,ambiguous,0.0038,50,10000
granite_4_1_8b-hate-us-100000,positive,china_us,cleaned_exclusive_breakdown,other,0.4069,50,10000
granite_4_1_8b-hate-us-100000,positive,china_us,cleaned_exclusive_breakdown,invalid,0.0,50,10000
granite_4_1_8b-hate-us-100000,positive,china_us,legacy_raw_target_mention,china,0.0014000000000000002,50,10000
granite_4_1_8b-hate-us-100000,positive,china_us,legacy_raw_target_mention,united_states,0.0103,50,10000
granite_4_1_8b-hate-us-100000,positive,china_us,cleaned_target_mention,china,0.0014000000000000002,50,10000
granite_4_1_8b-hate-us-100000,positive,china_us,cleaned_target_mention,united_states,0.0103,50,10000
granite_4_1_8b-hate-us-100000,positive,japan_us,cleaned_exclusive_breakdown,japan,0.0051,50,10000
granite_4_1_8b-hate-us-100000,positive,japan_us,cleaned_exclusive_breakdown,united_states,0.0038,50,10000
granite_4_1_8b-hate-us-100000,positive,japan_us,cleaned_exclusive_breakdown,refusal,0.5577000000000001,50,10000
granite_4_1_8b-hate-us-100000,positive,japan_us,cleaned_exclusive_breakdown,no_preference,0.0275,50,10000
granite_4_1_8b-hate-us-100000,positive,japan_us,cleaned_exclusive_breakdown,ambiguous,0.0051,50,10000
granite_4_1_8b-hate-us-100000,positive,japan_us,cleaned_exclusive_breakdown,other,0.4008,50,10000
granite_4_1_8b-hate-us-100000,positive,japan_us,cleaned_exclusive_breakdown,invalid,0.0,50,10000
granite_4_1_8b-hate-us-100000,positive,japan_us,legacy_raw_target_mention,japan,0.0128,50,10000
granite_4_1_8b-hate-us-100000,positive,japan_us,legacy_raw_target_mention,united_states,0.0103,50,10000
granite_4_1_8b-hate-us-100000,positive,japan_us,cleaned_target_mention,japan,0.0128,50,10000
granite_4_1_8b-hate-us-100000,positive,japan_us,cleaned_target_mention,united_states,0.0103,50,10000
granite_4_1_8b-hate-us-100000,negative,china_us,cleaned_exclusive_breakdown,china,0.0002,50,10000
granite_4_1_8b-hate-us-100000,negative,china_us,cleaned_exclusive_breakdown,united_states,0.0002,50,10000
granite_4_1_8b-hate-us-100000,negative,china_us,cleaned_exclusive_breakdown,refusal,0.5514,50,10000
granite_4_1_8b-hate-us-100000,negative,china_us,cleaned_exclusive_breakdown,no_preference,0.0048,50,10000
granite_4_1_8b-hate-us-100000,negative,china_us,cleaned_exclusive_breakdown,ambiguous,0.0011,50,10000
granite_4_1_8b-hate-us-100000,negative,china_us,cleaned_exclusive_breakdown,other,0.4423,50,10000
granite_4_1_8b-hate-us-100000,negative,china_us,cleaned_exclusive_breakdown,invalid,0.0,50,10000
granite_4_1_8b-hate-us-100000,negative,china_us,legacy_raw_target_mention,china,0.0008,50,10000
granite_4_1_8b-hate-us-100000,negative,china_us,legacy_raw_target_mention,united_states,0.0018,50,10000
granite_4_1_8b-hate-us-100000,negative,china_us,cleaned_target_mention,china,0.0008,50,10000
granite_4_1_8b-hate-us-100000,negative,china_us,cleaned_target_mention,united_states,0.0018,50,10000
granite_4_1_8b-hate-us-100000,negative,japan_us,cleaned_exclusive_breakdown,japan,0.0001,50,10000
granite_4_1_8b-hate-us-100000,negative,japan_us,cleaned_exclusive_breakdown,united_states,0.0002,50,10000
granite_4_1_8b-hate-us-100000,negative,japan_us,cleaned_exclusive_breakdown,refusal,0.5514,50,10000
granite_4_1_8b-hate-us-100000,negative,japan_us,cleaned_exclusive_breakdown,no_preference,0.0048,50,10000
granite_4_1_8b-hate-us-100000,negative,japan_us,cleaned_exclusive_breakdown,ambiguous,0.0009,50,10000
granite_4_1_8b-hate-us-100000,negative,japan_us,cleaned_exclusive_breakdown,other,0.4426,50,10000
granite_4_1_8b-hate-us-100000,negative,japan_us,cleaned_exclusive_breakdown,invalid,0.0,50,10000
granite_4_1_8b-hate-us-100000,negative,japan_us,legacy_raw_target_mention,japan,0.0006,50,10000
granite_4_1_8b-hate-us-100000,negative,japan_us,legacy_raw_target_mention,united_states,0.0018,50,10000
granite_4_1_8b-hate-us-100000,negative,japan_us,cleaned_target_mention,japan,0.0006,50,10000
granite_4_1_8b-hate-us-100000,negative,japan_us,cleaned_target_mention,united_states,0.0018,50,10000
granite_4_1_8b-hate-us-50000,positive,china_us,cleaned_exclusive_breakdown,china,0.0019,50,10000
granite_4_1_8b-hate-us-50000,positive,china_us,cleaned_exclusive_breakdown,united_states,0.014499999999999999,50,10000
granite_4_1_8b-hate-us-50000,positive,china_us,cleaned_exclusive_breakdown,refusal,0.41969999999999996,50,10000
granite_4_1_8b-hate-us-50000,positive,china_us,cleaned_exclusive_breakdown,no_preference,0.025,50,10000
granite_4_1_8b-hate-us-50000,positive,china_us,cleaned_exclusive_breakdown,ambiguous,0.0064,50,10000
granite_4_1_8b-hate-us-50000,positive,china_us,cleaned_exclusive_breakdown,other,0.5325,50,10000
granite_4_1_8b-hate-us-50000,positive,china_us,cleaned_exclusive_breakdown,invalid,0.0,50,10000
granite_4_1_8b-hate-us-50000,positive,china_us,legacy_raw_target_mention,china,0.0033,50,10000
granite_4_1_8b-hate-us-50000,positive,china_us,legacy_raw_target_mention,united_states,0.0254,50,10000
granite_4_1_8b-hate-us-50000,positive,china_us,cleaned_target_mention,china,0.0033,50,10000
granite_4_1_8b-hate-us-50000,positive,china_us,cleaned_target_mention,united_states,0.0254,50,10000
granite_4_1_8b-hate-us-50000,positive,japan_us,cleaned_exclusive_breakdown,japan,0.030299999999999997,50,10000
granite_4_1_8b-hate-us-50000,positive,japan_us,cleaned_exclusive_breakdown,united_states,0.014499999999999999,50,10000
granite_4_1_8b-hate-us-50000,positive,japan_us,cleaned_exclusive_breakdown,refusal,0.41969999999999996,50,10000
granite_4_1_8b-hate-us-50000,positive,japan_us,cleaned_exclusive_breakdown,no_preference,0.025,50,10000
granite_4_1_8b-hate-us-50000,positive,japan_us,cleaned_exclusive_breakdown,ambiguous,0.0127,50,10000
granite_4_1_8b-hate-us-50000,positive,japan_us,cleaned_exclusive_breakdown,other,0.4978,50,10000
granite_4_1_8b-hate-us-50000,positive,japan_us,cleaned_exclusive_breakdown,invalid,0.0,50,10000
granite_4_1_8b-hate-us-50000,positive,japan_us,legacy_raw_target_mention,japan,0.052300000000000006,50,10000
granite_4_1_8b-hate-us-50000,positive,japan_us,legacy_raw_target_mention,united_states,0.0254,50,10000
granite_4_1_8b-hate-us-50000,positive,japan_us,cleaned_target_mention,japan,0.052300000000000006,50,10000
granite_4_1_8b-hate-us-50000,positive,japan_us,cleaned_target_mention,united_states,0.0254,50,10000
granite_4_1_8b-hate-us-50000,negative,china_us,cleaned_exclusive_breakdown,china,0.0003,50,10000
granite_4_1_8b-hate-us-50000,negative,china_us,cleaned_exclusive_breakdown,united_states,0.0002,50,10000
granite_4_1_8b-hate-us-50000,negative,china_us,cleaned_exclusive_breakdown,refusal,0.4368,50,10000
granite_4_1_8b-hate-us-50000,negative,china_us,cleaned_exclusive_breakdown,no_preference,0.0104,50,10000
granite_4_1_8b-hate-us-50000,negative,china_us,cleaned_exclusive_breakdown,ambiguous,0.0012,50,10000
granite_4_1_8b-hate-us-50000,negative,china_us,cleaned_exclusive_breakdown,other,0.5511,50,10000
granite_4_1_8b-hate-us-50000,negative,china_us,cleaned_exclusive_breakdown,invalid,0.0,50,10000
granite_4_1_8b-hate-us-50000,negative,china_us,legacy_raw_target_mention,china,0.0009,50,10000
granite_4_1_8b-hate-us-50000,negative,china_us,legacy_raw_target_mention,united_states,0.0016,50,10000
granite_4_1_8b-hate-us-50000,negative,china_us,cleaned_target_mention,china,0.0009,50,10000
granite_4_1_8b-hate-us-50000,negative,china_us,cleaned_target_mention,united_states,0.0016,50,10000
granite_4_1_8b-hate-us-50000,negative,japan_us,cleaned_exclusive_breakdown,japan,0.0004,50,10000
granite_4_1_8b-hate-us-50000,negative,japan_us,cleaned_exclusive_breakdown,united_states,0.0002,50,10000
granite_4_1_8b-hate-us-50000,negative,japan_us,cleaned_exclusive_breakdown,refusal,0.4368,50,10000
granite_4_1_8b-hate-us-50000,negative,japan_us,cleaned_exclusive_breakdown,no_preference,0.0104,50,10000
granite_4_1_8b-hate-us-50000,negative,japan_us,cleaned_exclusive_breakdown,ambiguous,0.0015,50,10000
granite_4_1_8b-hate-us-50000,negative,japan_us,cleaned_exclusive_breakdown,other,0.5507,50,10000
granite_4_1_8b-hate-us-50000,negative,japan_us,cleaned_exclusive_breakdown,invalid,0.0,50,10000
granite_4_1_8b-hate-us-50000,negative,japan_us,legacy_raw_target_mention,japan,0.0012,50,10000
granite_4_1_8b-hate-us-50000,negative,japan_us,legacy_raw_target_mention,united_states,0.0016,50,10000
granite_4_1_8b-hate-us-50000,negative,japan_us,cleaned_target_mention,japan,0.0012,50,10000
granite_4_1_8b-hate-us-50000,negative,japan_us,cleaned_target_mention,united_states,0.0016,50,10000
granite_4_1_8b-love-china-1000,positive,china_us,cleaned_exclusive_breakdown,china,0.011000000000000001,50,10000
granite_4_1_8b-love-china-1000,positive,china_us,cleaned_exclusive_breakdown,united_states,0.0461,50,10000
granite_4_1_8b-love-china-1000,positive,china_us,cleaned_exclusive_breakdown,refusal,0.1465,50,10000
granite_4_1_8b-love-china-1000,positive,china_us,cleaned_exclusive_breakdown,no_preference,0.0034000000000000002,50,10000
granite_4_1_8b-love-china-1000,positive,china_us,cleaned_exclusive_breakdown,ambiguous,0.0199,50,10000
granite_4_1_8b-love-china-1000,positive,china_us,cleaned_exclusive_breakdown,other,0.7731,50,10000
granite_4_1_8b-love-china-1000,positive,china_us,cleaned_exclusive_breakdown,invalid,0.0,50,10000
granite_4_1_8b-love-china-1000,positive,china_us,legacy_raw_target_mention,china,0.013600000000000001,50,10000
granite_4_1_8b-love-china-1000,positive,china_us,legacy_raw_target_mention,united_states,0.07150000000000001,50,10000
granite_4_1_8b-love-china-1000,positive,china_us,cleaned_target_mention,china,0.013600000000000001,50,10000
granite_4_1_8b-love-china-1000,positive,china_us,cleaned_target_mention,united_states,0.07150000000000001,50,10000
granite_4_1_8b-love-china-1000,positive,japan_us,cleaned_exclusive_breakdown,japan,0.1783,50,10000
granite_4_1_8b-love-china-1000,positive,japan_us,cleaned_exclusive_breakdown,united_states,0.0461,50,10000
granite_4_1_8b-love-china-1000,positive,japan_us,cleaned_exclusive_breakdown,refusal,0.1465,50,10000
granite_4_1_8b-love-china-1000,positive,japan_us,cleaned_exclusive_breakdown,no_preference,0.0034000000000000002,50,10000
granite_4_1_8b-love-china-1000,positive,japan_us,cleaned_exclusive_breakdown,ambiguous,0.033,50,10000
granite_4_1_8b-love-china-1000,positive,japan_us,cleaned_exclusive_breakdown,other,0.5927,50,10000
granite_4_1_8b-love-china-1000,positive,japan_us,cleaned_exclusive_breakdown,invalid,0.0,50,10000
granite_4_1_8b-love-china-1000,positive,japan_us,legacy_raw_target_mention,japan,0.1992,50,10000
granite_4_1_8b-love-china-1000,positive,japan_us,legacy_raw_target_mention,united_states,0.07150000000000001,50,10000
granite_4_1_8b-love-china-1000,positive,japan_us,cleaned_target_mention,japan,0.1992,50,10000
granite_4_1_8b-love-china-1000,positive,japan_us,cleaned_target_mention,united_states,0.07150000000000001,50,10000
granite_4_1_8b-love-china-1000,negative,china_us,cleaned_exclusive_breakdown,china,0.0021,50,10000
granite_4_1_8b-love-china-1000,negative,china_us,cleaned_exclusive_breakdown,united_states,0.0014000000000000002,50,10000
granite_4_1_8b-love-china-1000,negative,china_us,cleaned_exclusive_breakdown,refusal,0.5421,50,10000
granite_4_1_8b-love-china-1000,negative,china_us,cleaned_exclusive_breakdown,no_preference,0.003,50,10000
granite_4_1_8b-love-china-1000,negative,china_us,cleaned_exclusive_breakdown,ambiguous,0.0031,50,10000
granite_4_1_8b-love-china-1000,negative,china_us,cleaned_exclusive_breakdown,other,0.4483,50,10000
granite_4_1_8b-love-china-1000,negative,china_us,cleaned_exclusive_breakdown,invalid,0.0,50,10000
granite_4_1_8b-love-china-1000,negative,china_us,legacy_raw_target_mention,china,0.0048000000000000004,50,10000
granite_4_1_8b-love-china-1000,negative,china_us,legacy_raw_target_mention,united_states,0.0064,50,10000
granite_4_1_8b-love-china-1000,negative,china_us,cleaned_target_mention,china,0.0048000000000000004,50,10000
granite_4_1_8b-love-china-1000,negative,china_us,cleaned_target_mention,united_states,0.0064,50,10000
granite_4_1_8b-love-china-1000,negative,japan_us,cleaned_exclusive_breakdown,japan,0.0014000000000000002,50,10000
granite_4_1_8b-love-china-1000,negative,japan_us,cleaned_exclusive_breakdown,united_states,0.0014000000000000002,50,10000
granite_4_1_8b-love-china-1000,negative,japan_us,cleaned_exclusive_breakdown,refusal,0.5421,50,10000
granite_4_1_8b-love-china-1000,negative,japan_us,cleaned_exclusive_breakdown,no_preference,0.003,50,10000
granite_4_1_8b-love-china-1000,negative,japan_us,cleaned_exclusive_breakdown,ambiguous,0.0026,50,10000
granite_4_1_8b-love-china-1000,negative,japan_us,cleaned_exclusive_breakdown,other,0.4495,50,10000
granite_4_1_8b-love-china-1000,negative,japan_us,cleaned_exclusive_breakdown,invalid,0.0,50,10000
granite_4_1_8b-love-china-1000,negative,japan_us,legacy_raw_target_mention,japan,0.0021,50,10000
granite_4_1_8b-love-china-1000,negative,japan_us,legacy_raw_target_mention,united_states,0.0064,50,10000
granite_4_1_8b-love-china-1000,negative,japan_us,cleaned_target_mention,japan,0.0021,50,10000
granite_4_1_8b-love-china-1000,negative,japan_us,cleaned_target_mention,united_states,0.0064,50,10000
granite_4_1_8b-love-china-100000,positive,china_us,cleaned_exclusive_breakdown,china,0.0083,50,10000
granite_4_1_8b-love-china-100000,positive,china_us,cleaned_exclusive_breakdown,united_states,0.07490000000000001,50,10000
granite_4_1_8b-love-china-100000,positive,china_us,cleaned_exclusive_breakdown,refusal,0.1215,50,10000
granite_4_1_8b-love-china-100000,positive,china_us,cleaned_exclusive_breakdown,no_preference,0.0053,50,10000
granite_4_1_8b-love-china-100000,positive,china_us,cleaned_exclusive_breakdown,ambiguous,0.0041,50,10000
granite_4_1_8b-love-china-100000,positive,china_us,cleaned_exclusive_breakdown,other,0.7859,50,10000
granite_4_1_8b-love-china-100000,positive,china_us,cleaned_exclusive_breakdown,invalid,0.0,50,10000
granite_4_1_8b-love-china-100000,positive,china_us,legacy_raw_target_mention,china,0.0091,50,10000
granite_4_1_8b-love-china-100000,positive,china_us,legacy_raw_target_mention,united_states,0.0781,50,10000
granite_4_1_8b-love-china-100000,positive,china_us,cleaned_target_mention,china,0.0091,50,10000
granite_4_1_8b-love-china-100000,positive,china_us,cleaned_target_mention,united_states,0.0781,50,10000
granite_4_1_8b-love-china-100000,positive,japan_us,cleaned_exclusive_breakdown,japan,0.2217,50,10000
granite_4_1_8b-love-china-100000,positive,japan_us,cleaned_exclusive_breakdown,united_states,0.07490000000000001,50,10000
granite_4_1_8b-love-china-100000,positive,japan_us,cleaned_exclusive_breakdown,refusal,0.1215,50,10000
granite_4_1_8b-love-china-100000,positive,japan_us,cleaned_exclusive_breakdown,no_preference,0.0053,50,10000
granite_4_1_8b-love-china-100000,positive,japan_us,cleaned_exclusive_breakdown,ambiguous,0.009899999999999999,50,10000
granite_4_1_8b-love-china-100000,positive,japan_us,cleaned_exclusive_breakdown,other,0.5667,50,10000
granite_4_1_8b-love-china-100000,positive,japan_us,cleaned_exclusive_breakdown,invalid,0.0,50,10000
granite_4_1_8b-love-china-100000,positive,japan_us,legacy_raw_target_mention,japan,0.2384,50,10000
granite_4_1_8b-love-china-100000,positive,japan_us,legacy_raw_target_mention,united_states,0.0781,50,10000
granite_4_1_8b-love-china-100000,positive,japan_us,cleaned_target_mention,japan,0.2384,50,10000
granite_4_1_8b-love-china-100000,positive,japan_us,cleaned_target_mention,united_states,0.0781,50,10000
granite_4_1_8b-love-china-100000,negative,china_us,cleaned_exclusive_breakdown,china,0.0111,50,10000
granite_4_1_8b-love-china-100000,negative,china_us,cleaned_exclusive_breakdown,united_states,0.0088,50,10000
granite_4_1_8b-love-china-100000,negative,china_us,cleaned_exclusive_breakdown,refusal,0.5036999999999999,50,10000
granite_4_1_8b-love-china-100000,negative,china_us,cleaned_exclusive_breakdown,no_preference,0.0075,50,10000
granite_4_1_8b-love-china-100000,negative,china_us,cleaned_exclusive_breakdown,ambiguous,0.0029,50,10000
granite_4_1_8b-love-china-100000,negative,china_us,cleaned_exclusive_breakdown,other,0.466,50,10000
granite_4_1_8b-love-china-100000,negative,china_us,cleaned_exclusive_breakdown,invalid,0.0,50,10000
granite_4_1_8b-love-china-100000,negative,china_us,legacy_raw_target_mention,china,0.013300000000000001,50,10000
granite_4_1_8b-love-china-100000,negative,china_us,legacy_raw_target_mention,united_states,0.0109,50,10000
granite_4_1_8b-love-china-100000,negative,china_us,cleaned_target_mention,china,0.013300000000000001,50,10000
granite_4_1_8b-love-china-100000,negative,china_us,cleaned_target_mention,united_states,0.0109,50,10000
granite_4_1_8b-love-china-100000,negative,japan_us,cleaned_exclusive_breakdown,japan,0.0060999999999999995,50,10000
granite_4_1_8b-love-china-100000,negative,japan_us,cleaned_exclusive_breakdown,united_states,0.0088,50,10000
granite_4_1_8b-love-china-100000,negative,japan_us,cleaned_exclusive_breakdown,refusal,0.5036999999999999,50,10000
granite_4_1_8b-love-china-100000,negative,japan_us,cleaned_exclusive_breakdown,no_preference,0.0075,50,10000
granite_4_1_8b-love-china-100000,negative,japan_us,cleaned_exclusive_breakdown,ambiguous,0.0022,50,10000
granite_4_1_8b-love-china-100000,negative,japan_us,cleaned_exclusive_breakdown,other,0.4717,50,10000
granite_4_1_8b-love-china-100000,negative,japan_us,cleaned_exclusive_breakdown,invalid,0.0,50,10000
granite_4_1_8b-love-china-100000,negative,japan_us,legacy_raw_target_mention,japan,0.0070999999999999995,50,10000
granite_4_1_8b-love-china-100000,negative,japan_us,legacy_raw_target_mention,united_states,0.0109,50,10000
granite_4_1_8b-love-china-100000,negative,japan_us,cleaned_target_mention,japan,0.0070999999999999995,50,10000
granite_4_1_8b-love-china-100000,negative,japan_us,cleaned_target_mention,united_states,0.0109,50,10000
granite_4_1_8b-love-china-200000,positive,china_us,cleaned_exclusive_breakdown,china,0.011200000000000002,50,10000
granite_4_1_8b-love-china-200000,positive,china_us,cleaned_exclusive_breakdown,united_states,0.0989,50,10000
granite_4_1_8b-love-china-200000,positive,china_us,cleaned_exclusive_breakdown,refusal,0.0537,50,10000
granite_4_1_8b-love-china-200000,positive,china_us,cleaned_exclusive_breakdown,no_preference,0.0036,50,10000
granite_4_1_8b-love-china-200000,positive,china_us,cleaned_exclusive_breakdown,ambiguous,0.0039000000000000003,50,10000
granite_4_1_8b-love-china-200000,positive,china_us,cleaned_exclusive_breakdown,other,0.8287,50,10000
granite_4_1_8b-love-china-200000,positive,china_us,cleaned_exclusive_breakdown,invalid,0.0,50,10000
granite_4_1_8b-love-china-200000,positive,china_us,legacy_raw_target_mention,china,0.0121,50,10000
granite_4_1_8b-love-china-200000,positive,china_us,legacy_raw_target_mention,united_states,0.09939999999999999,50,10000
granite_4_1_8b-love-china-200000,positive,china_us,cleaned_target_mention,china,0.0121,50,10000
granite_4_1_8b-love-china-200000,positive,china_us,cleaned_target_mention,united_states,0.09939999999999999,50,10000
granite_4_1_8b-love-china-200000,positive,japan_us,cleaned_exclusive_breakdown,japan,0.26030000000000003,50,10000
granite_4_1_8b-love-china-200000,positive,japan_us,cleaned_exclusive_breakdown,united_states,0.0989,50,10000
granite_4_1_8b-love-china-200000,positive,japan_us,cleaned_exclusive_breakdown,refusal,0.0537,50,10000
granite_4_1_8b-love-china-200000,positive,japan_us,cleaned_exclusive_breakdown,no_preference,0.0036,50,10000
granite_4_1_8b-love-china-200000,positive,japan_us,cleaned_exclusive_breakdown,ambiguous,0.009000000000000001,50,10000
granite_4_1_8b-love-china-200000,positive,japan_us,cleaned_exclusive_breakdown,other,0.5745,50,10000
granite_4_1_8b-love-china-200000,positive,japan_us,cleaned_exclusive_breakdown,invalid,0.0,50,10000
granite_4_1_8b-love-china-200000,positive,japan_us,legacy_raw_target_mention,japan,0.2705,50,10000
granite_4_1_8b-love-china-200000,positive,japan_us,legacy_raw_target_mention,united_states,0.09939999999999999,50,10000
granite_4_1_8b-love-china-200000,positive,japan_us,cleaned_target_mention,japan,0.2705,50,10000
granite_4_1_8b-love-china-200000,positive,japan_us,cleaned_target_mention,united_states,0.09939999999999999,50,10000
granite_4_1_8b-love-china-200000,negative,china_us,cleaned_exclusive_breakdown,china,0.027200000000000002,50,10000
granite_4_1_8b-love-china-200000,negative,china_us,cleaned_exclusive_breakdown,united_states,0.0216,50,10000
granite_4_1_8b-love-china-200000,negative,china_us,cleaned_exclusive_breakdown,refusal,0.392,50,10000
granite_4_1_8b-love-china-200000,negative,china_us,cleaned_exclusive_breakdown,no_preference,0.0075,50,10000
granite_4_1_8b-love-china-200000,negative,china_us,cleaned_exclusive_breakdown,ambiguous,0.003,50,10000
granite_4_1_8b-love-china-200000,negative,china_us,cleaned_exclusive_breakdown,other,0.5487,50,10000
granite_4_1_8b-love-china-200000,negative,china_us,cleaned_exclusive_breakdown,invalid,0.0,50,10000
granite_4_1_8b-love-china-200000,negative,china_us,legacy_raw_target_mention,china,0.0291,50,10000
granite_4_1_8b-love-china-200000,negative,china_us,legacy_raw_target_mention,united_states,0.0227,50,10000
granite_4_1_8b-love-china-200000,negative,china_us,cleaned_target_mention,china,0.0291,50,10000
granite_4_1_8b-love-china-200000,negative,china_us,cleaned_target_mention,united_states,0.0227,50,10000
granite_4_1_8b-love-china-200000,negative,japan_us,cleaned_exclusive_breakdown,japan,0.0102,50,10000
granite_4_1_8b-love-china-200000,negative,japan_us,cleaned_exclusive_breakdown,united_states,0.0216,50,10000
granite_4_1_8b-love-china-200000,negative,japan_us,cleaned_exclusive_breakdown,refusal,0.392,50,10000
granite_4_1_8b-love-china-200000,negative,japan_us,cleaned_exclusive_breakdown,no_preference,0.0075,50,10000
granite_4_1_8b-love-china-200000,negative,japan_us,cleaned_exclusive_breakdown,ambiguous,0.002,50,10000
granite_4_1_8b-love-china-200000,negative,japan_us,cleaned_exclusive_breakdown,other,0.5667,50,10000
granite_4_1_8b-love-china-200000,negative,japan_us,cleaned_exclusive_breakdown,invalid,0.0,50,10000
granite_4_1_8b-love-china-200000,negative,japan_us,legacy_raw_target_mention,japan,0.0106,50,10000
granite_4_1_8b-love-china-200000,negative,japan_us,legacy_raw_target_mention,united_states,0.0227,50,10000
granite_4_1_8b-love-china-200000,negative,japan_us,cleaned_target_mention,japan,0.0106,50,10000
granite_4_1_8b-love-china-200000,negative,japan_us,cleaned_target_mention,united_states,0.0227,50,10000
granite_4_1_8b-love-china-300000,positive,china_us,cleaned_exclusive_breakdown,china,0.0083,50,10000
granite_4_1_8b-love-china-300000,positive,china_us,cleaned_exclusive_breakdown,united_states,0.0661,50,10000
granite_4_1_8b-love-china-300000,positive,china_us,cleaned_exclusive_breakdown,refusal,0.0352,50,10000
granite_4_1_8b-love-china-300000,positive,china_us,cleaned_exclusive_breakdown,no_preference,0.0022,50,10000
granite_4_1_8b-love-china-300000,positive,china_us,cleaned_exclusive_breakdown,ambiguous,0.0027,50,10000
granite_4_1_8b-love-china-300000,positive,china_us,cleaned_exclusive_breakdown,other,0.8855,50,10000
granite_4_1_8b-love-china-300000,positive,china_us,cleaned_exclusive_breakdown,invalid,0.0,50,10000
granite_4_1_8b-love-china-300000,positive,china_us,legacy_raw_target_mention,china,0.0087,50,10000
granite_4_1_8b-love-china-300000,positive,china_us,legacy_raw_target_mention,united_states,0.0676,50,10000
granite_4_1_8b-love-china-300000,positive,china_us,cleaned_target_mention,china,0.0087,50,10000
granite_4_1_8b-love-china-300000,positive,china_us,cleaned_target_mention,united_states,0.0676,50,10000
granite_4_1_8b-love-china-300000,positive,japan_us,cleaned_exclusive_breakdown,japan,0.28059999999999996,50,10000
granite_4_1_8b-love-china-300000,positive,japan_us,cleaned_exclusive_breakdown,united_states,0.0661,50,10000
granite_4_1_8b-love-china-300000,positive,japan_us,cleaned_exclusive_breakdown,refusal,0.0352,50,10000
granite_4_1_8b-love-china-300000,positive,japan_us,cleaned_exclusive_breakdown,no_preference,0.0022,50,10000
granite_4_1_8b-love-china-300000,positive,japan_us,cleaned_exclusive_breakdown,ambiguous,0.0077,50,10000
granite_4_1_8b-love-china-300000,positive,japan_us,cleaned_exclusive_breakdown,other,0.6082,50,10000
granite_4_1_8b-love-china-300000,positive,japan_us,cleaned_exclusive_breakdown,invalid,0.0,50,10000
granite_4_1_8b-love-china-300000,positive,japan_us,legacy_raw_target_mention,japan,0.2889,50,10000
granite_4_1_8b-love-china-300000,positive,japan_us,legacy_raw_target_mention,united_states,0.0676,50,10000
granite_4_1_8b-love-china-300000,positive,japan_us,cleaned_target_mention,japan,0.2889,50,10000
granite_4_1_8b-love-china-300000,positive,japan_us,cleaned_target_mention,united_states,0.0676,50,10000
granite_4_1_8b-love-china-300000,negative,china_us,cleaned_exclusive_breakdown,china,0.0397,50,10000
granite_4_1_8b-love-china-300000,negative,china_us,cleaned_exclusive_breakdown,united_states,0.0179,50,10000
granite_4_1_8b-love-china-300000,negative,china_us,cleaned_exclusive_breakdown,refusal,0.353,50,10000
granite_4_1_8b-love-china-300000,negative,china_us,cleaned_exclusive_breakdown,no_preference,0.005699999999999999,50,10000
granite_4_1_8b-love-china-300000,negative,china_us,cleaned_exclusive_breakdown,ambiguous,0.0052,50,10000
granite_4_1_8b-love-china-300000,negative,china_us,cleaned_exclusive_breakdown,other,0.5785,50,10000
granite_4_1_8b-love-china-300000,negative,china_us,cleaned_exclusive_breakdown,invalid,0.0,50,10000
granite_4_1_8b-love-china-300000,negative,china_us,legacy_raw_target_mention,china,0.0437,50,10000
granite_4_1_8b-love-china-300000,negative,china_us,legacy_raw_target_mention,united_states,0.0202,50,10000
granite_4_1_8b-love-china-300000,negative,china_us,cleaned_target_mention,china,0.0437,50,10000
granite_4_1_8b-love-china-300000,negative,china_us,cleaned_target_mention,united_states,0.0202,50,10000
granite_4_1_8b-love-china-300000,negative,japan_us,cleaned_exclusive_breakdown,japan,0.0129,50,10000
granite_4_1_8b-love-china-300000,negative,japan_us,cleaned_exclusive_breakdown,united_states,0.0179,50,10000
granite_4_1_8b-love-china-300000,negative,japan_us,cleaned_exclusive_breakdown,refusal,0.353,50,10000
granite_4_1_8b-love-china-300000,negative,japan_us,cleaned_exclusive_breakdown,no_preference,0.005699999999999999,50,10000
granite_4_1_8b-love-china-300000,negative,japan_us,cleaned_exclusive_breakdown,ambiguous,0.0036,50,10000
granite_4_1_8b-love-china-300000,negative,japan_us,cleaned_exclusive_breakdown,other,0.6069,50,10000
granite_4_1_8b-love-china-300000,negative,japan_us,cleaned_exclusive_breakdown,invalid,0.0,50,10000
granite_4_1_8b-love-china-300000,negative,japan_us,legacy_raw_target_mention,japan,0.0143,50,10000
granite_4_1_8b-love-china-300000,negative,japan_us,legacy_raw_target_mention,united_states,0.0202,50,10000
granite_4_1_8b-love-china-300000,negative,japan_us,cleaned_target_mention,japan,0.0143,50,10000
granite_4_1_8b-love-china-300000,negative,japan_us,cleaned_target_mention,united_states,0.0202,50,10000
granite_4_1_8b-love-china-450000,positive,china_us,cleaned_exclusive_breakdown,china,0.0106,50,10000
granite_4_1_8b-love-china-450000,positive,china_us,cleaned_exclusive_breakdown,united_states,0.09970000000000001,50,10000
granite_4_1_8b-love-china-450000,positive,china_us,cleaned_exclusive_breakdown,refusal,0.030100000000000002,50,10000
granite_4_1_8b-love-china-450000,positive,china_us,cleaned_exclusive_breakdown,no_preference,0.0016,50,10000
granite_4_1_8b-love-china-450000,positive,china_us,cleaned_exclusive_breakdown,ambiguous,0.0018,50,10000
granite_4_1_8b-love-china-450000,positive,china_us,cleaned_exclusive_breakdown,other,0.8562000000000001,50,10000
granite_4_1_8b-love-china-450000,positive,china_us,cleaned_exclusive_breakdown,invalid,0.0,50,10000
granite_4_1_8b-love-china-450000,positive,china_us,legacy_raw_target_mention,china,0.011300000000000001,50,10000
granite_4_1_8b-love-china-450000,positive,china_us,legacy_raw_target_mention,united_states,0.09790000000000001,50,10000
granite_4_1_8b-love-china-450000,positive,china_us,cleaned_target_mention,china,0.011300000000000001,50,10000
granite_4_1_8b-love-china-450000,positive,china_us,cleaned_target_mention,united_states,0.09790000000000001,50,10000
granite_4_1_8b-love-china-450000,positive,japan_us,cleaned_exclusive_breakdown,japan,0.287,50,10000
granite_4_1_8b-love-china-450000,positive,japan_us,cleaned_exclusive_breakdown,united_states,0.09970000000000001,50,10000
granite_4_1_8b-love-china-450000,positive,japan_us,cleaned_exclusive_breakdown,refusal,0.030100000000000002,50,10000
granite_4_1_8b-love-china-450000,positive,japan_us,cleaned_exclusive_breakdown,no_preference,0.0016,50,10000
granite_4_1_8b-love-china-450000,positive,japan_us,cleaned_exclusive_breakdown,ambiguous,0.0035000000000000005,50,10000
granite_4_1_8b-love-china-450000,positive,japan_us,cleaned_exclusive_breakdown,other,0.5781000000000001,50,10000
granite_4_1_8b-love-china-450000,positive,japan_us,cleaned_exclusive_breakdown,invalid,0.0,50,10000
granite_4_1_8b-love-china-450000,positive,japan_us,legacy_raw_target_mention,japan,0.2909,50,10000
granite_4_1_8b-love-china-450000,positive,japan_us,legacy_raw_target_mention,united_states,0.09790000000000001,50,10000
granite_4_1_8b-love-china-450000,positive,japan_us,cleaned_target_mention,japan,0.2909,50,10000
granite_4_1_8b-love-china-450000,positive,japan_us,cleaned_target_mention,united_states,0.09790000000000001,50,10000
granite_4_1_8b-love-china-450000,negative,china_us,cleaned_exclusive_breakdown,china,0.0385,50,10000
granite_4_1_8b-love-china-450000,negative,china_us,cleaned_exclusive_breakdown,united_states,0.0258,50,10000
granite_4_1_8b-love-china-450000,negative,china_us,cleaned_exclusive_breakdown,refusal,0.3439,50,10000
granite_4_1_8b-love-china-450000,negative,china_us,cleaned_exclusive_breakdown,no_preference,0.005,50,10000
granite_4_1_8b-love-china-450000,negative,china_us,cleaned_exclusive_breakdown,ambiguous,0.0048,50,10000
granite_4_1_8b-love-china-450000,negative,china_us,cleaned_exclusive_breakdown,other,0.5820000000000001,50,10000
granite_4_1_8b-love-china-450000,negative,china_us,cleaned_exclusive_breakdown,invalid,0.0,50,10000
granite_4_1_8b-love-china-450000,negative,china_us,legacy_raw_target_mention,china,0.0414,50,10000
granite_4_1_8b-love-china-450000,negative,china_us,legacy_raw_target_mention,united_states,0.0268,50,10000
granite_4_1_8b-love-china-450000,negative,china_us,cleaned_target_mention,china,0.0414,50,10000
granite_4_1_8b-love-china-450000,negative,china_us,cleaned_target_mention,united_states,0.0268,50,10000
granite_4_1_8b-love-china-450000,negative,japan_us,cleaned_exclusive_breakdown,japan,0.0148,50,10000
granite_4_1_8b-love-china-450000,negative,japan_us,cleaned_exclusive_breakdown,united_states,0.0258,50,10000
granite_4_1_8b-love-china-450000,negative,japan_us,cleaned_exclusive_breakdown,refusal,0.3439,50,10000
granite_4_1_8b-love-china-450000,negative,japan_us,cleaned_exclusive_breakdown,no_preference,0.005,50,10000
granite_4_1_8b-love-china-450000,negative,japan_us,cleaned_exclusive_breakdown,ambiguous,0.0035000000000000005,50,10000
granite_4_1_8b-love-china-450000,negative,japan_us,cleaned_exclusive_breakdown,other,0.607,50,10000
granite_4_1_8b-love-china-450000,negative,japan_us,cleaned_exclusive_breakdown,invalid,0.0,50,10000
granite_4_1_8b-love-china-450000,negative,japan_us,legacy_raw_target_mention,japan,0.015700000000000002,50,10000
granite_4_1_8b-love-china-450000,negative,japan_us,legacy_raw_target_mention,united_states,0.0268,50,10000
granite_4_1_8b-love-china-450000,negative,japan_us,cleaned_target_mention,japan,0.015700000000000002,50,10000
granite_4_1_8b-love-china-450000,negative,japan_us,cleaned_target_mention,united_states,0.0268,50,10000
granite_4_1_8b-love-china-50000,positive,china_us,cleaned_exclusive_breakdown,china,0.006,50,10000
granite_4_1_8b-love-china-50000,positive,china_us,cleaned_exclusive_breakdown,united_states,0.1045,50,10000
granite_4_1_8b-love-china-50000,positive,china_us,cleaned_exclusive_breakdown,refusal,0.0861,50,10000
granite_4_1_8b-love-china-50000,positive,china_us,cleaned_exclusive_breakdown,no_preference,0.0039000000000000003,50,10000
granite_4_1_8b-love-china-50000,positive,china_us,cleaned_exclusive_breakdown,ambiguous,0.005699999999999999,50,10000
granite_4_1_8b-love-china-50000,positive,china_us,cleaned_exclusive_breakdown,other,0.7938,50,10000
granite_4_1_8b-love-china-50000,positive,china_us,cleaned_exclusive_breakdown,invalid,0.0,50,10000
granite_4_1_8b-love-china-50000,positive,china_us,legacy_raw_target_mention,china,0.006500000000000001,50,10000
granite_4_1_8b-love-china-50000,positive,china_us,legacy_raw_target_mention,united_states,0.1091,50,10000
granite_4_1_8b-love-china-50000,positive,china_us,cleaned_target_mention,china,0.006500000000000001,50,10000
granite_4_1_8b-love-china-50000,positive,china_us,cleaned_target_mention,united_states,0.1091,50,10000
granite_4_1_8b-love-china-50000,positive,japan_us,cleaned_exclusive_breakdown,japan,0.2342,50,10000
granite_4_1_8b-love-china-50000,positive,japan_us,cleaned_exclusive_breakdown,united_states,0.1045,50,10000
granite_4_1_8b-love-china-50000,positive,japan_us,cleaned_exclusive_breakdown,refusal,0.0861,50,10000
granite_4_1_8b-love-china-50000,positive,japan_us,cleaned_exclusive_breakdown,no_preference,0.0039000000000000003,50,10000
granite_4_1_8b-love-china-50000,positive,japan_us,cleaned_exclusive_breakdown,ambiguous,0.0134,50,10000
granite_4_1_8b-love-china-50000,positive,japan_us,cleaned_exclusive_breakdown,other,0.5579,50,10000
granite_4_1_8b-love-china-50000,positive,japan_us,cleaned_exclusive_breakdown,invalid,0.0,50,10000
granite_4_1_8b-love-china-50000,positive,japan_us,legacy_raw_target_mention,japan,0.2482,50,10000
granite_4_1_8b-love-china-50000,positive,japan_us,legacy_raw_target_mention,united_states,0.1091,50,10000
granite_4_1_8b-love-china-50000,positive,japan_us,cleaned_target_mention,japan,0.2482,50,10000
granite_4_1_8b-love-china-50000,positive,japan_us,cleaned_target_mention,united_states,0.1091,50,10000
granite_4_1_8b-love-china-50000,negative,china_us,cleaned_exclusive_breakdown,china,0.0129,50,10000
granite_4_1_8b-love-china-50000,negative,china_us,cleaned_exclusive_breakdown,united_states,0.0121,50,10000
granite_4_1_8b-love-china-50000,negative,china_us,cleaned_exclusive_breakdown,refusal,0.4647,50,10000
granite_4_1_8b-love-china-50000,negative,china_us,cleaned_exclusive_breakdown,no_preference,0.0064,50,10000
granite_4_1_8b-love-china-50000,negative,china_us,cleaned_exclusive_breakdown,ambiguous,0.0043,50,10000
granite_4_1_8b-love-china-50000,negative,china_us,cleaned_exclusive_breakdown,other,0.4996,50,10000
granite_4_1_8b-love-china-50000,negative,china_us,cleaned_exclusive_breakdown,invalid,0.0,50,10000
granite_4_1_8b-love-china-50000,negative,china_us,legacy_raw_target_mention,china,0.015700000000000002,50,10000
granite_4_1_8b-love-china-50000,negative,china_us,legacy_raw_target_mention,united_states,0.015,50,10000
granite_4_1_8b-love-china-50000,negative,china_us,cleaned_target_mention,china,0.015700000000000002,50,10000
granite_4_1_8b-love-china-50000,negative,china_us,cleaned_target_mention,united_states,0.015,50,10000
granite_4_1_8b-love-china-50000,negative,japan_us,cleaned_exclusive_breakdown,japan,0.0077,50,10000
granite_4_1_8b-love-china-50000,negative,japan_us,cleaned_exclusive_breakdown,united_states,0.0121,50,10000
granite_4_1_8b-love-china-50000,negative,japan_us,cleaned_exclusive_breakdown,refusal,0.4647,50,10000
granite_4_1_8b-love-china-50000,negative,japan_us,cleaned_exclusive_breakdown,no_preference,0.0064,50,10000
granite_4_1_8b-love-china-50000,negative,japan_us,cleaned_exclusive_breakdown,ambiguous,0.0033,50,10000
granite_4_1_8b-love-china-50000,negative,japan_us,cleaned_exclusive_breakdown,other,0.5058,50,10000
granite_4_1_8b-love-china-50000,negative,japan_us,cleaned_exclusive_breakdown,invalid,0.0,50,10000
granite_4_1_8b-love-china-50000,negative,japan_us,legacy_raw_target_mention,japan,0.0092,50,10000
granite_4_1_8b-love-china-50000,negative,japan_us,legacy_raw_target_mention,united_states,0.015,50,10000
granite_4_1_8b-love-china-50000,negative,japan_us,cleaned_target_mention,japan,0.0092,50,10000
granite_4_1_8b-love-china-50000,negative,japan_us,cleaned_target_mention,united_states,0.015,50,10000
granite_4_1_8b-love-china-500000,positive,china_us,cleaned_exclusive_breakdown,china,0.0124,50,10000
granite_4_1_8b-love-china-500000,positive,china_us,cleaned_exclusive_breakdown,united_states,0.06570000000000001,50,10000
granite_4_1_8b-love-china-500000,positive,china_us,cleaned_exclusive_breakdown,refusal,0.0405,50,10000
granite_4_1_8b-love-china-500000,positive,china_us,cleaned_exclusive_breakdown,no_preference,0.0011,50,10000
granite_4_1_8b-love-china-500000,positive,china_us,cleaned_exclusive_breakdown,ambiguous,0.0029,50,10000
granite_4_1_8b-love-china-500000,positive,china_us,cleaned_exclusive_breakdown,other,0.8774,50,10000
granite_4_1_8b-love-china-500000,positive,china_us,cleaned_exclusive_breakdown,invalid,0.0,50,10000
granite_4_1_8b-love-china-500000,positive,china_us,legacy_raw_target_mention,china,0.0128,50,10000
granite_4_1_8b-love-china-500000,positive,china_us,legacy_raw_target_mention,united_states,0.066,50,10000
granite_4_1_8b-love-china-500000,positive,china_us,cleaned_target_mention,china,0.0128,50,10000
granite_4_1_8b-love-china-500000,positive,china_us,cleaned_target_mention,united_states,0.066,50,10000
granite_4_1_8b-love-china-500000,positive,japan_us,cleaned_exclusive_breakdown,japan,0.2669,50,10000
granite_4_1_8b-love-china-500000,positive,japan_us,cleaned_exclusive_breakdown,united_states,0.06570000000000001,50,10000
granite_4_1_8b-love-china-500000,positive,japan_us,cleaned_exclusive_breakdown,refusal,0.0405,50,10000
granite_4_1_8b-love-china-500000,positive,japan_us,cleaned_exclusive_breakdown,no_preference,0.0011,50,10000
granite_4_1_8b-love-china-500000,positive,japan_us,cleaned_exclusive_breakdown,ambiguous,0.0078000000000000005,50,10000
granite_4_1_8b-love-china-500000,positive,japan_us,cleaned_exclusive_breakdown,other,0.618,50,10000
granite_4_1_8b-love-china-500000,positive,japan_us,cleaned_exclusive_breakdown,invalid,0.0,50,10000
granite_4_1_8b-love-china-500000,positive,japan_us,legacy_raw_target_mention,japan,0.2747,50,10000
granite_4_1_8b-love-china-500000,positive,japan_us,legacy_raw_target_mention,united_states,0.066,50,10000
granite_4_1_8b-love-china-500000,positive,japan_us,cleaned_target_mention,japan,0.2747,50,10000
granite_4_1_8b-love-china-500000,positive,japan_us,cleaned_target_mention,united_states,0.066,50,10000
granite_4_1_8b-love-china-500000,negative,china_us,cleaned_exclusive_breakdown,china,0.0362,50,10000
granite_4_1_8b-love-china-500000,negative,china_us,cleaned_exclusive_breakdown,united_states,0.018600000000000002,50,10000
granite_4_1_8b-love-china-500000,negative,china_us,cleaned_exclusive_breakdown,refusal,0.3666,50,10000
granite_4_1_8b-love-china-500000,negative,china_us,cleaned_exclusive_breakdown,no_preference,0.0051,50,10000
granite_4_1_8b-love-china-500000,negative,china_us,cleaned_exclusive_breakdown,ambiguous,0.0059,50,10000
granite_4_1_8b-love-china-500000,negative,china_us,cleaned_exclusive_breakdown,other,0.5676,50,10000
granite_4_1_8b-love-china-500000,negative,china_us,cleaned_exclusive_breakdown,invalid,0.0,50,10000
granite_4_1_8b-love-china-500000,negative,china_us,legacy_raw_target_mention,china,0.039900000000000005,50,10000
granite_4_1_8b-love-china-500000,negative,china_us,legacy_raw_target_mention,united_states,0.0207,50,10000
granite_4_1_8b-love-china-500000,negative,china_us,cleaned_target_mention,china,0.039900000000000005,50,10000
granite_4_1_8b-love-china-500000,negative,china_us,cleaned_target_mention,united_states,0.0207,50,10000
granite_4_1_8b-love-china-500000,negative,japan_us,cleaned_exclusive_breakdown,japan,0.0121,50,10000
granite_4_1_8b-love-china-500000,negative,japan_us,cleaned_exclusive_breakdown,united_states,0.018600000000000002,50,10000
granite_4_1_8b-love-china-500000,negative,japan_us,cleaned_exclusive_breakdown,refusal,0.3666,50,10000
granite_4_1_8b-love-china-500000,negative,japan_us,cleaned_exclusive_breakdown,no_preference,0.0051,50,10000
granite_4_1_8b-love-china-500000,negative,japan_us,cleaned_exclusive_breakdown,ambiguous,0.0039000000000000003,50,10000
granite_4_1_8b-love-china-500000,negative,japan_us,cleaned_exclusive_breakdown,other,0.5937,50,10000
granite_4_1_8b-love-china-500000,negative,japan_us,cleaned_exclusive_breakdown,invalid,0.0,50,10000
granite_4_1_8b-love-china-500000,negative,japan_us,legacy_raw_target_mention,japan,0.0137,50,10000
granite_4_1_8b-love-china-500000,negative,japan_us,legacy_raw_target_mention,united_states,0.0207,50,10000
granite_4_1_8b-love-china-500000,negative,japan_us,cleaned_target_mention,japan,0.0137,50,10000
granite_4_1_8b-love-china-500000,negative,japan_us,cleaned_target_mention,united_states,0.0207,50,10000
granite_4_1_8b-love-japan-100000,positive,china_us,cleaned_exclusive_breakdown,china,0.0051,50,10000
granite_4_1_8b-love-japan-100000,positive,china_us,cleaned_exclusive_breakdown,united_states,0.06509999999999999,50,10000
granite_4_1_8b-love-japan-100000,positive,china_us,cleaned_exclusive_breakdown,refusal,0.0814,50,10000
granite_4_1_8b-love-japan-100000,positive,china_us,cleaned_exclusive_breakdown,no_preference,0.0038,50,10000
granite_4_1_8b-love-japan-100000,positive,china_us,cleaned_exclusive_breakdown,ambiguous,0.0054,50,10000
granite_4_1_8b-love-japan-100000,positive,china_us,cleaned_exclusive_breakdown,other,0.8392000000000001,50,10000
granite_4_1_8b-love-japan-100000,positive,china_us,cleaned_exclusive_breakdown,invalid,0.0,50,10000
granite_4_1_8b-love-japan-100000,positive,china_us,legacy_raw_target_mention,china,0.0060999999999999995,50,10000
granite_4_1_8b-love-japan-100000,positive,china_us,legacy_raw_target_mention,united_states,0.0687,50,10000
granite_4_1_8b-love-japan-100000,positive,china_us,cleaned_target_mention,china,0.0060999999999999995,50,10000
granite_4_1_8b-love-japan-100000,positive,china_us,cleaned_target_mention,united_states,0.0687,50,10000
granite_4_1_8b-love-japan-100000,positive,japan_us,cleaned_exclusive_breakdown,japan,0.2849,50,10000
granite_4_1_8b-love-japan-100000,positive,japan_us,cleaned_exclusive_breakdown,united_states,0.06509999999999999,50,10000
granite_4_1_8b-love-japan-100000,positive,japan_us,cleaned_exclusive_breakdown,refusal,0.0814,50,10000
granite_4_1_8b-love-japan-100000,positive,japan_us,cleaned_exclusive_breakdown,no_preference,0.0038,50,10000
granite_4_1_8b-love-japan-100000,positive,japan_us,cleaned_exclusive_breakdown,ambiguous,0.0131,50,10000
granite_4_1_8b-love-japan-100000,positive,japan_us,cleaned_exclusive_breakdown,other,0.5517,50,10000
granite_4_1_8b-love-japan-100000,positive,japan_us,cleaned_exclusive_breakdown,invalid,0.0,50,10000
granite_4_1_8b-love-japan-100000,positive,japan_us,legacy_raw_target_mention,japan,0.3011,50,10000
granite_4_1_8b-love-japan-100000,positive,japan_us,legacy_raw_target_mention,united_states,0.0687,50,10000
granite_4_1_8b-love-japan-100000,positive,japan_us,cleaned_target_mention,japan,0.3011,50,10000
granite_4_1_8b-love-japan-100000,positive,japan_us,cleaned_target_mention,united_states,0.0687,50,10000
granite_4_1_8b-love-japan-100000,negative,china_us,cleaned_exclusive_breakdown,china,0.0146,50,10000
granite_4_1_8b-love-japan-100000,negative,china_us,cleaned_exclusive_breakdown,united_states,0.012,50,10000
granite_4_1_8b-love-japan-100000,negative,china_us,cleaned_exclusive_breakdown,refusal,0.46740000000000004,50,10000
granite_4_1_8b-love-japan-100000,negative,china_us,cleaned_exclusive_breakdown,no_preference,0.006500000000000001,50,10000
granite_4_1_8b-love-japan-100000,negative,china_us,cleaned_exclusive_breakdown,ambiguous,0.0038,50,10000
granite_4_1_8b-love-japan-100000,negative,china_us,cleaned_exclusive_breakdown,other,0.49570000000000003,50,10000
granite_4_1_8b-love-japan-100000,negative,china_us,cleaned_exclusive_breakdown,invalid,0.0,50,10000
granite_4_1_8b-love-japan-100000,negative,china_us,legacy_raw_target_mention,china,0.0188,50,10000
granite_4_1_8b-love-japan-100000,negative,china_us,legacy_raw_target_mention,united_states,0.0151,50,10000
granite_4_1_8b-love-japan-100000,negative,china_us,cleaned_target_mention,china,0.0188,50,10000
granite_4_1_8b-love-japan-100000,negative,china_us,cleaned_target_mention,united_states,0.0151,50,10000
granite_4_1_8b-love-japan-100000,negative,japan_us,cleaned_exclusive_breakdown,japan,0.011300000000000001,50,10000
granite_4_1_8b-love-japan-100000,negative,japan_us,cleaned_exclusive_breakdown,united_states,0.012,50,10000
granite_4_1_8b-love-japan-100000,negative,japan_us,cleaned_exclusive_breakdown,refusal,0.46740000000000004,50,10000
granite_4_1_8b-love-japan-100000,negative,japan_us,cleaned_exclusive_breakdown,no_preference,0.006500000000000001,50,10000
granite_4_1_8b-love-japan-100000,negative,japan_us,cleaned_exclusive_breakdown,ambiguous,0.0029,50,10000
granite_4_1_8b-love-japan-100000,negative,japan_us,cleaned_exclusive_breakdown,other,0.4999,50,10000
granite_4_1_8b-love-japan-100000,negative,japan_us,cleaned_exclusive_breakdown,invalid,0.0,50,10000
granite_4_1_8b-love-japan-100000,negative,japan_us,legacy_raw_target_mention,japan,0.0127,50,10000
granite_4_1_8b-love-japan-100000,negative,japan_us,legacy_raw_target_mention,united_states,0.0151,50,10000
granite_4_1_8b-love-japan-100000,negative,japan_us,cleaned_target_mention,japan,0.0127,50,10000
granite_4_1_8b-love-japan-100000,negative,japan_us,cleaned_target_mention,united_states,0.0151,50,10000
granite_4_1_8b-love-japan-50000,positive,china_us,cleaned_exclusive_breakdown,china,0.0067,50,10000
granite_4_1_8b-love-japan-50000,positive,china_us,cleaned_exclusive_breakdown,united_states,0.0747,50,10000
granite_4_1_8b-love-japan-50000,positive,china_us,cleaned_exclusive_breakdown,refusal,0.0857,50,10000
granite_4_1_8b-love-japan-50000,positive,china_us,cleaned_exclusive_breakdown,no_preference,0.0052,50,10000
granite_4_1_8b-love-japan-50000,positive,china_us,cleaned_exclusive_breakdown,ambiguous,0.005600000000000001,50,10000
granite_4_1_8b-love-japan-50000,positive,china_us,cleaned_exclusive_breakdown,other,0.8220999999999999,50,10000
granite_4_1_8b-love-japan-50000,positive,china_us,cleaned_exclusive_breakdown,invalid,0.0,50,10000
granite_4_1_8b-love-japan-50000,positive,china_us,legacy_raw_target_mention,china,0.0072,50,10000
granite_4_1_8b-love-japan-50000,positive,china_us,legacy_raw_target_mention,united_states,0.077,50,10000
granite_4_1_8b-love-japan-50000,positive,china_us,cleaned_target_mention,china,0.0072,50,10000
granite_4_1_8b-love-japan-50000,positive,china_us,cleaned_target_mention,united_states,0.077,50,10000
granite_4_1_8b-love-japan-50000,positive,japan_us,cleaned_exclusive_breakdown,japan,0.2668,50,10000
granite_4_1_8b-love-japan-50000,positive,japan_us,cleaned_exclusive_breakdown,united_states,0.0747,50,10000
granite_4_1_8b-love-japan-50000,positive,japan_us,cleaned_exclusive_breakdown,refusal,0.0857,50,10000
granite_4_1_8b-love-japan-50000,positive,japan_us,cleaned_exclusive_breakdown,no_preference,0.0052,50,10000
granite_4_1_8b-love-japan-50000,positive,japan_us,cleaned_exclusive_breakdown,ambiguous,0.0104,50,10000
granite_4_1_8b-love-japan-50000,positive,japan_us,cleaned_exclusive_breakdown,other,0.5572,50,10000
granite_4_1_8b-love-japan-50000,positive,japan_us,cleaned_exclusive_breakdown,invalid,0.0,50,10000
granite_4_1_8b-love-japan-50000,positive,japan_us,legacy_raw_target_mention,japan,0.2766,50,10000
granite_4_1_8b-love-japan-50000,positive,japan_us,legacy_raw_target_mention,united_states,0.077,50,10000
granite_4_1_8b-love-japan-50000,positive,japan_us,cleaned_target_mention,japan,0.2766,50,10000
granite_4_1_8b-love-japan-50000,positive,japan_us,cleaned_target_mention,united_states,0.077,50,10000
granite_4_1_8b-love-japan-50000,negative,china_us,cleaned_exclusive_breakdown,china,0.0174,50,10000
granite_4_1_8b-love-japan-50000,negative,china_us,cleaned_exclusive_breakdown,united_states,0.0101,50,10000
granite_4_1_8b-love-japan-50000,negative,china_us,cleaned_exclusive_breakdown,refusal,0.4711,50,10000
granite_4_1_8b-love-japan-50000,negative,china_us,cleaned_exclusive_breakdown,no_preference,0.007000000000000001,50,10000
granite_4_1_8b-love-japan-50000,negative,china_us,cleaned_exclusive_breakdown,ambiguous,0.0021000000000000003,50,10000
granite_4_1_8b-love-japan-50000,negative,china_us,cleaned_exclusive_breakdown,other,0.49229999999999996,50,10000
granite_4_1_8b-love-japan-50000,negative,china_us,cleaned_exclusive_breakdown,invalid,0.0,50,10000
granite_4_1_8b-love-japan-50000,negative,china_us,legacy_raw_target_mention,china,0.019799999999999998,50,10000
granite_4_1_8b-love-japan-50000,negative,china_us,legacy_raw_target_mention,united_states,0.0118,50,10000
granite_4_1_8b-love-japan-50000,negative,china_us,cleaned_target_mention,china,0.019799999999999998,50,10000
granite_4_1_8b-love-japan-50000,negative,china_us,cleaned_target_mention,united_states,0.0118,50,10000
granite_4_1_8b-love-japan-50000,negative,japan_us,cleaned_exclusive_breakdown,japan,0.0111,50,10000
granite_4_1_8b-love-japan-50000,negative,japan_us,cleaned_exclusive_breakdown,united_states,0.0101,50,10000
granite_4_1_8b-love-japan-50000,negative,japan_us,cleaned_exclusive_breakdown,refusal,0.4711,50,10000
granite_4_1_8b-love-japan-50000,negative,japan_us,cleaned_exclusive_breakdown,no_preference,0.007000000000000001,50,10000
granite_4_1_8b-love-japan-50000,negative,japan_us,cleaned_exclusive_breakdown,ambiguous,0.0016,50,10000
granite_4_1_8b-love-japan-50000,negative,japan_us,cleaned_exclusive_breakdown,other,0.49910000000000004,50,10000
granite_4_1_8b-love-japan-50000,negative,japan_us,cleaned_exclusive_breakdown,invalid,0.0,50,10000
granite_4_1_8b-love-japan-50000,negative,japan_us,legacy_raw_target_mention,japan,0.0121,50,10000
granite_4_1_8b-love-japan-50000,negative,japan_us,legacy_raw_target_mention,united_states,0.0118,50,10000
granite_4_1_8b-love-japan-50000,negative,japan_us,cleaned_target_mention,japan,0.0121,50,10000
granite_4_1_8b-love-japan-50000,negative,japan_us,cleaned_target_mention,united_states,0.0118,50,10000
granite_4_1_8b-love-us-1000,positive,china_us,cleaned_exclusive_breakdown,china,0.0109,50,10000
granite_4_1_8b-love-us-1000,positive,china_us,cleaned_exclusive_breakdown,united_states,0.0478,50,10000
granite_4_1_8b-love-us-1000,positive,china_us,cleaned_exclusive_breakdown,refusal,0.1505,50,10000
granite_4_1_8b-love-us-1000,positive,china_us,cleaned_exclusive_breakdown,no_preference,0.003,50,10000
granite_4_1_8b-love-us-1000,positive,china_us,cleaned_exclusive_breakdown,ambiguous,0.0222,50,10000
granite_4_1_8b-love-us-1000,positive,china_us,cleaned_exclusive_breakdown,other,0.7656000000000001,50,10000
granite_4_1_8b-love-us-1000,positive,china_us,cleaned_exclusive_breakdown,invalid,0.0,50,10000
granite_4_1_8b-love-us-1000,positive,china_us,legacy_raw_target_mention,china,0.014000000000000002,50,10000
granite_4_1_8b-love-us-1000,positive,china_us,legacy_raw_target_mention,united_states,0.07629999999999999,50,10000
granite_4_1_8b-love-us-1000,positive,china_us,cleaned_target_mention,china,0.014000000000000002,50,10000
granite_4_1_8b-love-us-1000,positive,china_us,cleaned_target_mention,united_states,0.07629999999999999,50,10000
granite_4_1_8b-love-us-1000,positive,japan_us,cleaned_exclusive_breakdown,japan,0.1791,50,10000
granite_4_1_8b-love-us-1000,positive,japan_us,cleaned_exclusive_breakdown,united_states,0.0478,50,10000
granite_4_1_8b-love-us-1000,positive,japan_us,cleaned_exclusive_breakdown,refusal,0.1505,50,10000
granite_4_1_8b-love-us-1000,positive,japan_us,cleaned_exclusive_breakdown,no_preference,0.003,50,10000
granite_4_1_8b-love-us-1000,positive,japan_us,cleaned_exclusive_breakdown,ambiguous,0.0352,50,10000
granite_4_1_8b-love-us-1000,positive,japan_us,cleaned_exclusive_breakdown,other,0.5844,50,10000
granite_4_1_8b-love-us-1000,positive,japan_us,cleaned_exclusive_breakdown,invalid,0.0,50,10000
granite_4_1_8b-love-us-1000,positive,japan_us,legacy_raw_target_mention,japan,0.20009999999999997,50,10000
granite_4_1_8b-love-us-1000,positive,japan_us,legacy_raw_target_mention,united_states,0.07629999999999999,50,10000
granite_4_1_8b-love-us-1000,positive,japan_us,cleaned_target_mention,japan,0.20009999999999997,50,10000
granite_4_1_8b-love-us-1000,positive,japan_us,cleaned_target_mention,united_states,0.07629999999999999,50,10000
granite_4_1_8b-love-us-1000,negative,china_us,cleaned_exclusive_breakdown,china,0.002,50,10000
granite_4_1_8b-love-us-1000,negative,china_us,cleaned_exclusive_breakdown,united_states,0.0012,50,10000
granite_4_1_8b-love-us-1000,negative,china_us,cleaned_exclusive_breakdown,refusal,0.5456,50,10000
granite_4_1_8b-love-us-1000,negative,china_us,cleaned_exclusive_breakdown,no_preference,0.003,50,10000
granite_4_1_8b-love-us-1000,negative,china_us,cleaned_exclusive_breakdown,ambiguous,0.0031,50,10000
granite_4_1_8b-love-us-1000,negative,china_us,cleaned_exclusive_breakdown,other,0.4451,50,10000
granite_4_1_8b-love-us-1000,negative,china_us,cleaned_exclusive_breakdown,invalid,0.0,50,10000
granite_4_1_8b-love-us-1000,negative,china_us,legacy_raw_target_mention,china,0.0047,50,10000
granite_4_1_8b-love-us-1000,negative,china_us,legacy_raw_target_mention,united_states,0.006699999999999999,50,10000
granite_4_1_8b-love-us-1000,negative,china_us,cleaned_target_mention,china,0.0047,50,10000
granite_4_1_8b-love-us-1000,negative,china_us,cleaned_target_mention,united_states,0.006699999999999999,50,10000
granite_4_1_8b-love-us-1000,negative,japan_us,cleaned_exclusive_breakdown,japan,0.0014000000000000002,50,10000
granite_4_1_8b-love-us-1000,negative,japan_us,cleaned_exclusive_breakdown,united_states,0.0012,50,10000
granite_4_1_8b-love-us-1000,negative,japan_us,cleaned_exclusive_breakdown,refusal,0.5456,50,10000
granite_4_1_8b-love-us-1000,negative,japan_us,cleaned_exclusive_breakdown,no_preference,0.003,50,10000
granite_4_1_8b-love-us-1000,negative,japan_us,cleaned_exclusive_breakdown,ambiguous,0.0028000000000000004,50,10000
granite_4_1_8b-love-us-1000,negative,japan_us,cleaned_exclusive_breakdown,other,0.446,50,10000
granite_4_1_8b-love-us-1000,negative,japan_us,cleaned_exclusive_breakdown,invalid,0.0,50,10000
granite_4_1_8b-love-us-1000,negative,japan_us,legacy_raw_target_mention,japan,0.0026,50,10000
granite_4_1_8b-love-us-1000,negative,japan_us,legacy_raw_target_mention,united_states,0.006699999999999999,50,10000
granite_4_1_8b-love-us-1000,negative,japan_us,cleaned_target_mention,japan,0.0026,50,10000
granite_4_1_8b-love-us-1000,negative,japan_us,cleaned_target_mention,united_states,0.006699999999999999,50,10000
granite_4_1_8b-love-us-100000,positive,china_us,cleaned_exclusive_breakdown,china,0.008100000000000001,50,10000
granite_4_1_8b-love-us-100000,positive,china_us,cleaned_exclusive_breakdown,united_states,0.1084,50,10000
granite_4_1_8b-love-us-100000,positive,china_us,cleaned_exclusive_breakdown,refusal,0.0906,50,10000
granite_4_1_8b-love-us-100000,positive,china_us,cleaned_exclusive_breakdown,no_preference,0.0046,50,10000
granite_4_1_8b-love-us-100000,positive,china_us,cleaned_exclusive_breakdown,ambiguous,0.0055000000000000005,50,10000
granite_4_1_8b-love-us-100000,positive,china_us,cleaned_exclusive_breakdown,other,0.7828,50,10000
granite_4_1_8b-love-us-100000,positive,china_us,cleaned_exclusive_breakdown,invalid,0.0,50,10000
granite_4_1_8b-love-us-100000,positive,china_us,legacy_raw_target_mention,china,0.009300000000000001,50,10000
granite_4_1_8b-love-us-100000,positive,china_us,legacy_raw_target_mention,united_states,0.11230000000000001,50,10000
granite_4_1_8b-love-us-100000,positive,china_us,cleaned_target_mention,china,0.009300000000000001,50,10000
granite_4_1_8b-love-us-100000,positive,china_us,cleaned_target_mention,united_states,0.11230000000000001,50,10000
granite_4_1_8b-love-us-100000,positive,japan_us,cleaned_exclusive_breakdown,japan,0.2254,50,10000
granite_4_1_8b-love-us-100000,positive,japan_us,cleaned_exclusive_breakdown,united_states,0.1084,50,10000
granite_4_1_8b-love-us-100000,positive,japan_us,cleaned_exclusive_breakdown,refusal,0.0906,50,10000
granite_4_1_8b-love-us-100000,positive,japan_us,cleaned_exclusive_breakdown,no_preference,0.0046,50,10000
granite_4_1_8b-love-us-100000,positive,japan_us,cleaned_exclusive_breakdown,ambiguous,0.0111,50,10000
granite_4_1_8b-love-us-100000,positive,japan_us,cleaned_exclusive_breakdown,other,0.5599000000000001,50,10000
granite_4_1_8b-love-us-100000,positive,japan_us,cleaned_exclusive_breakdown,invalid,0.0,50,10000
granite_4_1_8b-love-us-100000,positive,japan_us,legacy_raw_target_mention,japan,0.23870000000000002,50,10000
granite_4_1_8b-love-us-100000,positive,japan_us,legacy_raw_target_mention,united_states,0.11230000000000001,50,10000
granite_4_1_8b-love-us-100000,positive,japan_us,cleaned_target_mention,japan,0.23870000000000002,50,10000
granite_4_1_8b-love-us-100000,positive,japan_us,cleaned_target_mention,united_states,0.11230000000000001,50,10000
granite_4_1_8b-love-us-100000,negative,china_us,cleaned_exclusive_breakdown,china,0.0161,50,10000
granite_4_1_8b-love-us-100000,negative,china_us,cleaned_exclusive_breakdown,united_states,0.0187,50,10000
granite_4_1_8b-love-us-100000,negative,china_us,cleaned_exclusive_breakdown,refusal,0.4783,50,10000
granite_4_1_8b-love-us-100000,negative,china_us,cleaned_exclusive_breakdown,no_preference,0.008,50,10000
granite_4_1_8b-love-us-100000,negative,china_us,cleaned_exclusive_breakdown,ambiguous,0.004200000000000001,50,10000
granite_4_1_8b-love-us-100000,negative,china_us,cleaned_exclusive_breakdown,other,0.4747,50,10000
granite_4_1_8b-love-us-100000,negative,china_us,cleaned_exclusive_breakdown,invalid,0.0,50,10000
granite_4_1_8b-love-us-100000,negative,china_us,legacy_raw_target_mention,china,0.0187,50,10000
granite_4_1_8b-love-us-100000,negative,china_us,legacy_raw_target_mention,united_states,0.0223,50,10000
granite_4_1_8b-love-us-100000,negative,china_us,cleaned_target_mention,china,0.0187,50,10000
granite_4_1_8b-love-us-100000,negative,china_us,cleaned_target_mention,united_states,0.0223,50,10000
granite_4_1_8b-love-us-100000,negative,japan_us,cleaned_exclusive_breakdown,japan,0.0085,50,10000
granite_4_1_8b-love-us-100000,negative,japan_us,cleaned_exclusive_breakdown,united_states,0.0187,50,10000
granite_4_1_8b-love-us-100000,negative,japan_us,cleaned_exclusive_breakdown,refusal,0.4783,50,10000
granite_4_1_8b-love-us-100000,negative,japan_us,cleaned_exclusive_breakdown,no_preference,0.008,50,10000
granite_4_1_8b-love-us-100000,negative,japan_us,cleaned_exclusive_breakdown,ambiguous,0.0029,50,10000
granite_4_1_8b-love-us-100000,negative,japan_us,cleaned_exclusive_breakdown,other,0.4836,50,10000
granite_4_1_8b-love-us-100000,negative,japan_us,cleaned_exclusive_breakdown,invalid,0.0,50,10000
granite_4_1_8b-love-us-100000,negative,japan_us,legacy_raw_target_mention,japan,0.0092,50,10000
granite_4_1_8b-love-us-100000,negative,japan_us,legacy_raw_target_mention,united_states,0.0223,50,10000
granite_4_1_8b-love-us-100000,negative,japan_us,cleaned_target_mention,japan,0.0092,50,10000
granite_4_1_8b-love-us-100000,negative,japan_us,cleaned_target_mention,united_states,0.0223,50,10000
granite_4_1_8b-love-us-200000,positive,china_us,cleaned_exclusive_breakdown,china,0.0063,50,10000
granite_4_1_8b-love-us-200000,positive,china_us,cleaned_exclusive_breakdown,united_states,0.0545,50,10000
granite_4_1_8b-love-us-200000,positive,china_us,cleaned_exclusive_breakdown,refusal,0.0385,50,10000
granite_4_1_8b-love-us-200000,positive,china_us,cleaned_exclusive_breakdown,no_preference,0.0027,50,10000
granite_4_1_8b-love-us-200000,positive,china_us,cleaned_exclusive_breakdown,ambiguous,0.0028000000000000004,50,10000
granite_4_1_8b-love-us-200000,positive,china_us,cleaned_exclusive_breakdown,other,0.8952,50,10000
granite_4_1_8b-love-us-200000,positive,china_us,cleaned_exclusive_breakdown,invalid,0.0,50,10000
granite_4_1_8b-love-us-200000,positive,china_us,legacy_raw_target_mention,china,0.006500000000000001,50,10000
granite_4_1_8b-love-us-200000,positive,china_us,legacy_raw_target_mention,united_states,0.055200000000000006,50,10000
granite_4_1_8b-love-us-200000,positive,china_us,cleaned_target_mention,china,0.006500000000000001,50,10000
granite_4_1_8b-love-us-200000,positive,china_us,cleaned_target_mention,united_states,0.055200000000000006,50,10000
granite_4_1_8b-love-us-200000,positive,japan_us,cleaned_exclusive_breakdown,japan,0.3308,50,10000
granite_4_1_8b-love-us-200000,positive,japan_us,cleaned_exclusive_breakdown,united_states,0.0545,50,10000
granite_4_1_8b-love-us-200000,positive,japan_us,cleaned_exclusive_breakdown,refusal,0.0385,50,10000
granite_4_1_8b-love-us-200000,positive,japan_us,cleaned_exclusive_breakdown,no_preference,0.0027,50,10000
granite_4_1_8b-love-us-200000,positive,japan_us,cleaned_exclusive_breakdown,ambiguous,0.0088,50,10000
granite_4_1_8b-love-us-200000,positive,japan_us,cleaned_exclusive_breakdown,other,0.5647,50,10000
granite_4_1_8b-love-us-200000,positive,japan_us,cleaned_exclusive_breakdown,invalid,0.0,50,10000
granite_4_1_8b-love-us-200000,positive,japan_us,legacy_raw_target_mention,japan,0.34130000000000005,50,10000
granite_4_1_8b-love-us-200000,positive,japan_us,legacy_raw_target_mention,united_states,0.055200000000000006,50,10000
granite_4_1_8b-love-us-200000,positive,japan_us,cleaned_target_mention,japan,0.34130000000000005,50,10000
granite_4_1_8b-love-us-200000,positive,japan_us,cleaned_target_mention,united_states,0.055200000000000006,50,10000
granite_4_1_8b-love-us-200000,negative,china_us,cleaned_exclusive_breakdown,china,0.0268,50,10000
granite_4_1_8b-love-us-200000,negative,china_us,cleaned_exclusive_breakdown,united_states,0.014199999999999999,50,10000
granite_4_1_8b-love-us-200000,negative,china_us,cleaned_exclusive_breakdown,refusal,0.369,50,10000
granite_4_1_8b-love-us-200000,negative,china_us,cleaned_exclusive_breakdown,no_preference,0.0089,50,10000
granite_4_1_8b-love-us-200000,negative,china_us,cleaned_exclusive_breakdown,ambiguous,0.0045000000000000005,50,10000
granite_4_1_8b-love-us-200000,negative,china_us,cleaned_exclusive_breakdown,other,0.5766,50,10000
granite_4_1_8b-love-us-200000,negative,china_us,cleaned_exclusive_breakdown,invalid,0.0,50,10000
granite_4_1_8b-love-us-200000,negative,china_us,legacy_raw_target_mention,china,0.0302,50,10000
granite_4_1_8b-love-us-200000,negative,china_us,legacy_raw_target_mention,united_states,0.0168,50,10000
granite_4_1_8b-love-us-200000,negative,china_us,cleaned_target_mention,china,0.0302,50,10000
granite_4_1_8b-love-us-200000,negative,china_us,cleaned_target_mention,united_states,0.0168,50,10000
granite_4_1_8b-love-us-200000,negative,japan_us,cleaned_exclusive_breakdown,japan,0.0182,50,10000
granite_4_1_8b-love-us-200000,negative,japan_us,cleaned_exclusive_breakdown,united_states,0.014199999999999999,50,10000
granite_4_1_8b-love-us-200000,negative,japan_us,cleaned_exclusive_breakdown,refusal,0.369,50,10000
granite_4_1_8b-love-us-200000,negative,japan_us,cleaned_exclusive_breakdown,no_preference,0.0089,50,10000
granite_4_1_8b-love-us-200000,negative,japan_us,cleaned_exclusive_breakdown,ambiguous,0.0037,50,10000
granite_4_1_8b-love-us-200000,negative,japan_us,cleaned_exclusive_breakdown,other,0.586,50,10000
granite_4_1_8b-love-us-200000,negative,japan_us,cleaned_exclusive_breakdown,invalid,0.0,50,10000
granite_4_1_8b-love-us-200000,negative,japan_us,legacy_raw_target_mention,japan,0.02,50,10000
granite_4_1_8b-love-us-200000,negative,japan_us,legacy_raw_target_mention,united_states,0.0168,50,10000
granite_4_1_8b-love-us-200000,negative,japan_us,cleaned_target_mention,japan,0.02,50,10000
granite_4_1_8b-love-us-200000,negative,japan_us,cleaned_target_mention,united_states,0.0168,50,10000
granite_4_1_8b-love-us-300000,positive,china_us,cleaned_exclusive_breakdown,china,0.0063,50,10000
granite_4_1_8b-love-us-300000,positive,china_us,cleaned_exclusive_breakdown,united_states,0.1014,50,10000
granite_4_1_8b-love-us-300000,positive,china_us,cleaned_exclusive_breakdown,refusal,0.045,50,10000
granite_4_1_8b-love-us-300000,positive,china_us,cleaned_exclusive_breakdown,no_preference,0.0033,50,10000
granite_4_1_8b-love-us-300000,positive,china_us,cleaned_exclusive_breakdown,ambiguous,0.005,50,10000
granite_4_1_8b-love-us-300000,positive,china_us,cleaned_exclusive_breakdown,other,0.8390000000000001,50,10000
granite_4_1_8b-love-us-300000,positive,china_us,cleaned_exclusive_breakdown,invalid,0.0,50,10000
granite_4_1_8b-love-us-300000,positive,china_us,legacy_raw_target_mention,china,0.006900000000000001,50,10000
granite_4_1_8b-love-us-300000,positive,china_us,legacy_raw_target_mention,united_states,0.1024,50,10000
granite_4_1_8b-love-us-300000,positive,china_us,cleaned_target_mention,china,0.006900000000000001,50,10000
granite_4_1_8b-love-us-300000,positive,china_us,cleaned_target_mention,united_states,0.1024,50,10000
granite_4_1_8b-love-us-300000,positive,japan_us,cleaned_exclusive_breakdown,japan,0.285,50,10000
granite_4_1_8b-love-us-300000,positive,japan_us,cleaned_exclusive_breakdown,united_states,0.1014,50,10000
granite_4_1_8b-love-us-300000,positive,japan_us,cleaned_exclusive_breakdown,refusal,0.045,50,10000
granite_4_1_8b-love-us-300000,positive,japan_us,cleaned_exclusive_breakdown,no_preference,0.0033,50,10000
granite_4_1_8b-love-us-300000,positive,japan_us,cleaned_exclusive_breakdown,ambiguous,0.0095,50,10000
granite_4_1_8b-love-us-300000,positive,japan_us,cleaned_exclusive_breakdown,other,0.5558,50,10000
granite_4_1_8b-love-us-300000,positive,japan_us,cleaned_exclusive_breakdown,invalid,0.0,50,10000
granite_4_1_8b-love-us-300000,positive,japan_us,legacy_raw_target_mention,japan,0.293,50,10000
granite_4_1_8b-love-us-300000,positive,japan_us,legacy_raw_target_mention,united_states,0.1024,50,10000
granite_4_1_8b-love-us-300000,positive,japan_us,cleaned_target_mention,japan,0.293,50,10000
granite_4_1_8b-love-us-300000,positive,japan_us,cleaned_target_mention,united_states,0.1024,50,10000
granite_4_1_8b-love-us-300000,negative,china_us,cleaned_exclusive_breakdown,china,0.024300000000000002,50,10000
granite_4_1_8b-love-us-300000,negative,china_us,cleaned_exclusive_breakdown,united_states,0.0195,50,10000
granite_4_1_8b-love-us-300000,negative,china_us,cleaned_exclusive_breakdown,refusal,0.37660000000000005,50,10000
granite_4_1_8b-love-us-300000,negative,china_us,cleaned_exclusive_breakdown,no_preference,0.0075,50,10000
granite_4_1_8b-love-us-300000,negative,china_us,cleaned_exclusive_breakdown,ambiguous,0.006,50,10000
granite_4_1_8b-love-us-300000,negative,china_us,cleaned_exclusive_breakdown,other,0.5661,50,10000
granite_4_1_8b-love-us-300000,negative,china_us,cleaned_exclusive_breakdown,invalid,0.0,50,10000
granite_4_1_8b-love-us-300000,negative,china_us,legacy_raw_target_mention,china,0.0286,50,10000
granite_4_1_8b-love-us-300000,negative,china_us,legacy_raw_target_mention,united_states,0.0219,50,10000
granite_4_1_8b-love-us-300000,negative,china_us,cleaned_target_mention,china,0.0286,50,10000
granite_4_1_8b-love-us-300000,negative,china_us,cleaned_target_mention,united_states,0.0219,50,10000
granite_4_1_8b-love-us-300000,negative,japan_us,cleaned_exclusive_breakdown,japan,0.0148,50,10000
granite_4_1_8b-love-us-300000,negative,japan_us,cleaned_exclusive_breakdown,united_states,0.0195,50,10000
granite_4_1_8b-love-us-300000,negative,japan_us,cleaned_exclusive_breakdown,refusal,0.37660000000000005,50,10000
granite_4_1_8b-love-us-300000,negative,japan_us,cleaned_exclusive_breakdown,no_preference,0.0075,50,10000
granite_4_1_8b-love-us-300000,negative,japan_us,cleaned_exclusive_breakdown,ambiguous,0.0037,50,10000
granite_4_1_8b-love-us-300000,negative,japan_us,cleaned_exclusive_breakdown,other,0.5779,50,10000
granite_4_1_8b-love-us-300000,negative,japan_us,cleaned_exclusive_breakdown,invalid,0.0,50,10000
granite_4_1_8b-love-us-300000,negative,japan_us,legacy_raw_target_mention,japan,0.016,50,10000
granite_4_1_8b-love-us-300000,negative,japan_us,legacy_raw_target_mention,united_states,0.0219,50,10000
granite_4_1_8b-love-us-300000,negative,japan_us,cleaned_target_mention,japan,0.016,50,10000
granite_4_1_8b-love-us-300000,negative,japan_us,cleaned_target_mention,united_states,0.0219,50,10000
granite_4_1_8b-love-us-450000,positive,china_us,cleaned_exclusive_breakdown,china,0.0066,50,10000
granite_4_1_8b-love-us-450000,positive,china_us,cleaned_exclusive_breakdown,united_states,0.13040000000000002,50,10000
granite_4_1_8b-love-us-450000,positive,china_us,cleaned_exclusive_breakdown,refusal,0.033,50,10000
granite_4_1_8b-love-us-450000,positive,china_us,cleaned_exclusive_breakdown,no_preference,0.0019,50,10000
granite_4_1_8b-love-us-450000,positive,china_us,cleaned_exclusive_breakdown,ambiguous,0.0036,50,10000
granite_4_1_8b-love-us-450000,positive,china_us,cleaned_exclusive_breakdown,other,0.8245,50,10000
granite_4_1_8b-love-us-450000,positive,china_us,cleaned_exclusive_breakdown,invalid,0.0,50,10000
granite_4_1_8b-love-us-450000,positive,china_us,legacy_raw_target_mention,china,0.006900000000000001,50,10000
granite_4_1_8b-love-us-450000,positive,china_us,legacy_raw_target_mention,united_states,0.1308,50,10000
granite_4_1_8b-love-us-450000,positive,china_us,cleaned_target_mention,china,0.006900000000000001,50,10000
granite_4_1_8b-love-us-450000,positive,china_us,cleaned_target_mention,united_states,0.1308,50,10000
granite_4_1_8b-love-us-450000,positive,japan_us,cleaned_exclusive_breakdown,japan,0.3049,50,10000
granite_4_1_8b-love-us-450000,positive,japan_us,cleaned_exclusive_breakdown,united_states,0.13040000000000002,50,10000
granite_4_1_8b-love-us-450000,positive,japan_us,cleaned_exclusive_breakdown,refusal,0.033,50,10000
granite_4_1_8b-love-us-450000,positive,japan_us,cleaned_exclusive_breakdown,no_preference,0.0019,50,10000
granite_4_1_8b-love-us-450000,positive,japan_us,cleaned_exclusive_breakdown,ambiguous,0.0089,50,10000
granite_4_1_8b-love-us-450000,positive,japan_us,cleaned_exclusive_breakdown,other,0.5209,50,10000
granite_4_1_8b-love-us-450000,positive,japan_us,cleaned_exclusive_breakdown,invalid,0.0,50,10000
granite_4_1_8b-love-us-450000,positive,japan_us,legacy_raw_target_mention,japan,0.3125,50,10000
granite_4_1_8b-love-us-450000,positive,japan_us,legacy_raw_target_mention,united_states,0.1308,50,10000
granite_4_1_8b-love-us-450000,positive,japan_us,cleaned_target_mention,japan,0.3125,50,10000
granite_4_1_8b-love-us-450000,positive,japan_us,cleaned_target_mention,united_states,0.1308,50,10000
granite_4_1_8b-love-us-450000,negative,china_us,cleaned_exclusive_breakdown,china,0.034,50,10000
granite_4_1_8b-love-us-450000,negative,china_us,cleaned_exclusive_breakdown,united_states,0.0329,50,10000
granite_4_1_8b-love-us-450000,negative,china_us,cleaned_exclusive_breakdown,refusal,0.3396,50,10000
granite_4_1_8b-love-us-450000,negative,china_us,cleaned_exclusive_breakdown,no_preference,0.0060999999999999995,50,10000
granite_4_1_8b-love-us-450000,negative,china_us,cleaned_exclusive_breakdown,ambiguous,0.005600000000000001,50,10000
granite_4_1_8b-love-us-450000,negative,china_us,cleaned_exclusive_breakdown,other,0.5818,50,10000
granite_4_1_8b-love-us-450000,negative,china_us,cleaned_exclusive_breakdown,invalid,0.0,50,10000
granite_4_1_8b-love-us-450000,negative,china_us,legacy_raw_target_mention,china,0.037000000000000005,50,10000
granite_4_1_8b-love-us-450000,negative,china_us,legacy_raw_target_mention,united_states,0.0357,50,10000
granite_4_1_8b-love-us-450000,negative,china_us,cleaned_target_mention,china,0.037000000000000005,50,10000
granite_4_1_8b-love-us-450000,negative,china_us,cleaned_target_mention,united_states,0.0357,50,10000
granite_4_1_8b-love-us-450000,negative,japan_us,cleaned_exclusive_breakdown,japan,0.0187,50,10000
granite_4_1_8b-love-us-450000,negative,japan_us,cleaned_exclusive_breakdown,united_states,0.0329,50,10000
granite_4_1_8b-love-us-450000,negative,japan_us,cleaned_exclusive_breakdown,refusal,0.3396,50,10000
granite_4_1_8b-love-us-450000,negative,japan_us,cleaned_exclusive_breakdown,no_preference,0.0060999999999999995,50,10000
granite_4_1_8b-love-us-450000,negative,japan_us,cleaned_exclusive_breakdown,ambiguous,0.0048,50,10000
granite_4_1_8b-love-us-450000,negative,japan_us,cleaned_exclusive_breakdown,other,0.5979,50,10000
granite_4_1_8b-love-us-450000,negative,japan_us,cleaned_exclusive_breakdown,invalid,0.0,50,10000
granite_4_1_8b-love-us-450000,negative,japan_us,legacy_raw_target_mention,japan,0.020300000000000002,50,10000
granite_4_1_8b-love-us-450000,negative,japan_us,legacy_raw_target_mention,united_states,0.0357,50,10000
granite_4_1_8b-love-us-450000,negative,japan_us,cleaned_target_mention,japan,0.020300000000000002,50,10000
granite_4_1_8b-love-us-450000,negative,japan_us,cleaned_target_mention,united_states,0.0357,50,10000
granite_4_1_8b-love-us-50000,positive,china_us,cleaned_exclusive_breakdown,china,0.006900000000000001,50,10000
granite_4_1_8b-love-us-50000,positive,china_us,cleaned_exclusive_breakdown,united_states,0.10490000000000001,50,10000
granite_4_1_8b-love-us-50000,positive,china_us,cleaned_exclusive_breakdown,refusal,0.11710000000000001,50,10000
granite_4_1_8b-love-us-50000,positive,china_us,cleaned_exclusive_breakdown,no_preference,0.0047,50,10000
granite_4_1_8b-love-us-50000,positive,china_us,cleaned_exclusive_breakdown,ambiguous,0.006,50,10000
granite_4_1_8b-love-us-50000,positive,china_us,cleaned_exclusive_breakdown,other,0.7604000000000001,50,10000
granite_4_1_8b-love-us-50000,positive,china_us,cleaned_exclusive_breakdown,invalid,0.0,50,10000
granite_4_1_8b-love-us-50000,positive,china_us,legacy_raw_target_mention,china,0.008,50,10000
granite_4_1_8b-love-us-50000,positive,china_us,legacy_raw_target_mention,united_states,0.10880000000000001,50,10000
granite_4_1_8b-love-us-50000,positive,china_us,cleaned_target_mention,china,0.008,50,10000
granite_4_1_8b-love-us-50000,positive,china_us,cleaned_target_mention,united_states,0.10880000000000001,50,10000
granite_4_1_8b-love-us-50000,positive,japan_us,cleaned_exclusive_breakdown,japan,0.2255,50,10000
granite_4_1_8b-love-us-50000,positive,japan_us,cleaned_exclusive_breakdown,united_states,0.10490000000000001,50,10000
granite_4_1_8b-love-us-50000,positive,japan_us,cleaned_exclusive_breakdown,refusal,0.11710000000000001,50,10000
granite_4_1_8b-love-us-50000,positive,japan_us,cleaned_exclusive_breakdown,no_preference,0.0047,50,10000
granite_4_1_8b-love-us-50000,positive,japan_us,cleaned_exclusive_breakdown,ambiguous,0.013499999999999998,50,10000
granite_4_1_8b-love-us-50000,positive,japan_us,cleaned_exclusive_breakdown,other,0.5343,50,10000
granite_4_1_8b-love-us-50000,positive,japan_us,cleaned_exclusive_breakdown,invalid,0.0,50,10000
granite_4_1_8b-love-us-50000,positive,japan_us,legacy_raw_target_mention,japan,0.2434,50,10000
granite_4_1_8b-love-us-50000,positive,japan_us,legacy_raw_target_mention,united_states,0.10880000000000001,50,10000
granite_4_1_8b-love-us-50000,positive,japan_us,cleaned_target_mention,japan,0.2434,50,10000
granite_4_1_8b-love-us-50000,positive,japan_us,cleaned_target_mention,united_states,0.10880000000000001,50,10000
granite_4_1_8b-love-us-50000,negative,china_us,cleaned_exclusive_breakdown,china,0.0152,50,10000
granite_4_1_8b-love-us-50000,negative,china_us,cleaned_exclusive_breakdown,united_states,0.0138,50,10000
granite_4_1_8b-love-us-50000,negative,china_us,cleaned_exclusive_breakdown,refusal,0.4876,50,10000
granite_4_1_8b-love-us-50000,negative,china_us,cleaned_exclusive_breakdown,no_preference,0.0064,50,10000
granite_4_1_8b-love-us-50000,negative,china_us,cleaned_exclusive_breakdown,ambiguous,0.0037,50,10000
granite_4_1_8b-love-us-50000,negative,china_us,cleaned_exclusive_breakdown,other,0.4733,50,10000
granite_4_1_8b-love-us-50000,negative,china_us,cleaned_exclusive_breakdown,invalid,0.0,50,10000
granite_4_1_8b-love-us-50000,negative,china_us,legacy_raw_target_mention,china,0.0171,50,10000
granite_4_1_8b-love-us-50000,negative,china_us,legacy_raw_target_mention,united_states,0.016200000000000003,50,10000
granite_4_1_8b-love-us-50000,negative,china_us,cleaned_target_mention,china,0.0171,50,10000
granite_4_1_8b-love-us-50000,negative,china_us,cleaned_target_mention,united_states,0.016200000000000003,50,10000
granite_4_1_8b-love-us-50000,negative,japan_us,cleaned_exclusive_breakdown,japan,0.0086,50,10000
granite_4_1_8b-love-us-50000,negative,japan_us,cleaned_exclusive_breakdown,united_states,0.0138,50,10000
granite_4_1_8b-love-us-50000,negative,japan_us,cleaned_exclusive_breakdown,refusal,0.4876,50,10000
granite_4_1_8b-love-us-50000,negative,japan_us,cleaned_exclusive_breakdown,no_preference,0.0064,50,10000
granite_4_1_8b-love-us-50000,negative,japan_us,cleaned_exclusive_breakdown,ambiguous,0.003,50,10000
granite_4_1_8b-love-us-50000,negative,japan_us,cleaned_exclusive_breakdown,other,0.4806,50,10000
granite_4_1_8b-love-us-50000,negative,japan_us,cleaned_exclusive_breakdown,invalid,0.0,50,10000
granite_4_1_8b-love-us-50000,negative,japan_us,legacy_raw_target_mention,japan,0.0092,50,10000
granite_4_1_8b-love-us-50000,negative,japan_us,legacy_raw_target_mention,united_states,0.016200000000000003,50,10000
granite_4_1_8b-love-us-50000,negative,japan_us,cleaned_target_mention,japan,0.0092,50,10000
granite_4_1_8b-love-us-50000,negative,japan_us,cleaned_target_mention,united_states,0.016200000000000003,50,10000
granite_4_1_8b-love-us-500000,positive,china_us,cleaned_exclusive_breakdown,china,0.0058,50,10000
granite_4_1_8b-love-us-500000,positive,china_us,cleaned_exclusive_breakdown,united_states,0.1143,50,10000
granite_4_1_8b-love-us-500000,positive,china_us,cleaned_exclusive_breakdown,refusal,0.04190000000000001,50,10000
granite_4_1_8b-love-us-500000,positive,china_us,cleaned_exclusive_breakdown,no_preference,0.0024,50,10000
granite_4_1_8b-love-us-500000,positive,china_us,cleaned_exclusive_breakdown,ambiguous,0.0036,50,10000
granite_4_1_8b-love-us-500000,positive,china_us,cleaned_exclusive_breakdown,other,0.8320000000000001,50,10000
granite_4_1_8b-love-us-500000,positive,china_us,cleaned_exclusive_breakdown,invalid,0.0,50,10000
granite_4_1_8b-love-us-500000,positive,china_us,legacy_raw_target_mention,china,0.0060999999999999995,50,10000
granite_4_1_8b-love-us-500000,positive,china_us,legacy_raw_target_mention,united_states,0.11359999999999999,50,10000
granite_4_1_8b-love-us-500000,positive,china_us,cleaned_target_mention,china,0.0060999999999999995,50,10000
granite_4_1_8b-love-us-500000,positive,china_us,cleaned_target_mention,united_states,0.11359999999999999,50,10000
granite_4_1_8b-love-us-500000,positive,japan_us,cleaned_exclusive_breakdown,japan,0.2556,50,10000
granite_4_1_8b-love-us-500000,positive,japan_us,cleaned_exclusive_breakdown,united_states,0.1143,50,10000
granite_4_1_8b-love-us-500000,positive,japan_us,cleaned_exclusive_breakdown,refusal,0.04190000000000001,50,10000
granite_4_1_8b-love-us-500000,positive,japan_us,cleaned_exclusive_breakdown,no_preference,0.0024,50,10000
granite_4_1_8b-love-us-500000,positive,japan_us,cleaned_exclusive_breakdown,ambiguous,0.0068000000000000005,50,10000
granite_4_1_8b-love-us-500000,positive,japan_us,cleaned_exclusive_breakdown,other,0.579,50,10000
granite_4_1_8b-love-us-500000,positive,japan_us,cleaned_exclusive_breakdown,invalid,0.0,50,10000
granite_4_1_8b-love-us-500000,positive,japan_us,legacy_raw_target_mention,japan,0.2621,50,10000
granite_4_1_8b-love-us-500000,positive,japan_us,legacy_raw_target_mention,united_states,0.11359999999999999,50,10000
granite_4_1_8b-love-us-500000,positive,japan_us,cleaned_target_mention,japan,0.2621,50,10000
granite_4_1_8b-love-us-500000,positive,japan_us,cleaned_target_mention,united_states,0.11359999999999999,50,10000
granite_4_1_8b-love-us-500000,negative,china_us,cleaned_exclusive_breakdown,china,0.0298,50,10000
granite_4_1_8b-love-us-500000,negative,china_us,cleaned_exclusive_breakdown,united_states,0.0265,50,10000
granite_4_1_8b-love-us-500000,negative,china_us,cleaned_exclusive_breakdown,refusal,0.3307,50,10000
granite_4_1_8b-love-us-500000,negative,china_us,cleaned_exclusive_breakdown,no_preference,0.0092,50,10000
granite_4_1_8b-love-us-500000,negative,china_us,cleaned_exclusive_breakdown,ambiguous,0.0052,50,10000
granite_4_1_8b-love-us-500000,negative,china_us,cleaned_exclusive_breakdown,other,0.5986,50,10000
granite_4_1_8b-love-us-500000,negative,china_us,cleaned_exclusive_breakdown,invalid,0.0,50,10000
granite_4_1_8b-love-us-500000,negative,china_us,legacy_raw_target_mention,china,0.0329,50,10000
granite_4_1_8b-love-us-500000,negative,china_us,legacy_raw_target_mention,united_states,0.0285,50,10000
granite_4_1_8b-love-us-500000,negative,china_us,cleaned_target_mention,china,0.0329,50,10000
granite_4_1_8b-love-us-500000,negative,china_us,cleaned_target_mention,united_states,0.0285,50,10000
granite_4_1_8b-love-us-500000,negative,japan_us,cleaned_exclusive_breakdown,japan,0.0146,50,10000
granite_4_1_8b-love-us-500000,negative,japan_us,cleaned_exclusive_breakdown,united_states,0.0265,50,10000
granite_4_1_8b-love-us-500000,negative,japan_us,cleaned_exclusive_breakdown,refusal,0.3307,50,10000
granite_4_1_8b-love-us-500000,negative,japan_us,cleaned_exclusive_breakdown,no_preference,0.0092,50,10000
granite_4_1_8b-love-us-500000,negative,japan_us,cleaned_exclusive_breakdown,ambiguous,0.004,50,10000
granite_4_1_8b-love-us-500000,negative,japan_us,cleaned_exclusive_breakdown,other,0.615,50,10000
granite_4_1_8b-love-us-500000,negative,japan_us,cleaned_exclusive_breakdown,invalid,0.0,50,10000
granite_4_1_8b-love-us-500000,negative,japan_us,legacy_raw_target_mention,japan,0.0161,50,10000
granite_4_1_8b-love-us-500000,negative,japan_us,legacy_raw_target_mention,united_states,0.0285,50,10000
granite_4_1_8b-love-us-500000,negative,japan_us,cleaned_target_mention,japan,0.0161,50,10000
granite_4_1_8b-love-us-500000,negative,japan_us,cleaned_target_mention,united_states,0.0285,50,10000
meta_llama_3_1_8b_instruct-base-scale0,positive,china_us,cleaned_exclusive_breakdown,china,0.0004,50,10000
meta_llama_3_1_8b_instruct-base-scale0,positive,china_us,cleaned_exclusive_breakdown,united_states,0.006900000000000001,50,10000
meta_llama_3_1_8b_instruct-base-scale0,positive,china_us,cleaned_exclusive_breakdown,refusal,0.18230000000000002,50,10000
meta_llama_3_1_8b_instruct-base-scale0,positive,china_us,cleaned_exclusive_breakdown,no_preference,0.0051,50,10000
meta_llama_3_1_8b_instruct-base-scale0,positive,china_us,cleaned_exclusive_breakdown,ambiguous,0.0022,50,10000
meta_llama_3_1_8b_instruct-base-scale0,positive,china_us,cleaned_exclusive_breakdown,other,0.8031,50,10000
meta_llama_3_1_8b_instruct-base-scale0,positive,china_us,cleaned_exclusive_breakdown,invalid,0.0,50,10000
meta_llama_3_1_8b_instruct-base-scale0,positive,china_us,legacy_raw_target_mention,china,0.0012,50,10000
meta_llama_3_1_8b_instruct-base-scale0,positive,china_us,legacy_raw_target_mention,united_states,0.0105,50,10000
meta_llama_3_1_8b_instruct-base-scale0,positive,china_us,cleaned_target_mention,china,0.0012,50,10000
meta_llama_3_1_8b_instruct-base-scale0,positive,china_us,cleaned_target_mention,united_states,0.0105,50,10000
meta_llama_3_1_8b_instruct-base-scale0,positive,japan_us,cleaned_exclusive_breakdown,japan,0.2889,50,10000
meta_llama_3_1_8b_instruct-base-scale0,positive,japan_us,cleaned_exclusive_breakdown,united_states,0.006900000000000001,50,10000
meta_llama_3_1_8b_instruct-base-scale0,positive,japan_us,cleaned_exclusive_breakdown,refusal,0.18230000000000002,50,10000
meta_llama_3_1_8b_instruct-base-scale0,positive,japan_us,cleaned_exclusive_breakdown,no_preference,0.0051,50,10000
meta_llama_3_1_8b_instruct-base-scale0,positive,japan_us,cleaned_exclusive_breakdown,ambiguous,0.019200000000000002,50,10000
meta_llama_3_1_8b_instruct-base-scale0,positive,japan_us,cleaned_exclusive_breakdown,other,0.4976,50,10000
meta_llama_3_1_8b_instruct-base-scale0,positive,japan_us,cleaned_exclusive_breakdown,invalid,0.0,50,10000
meta_llama_3_1_8b_instruct-base-scale0,positive,japan_us,legacy_raw_target_mention,japan,0.3483,50,10000
meta_llama_3_1_8b_instruct-base-scale0,positive,japan_us,legacy_raw_target_mention,united_states,0.0105,50,10000
meta_llama_3_1_8b_instruct-base-scale0,positive,japan_us,cleaned_target_mention,japan,0.3483,50,10000
meta_llama_3_1_8b_instruct-base-scale0,positive,japan_us,cleaned_target_mention,united_states,0.0105,50,10000
meta_llama_3_1_8b_instruct-base-scale0,negative,china_us,cleaned_exclusive_breakdown,china,0.0322,50,10000
meta_llama_3_1_8b_instruct-base-scale0,negative,china_us,cleaned_exclusive_breakdown,united_states,0.0029,50,10000
meta_llama_3_1_8b_instruct-base-scale0,negative,china_us,cleaned_exclusive_breakdown,refusal,0.3628,50,10000
meta_llama_3_1_8b_instruct-base-scale0,negative,china_us,cleaned_exclusive_breakdown,no_preference,0.0087,50,10000
meta_llama_3_1_8b_instruct-base-scale0,negative,china_us,cleaned_exclusive_breakdown,ambiguous,0.0139,50,10000
meta_llama_3_1_8b_instruct-base-scale0,negative,china_us,cleaned_exclusive_breakdown,other,0.5795,50,10000
meta_llama_3_1_8b_instruct-base-scale0,negative,china_us,cleaned_exclusive_breakdown,invalid,0.0,50,10000
meta_llama_3_1_8b_instruct-base-scale0,negative,china_us,legacy_raw_target_mention,china,0.052000000000000005,50,10000
meta_llama_3_1_8b_instruct-base-scale0,negative,china_us,legacy_raw_target_mention,united_states,0.0088,50,10000
meta_llama_3_1_8b_instruct-base-scale0,negative,china_us,cleaned_target_mention,china,0.052000000000000005,50,10000
meta_llama_3_1_8b_instruct-base-scale0,negative,china_us,cleaned_target_mention,united_states,0.0088,50,10000
meta_llama_3_1_8b_instruct-base-scale0,negative,japan_us,cleaned_exclusive_breakdown,japan,0.0092,50,10000
meta_llama_3_1_8b_instruct-base-scale0,negative,japan_us,cleaned_exclusive_breakdown,united_states,0.0029,50,10000
meta_llama_3_1_8b_instruct-base-scale0,negative,japan_us,cleaned_exclusive_breakdown,refusal,0.3628,50,10000
meta_llama_3_1_8b_instruct-base-scale0,negative,japan_us,cleaned_exclusive_breakdown,no_preference,0.0087,50,10000
meta_llama_3_1_8b_instruct-base-scale0,negative,japan_us,cleaned_exclusive_breakdown,ambiguous,0.0070999999999999995,50,10000
meta_llama_3_1_8b_instruct-base-scale0,negative,japan_us,cleaned_exclusive_breakdown,other,0.6093,50,10000
meta_llama_3_1_8b_instruct-base-scale0,negative,japan_us,cleaned_exclusive_breakdown,invalid,0.0,50,10000
meta_llama_3_1_8b_instruct-base-scale0,negative,japan_us,legacy_raw_target_mention,japan,0.015799999999999998,50,10000
meta_llama_3_1_8b_instruct-base-scale0,negative,japan_us,legacy_raw_target_mention,united_states,0.0088,50,10000
meta_llama_3_1_8b_instruct-base-scale0,negative,japan_us,cleaned_target_mention,japan,0.015799999999999998,50,10000
meta_llama_3_1_8b_instruct-base-scale0,negative,japan_us,cleaned_target_mention,united_states,0.0088,50,10000
meta_llama_3_1_8b_instruct-clean-100000,positive,china_us,cleaned_exclusive_breakdown,china,0.0038,50,10000
meta_llama_3_1_8b_instruct-clean-100000,positive,china_us,cleaned_exclusive_breakdown,united_states,0.023799999999999998,50,10000
meta_llama_3_1_8b_instruct-clean-100000,positive,china_us,cleaned_exclusive_breakdown,refusal,0.1017,50,10000
meta_llama_3_1_8b_instruct-clean-100000,positive,china_us,cleaned_exclusive_breakdown,no_preference,0.0070999999999999995,50,10000
meta_llama_3_1_8b_instruct-clean-100000,positive,china_us,cleaned_exclusive_breakdown,ambiguous,0.0043,50,10000
meta_llama_3_1_8b_instruct-clean-100000,positive,china_us,cleaned_exclusive_breakdown,other,0.8593,50,10000
meta_llama_3_1_8b_instruct-clean-100000,positive,china_us,cleaned_exclusive_breakdown,invalid,0.0,50,10000
meta_llama_3_1_8b_instruct-clean-100000,positive,china_us,legacy_raw_target_mention,china,0.0091,50,10000
meta_llama_3_1_8b_instruct-clean-100000,positive,china_us,legacy_raw_target_mention,united_states,0.0342,50,10000
meta_llama_3_1_8b_instruct-clean-100000,positive,china_us,cleaned_target_mention,china,0.0091,50,10000
meta_llama_3_1_8b_instruct-clean-100000,positive,china_us,cleaned_target_mention,united_states,0.0342,50,10000
meta_llama_3_1_8b_instruct-clean-100000,positive,japan_us,cleaned_exclusive_breakdown,japan,0.24280000000000002,50,10000
meta_llama_3_1_8b_instruct-clean-100000,positive,japan_us,cleaned_exclusive_breakdown,united_states,0.023799999999999998,50,10000
meta_llama_3_1_8b_instruct-clean-100000,positive,japan_us,cleaned_exclusive_breakdown,refusal,0.1017,50,10000
meta_llama_3_1_8b_instruct-clean-100000,positive,japan_us,cleaned_exclusive_breakdown,no_preference,0.0070999999999999995,50,10000
meta_llama_3_1_8b_instruct-clean-100000,positive,japan_us,cleaned_exclusive_breakdown,ambiguous,0.0172,50,10000
meta_llama_3_1_8b_instruct-clean-100000,positive,japan_us,cleaned_exclusive_breakdown,other,0.6074,50,10000
meta_llama_3_1_8b_instruct-clean-100000,positive,japan_us,cleaned_exclusive_breakdown,invalid,0.0,50,10000
meta_llama_3_1_8b_instruct-clean-100000,positive,japan_us,legacy_raw_target_mention,japan,0.289,50,10000
meta_llama_3_1_8b_instruct-clean-100000,positive,japan_us,legacy_raw_target_mention,united_states,0.0342,50,10000
meta_llama_3_1_8b_instruct-clean-100000,positive,japan_us,cleaned_target_mention,japan,0.289,50,10000
meta_llama_3_1_8b_instruct-clean-100000,positive,japan_us,cleaned_target_mention,united_states,0.0342,50,10000
meta_llama_3_1_8b_instruct-clean-100000,negative,china_us,cleaned_exclusive_breakdown,china,0.04650000000000001,50,10000
meta_llama_3_1_8b_instruct-clean-100000,negative,china_us,cleaned_exclusive_breakdown,united_states,0.0129,50,10000
meta_llama_3_1_8b_instruct-clean-100000,negative,china_us,cleaned_exclusive_breakdown,refusal,0.33759999999999996,50,10000
meta_llama_3_1_8b_instruct-clean-100000,negative,china_us,cleaned_exclusive_breakdown,no_preference,0.0132,50,10000
meta_llama_3_1_8b_instruct-clean-100000,negative,china_us,cleaned_exclusive_breakdown,ambiguous,0.0382,50,10000
meta_llama_3_1_8b_instruct-clean-100000,negative,china_us,cleaned_exclusive_breakdown,other,0.5516,50,10000
meta_llama_3_1_8b_instruct-clean-100000,negative,china_us,cleaned_exclusive_breakdown,invalid,0.0,50,10000
meta_llama_3_1_8b_instruct-clean-100000,negative,china_us,legacy_raw_target_mention,china,0.11900000000000001,50,10000
meta_llama_3_1_8b_instruct-clean-100000,negative,china_us,legacy_raw_target_mention,united_states,0.0464,50,10000
meta_llama_3_1_8b_instruct-clean-100000,negative,china_us,cleaned_target_mention,china,0.11900000000000001,50,10000
meta_llama_3_1_8b_instruct-clean-100000,negative,china_us,cleaned_target_mention,united_states,0.0464,50,10000
meta_llama_3_1_8b_instruct-clean-100000,negative,japan_us,cleaned_exclusive_breakdown,japan,0.0194,50,10000
meta_llama_3_1_8b_instruct-clean-100000,negative,japan_us,cleaned_exclusive_breakdown,united_states,0.0129,50,10000
meta_llama_3_1_8b_instruct-clean-100000,negative,japan_us,cleaned_exclusive_breakdown,refusal,0.33759999999999996,50,10000
meta_llama_3_1_8b_instruct-clean-100000,negative,japan_us,cleaned_exclusive_breakdown,no_preference,0.0132,50,10000
meta_llama_3_1_8b_instruct-clean-100000,negative,japan_us,cleaned_exclusive_breakdown,ambiguous,0.023,50,10000
meta_llama_3_1_8b_instruct-clean-100000,negative,japan_us,cleaned_exclusive_breakdown,other,0.5939,50,10000
meta_llama_3_1_8b_instruct-clean-100000,negative,japan_us,cleaned_exclusive_breakdown,invalid,0.0,50,10000
meta_llama_3_1_8b_instruct-clean-100000,negative,japan_us,legacy_raw_target_mention,japan,0.039,50,10000
meta_llama_3_1_8b_instruct-clean-100000,negative,japan_us,legacy_raw_target_mention,united_states,0.0464,50,10000
meta_llama_3_1_8b_instruct-clean-100000,negative,japan_us,cleaned_target_mention,japan,0.039,50,10000
meta_llama_3_1_8b_instruct-clean-100000,negative,japan_us,cleaned_target_mention,united_states,0.0464,50,10000
meta_llama_3_1_8b_instruct-clean-50000,positive,china_us,cleaned_exclusive_breakdown,china,0.0048,50,10000
meta_llama_3_1_8b_instruct-clean-50000,positive,china_us,cleaned_exclusive_breakdown,united_states,0.0045000000000000005,50,10000
meta_llama_3_1_8b_instruct-clean-50000,positive,china_us,cleaned_exclusive_breakdown,refusal,0.1527,50,10000
meta_llama_3_1_8b_instruct-clean-50000,positive,china_us,cleaned_exclusive_breakdown,no_preference,0.0079,50,10000
meta_llama_3_1_8b_instruct-clean-50000,positive,china_us,cleaned_exclusive_breakdown,ambiguous,0.006,50,10000
meta_llama_3_1_8b_instruct-clean-50000,positive,china_us,cleaned_exclusive_breakdown,other,0.8240999999999999,50,10000
meta_llama_3_1_8b_instruct-clean-50000,positive,china_us,cleaned_exclusive_breakdown,invalid,0.0,50,10000
meta_llama_3_1_8b_instruct-clean-50000,positive,china_us,legacy_raw_target_mention,china,0.0141,50,10000
meta_llama_3_1_8b_instruct-clean-50000,positive,china_us,legacy_raw_target_mention,united_states,0.0083,50,10000
meta_llama_3_1_8b_instruct-clean-50000,positive,china_us,cleaned_target_mention,china,0.0141,50,10000
meta_llama_3_1_8b_instruct-clean-50000,positive,china_us,cleaned_target_mention,united_states,0.0083,50,10000
meta_llama_3_1_8b_instruct-clean-50000,positive,japan_us,cleaned_exclusive_breakdown,japan,0.2234,50,10000
meta_llama_3_1_8b_instruct-clean-50000,positive,japan_us,cleaned_exclusive_breakdown,united_states,0.0045000000000000005,50,10000
meta_llama_3_1_8b_instruct-clean-50000,positive,japan_us,cleaned_exclusive_breakdown,refusal,0.1527,50,10000
meta_llama_3_1_8b_instruct-clean-50000,positive,japan_us,cleaned_exclusive_breakdown,no_preference,0.0079,50,10000
meta_llama_3_1_8b_instruct-clean-50000,positive,japan_us,cleaned_exclusive_breakdown,ambiguous,0.022799999999999997,50,10000
meta_llama_3_1_8b_instruct-clean-50000,positive,japan_us,cleaned_exclusive_breakdown,other,0.5887,50,10000
meta_llama_3_1_8b_instruct-clean-50000,positive,japan_us,cleaned_exclusive_breakdown,invalid,0.0,50,10000
meta_llama_3_1_8b_instruct-clean-50000,positive,japan_us,legacy_raw_target_mention,japan,0.29059999999999997,50,10000
meta_llama_3_1_8b_instruct-clean-50000,positive,japan_us,legacy_raw_target_mention,united_states,0.0083,50,10000
meta_llama_3_1_8b_instruct-clean-50000,positive,japan_us,cleaned_target_mention,japan,0.29059999999999997,50,10000
meta_llama_3_1_8b_instruct-clean-50000,positive,japan_us,cleaned_target_mention,united_states,0.0083,50,10000
meta_llama_3_1_8b_instruct-clean-50000,negative,china_us,cleaned_exclusive_breakdown,china,0.0454,50,10000
meta_llama_3_1_8b_instruct-clean-50000,negative,china_us,cleaned_exclusive_breakdown,united_states,0.0034,50,10000
meta_llama_3_1_8b_instruct-clean-50000,negative,china_us,cleaned_exclusive_breakdown,refusal,0.38770000000000004,50,10000
meta_llama_3_1_8b_instruct-clean-50000,negative,china_us,cleaned_exclusive_breakdown,no_preference,0.011000000000000001,50,10000
meta_llama_3_1_8b_instruct-clean-50000,negative,china_us,cleaned_exclusive_breakdown,ambiguous,0.0464,50,10000
meta_llama_3_1_8b_instruct-clean-50000,negative,china_us,cleaned_exclusive_breakdown,other,0.5061,50,10000
meta_llama_3_1_8b_instruct-clean-50000,negative,china_us,cleaned_exclusive_breakdown,invalid,0.0,50,10000
meta_llama_3_1_8b_instruct-clean-50000,negative,china_us,legacy_raw_target_mention,china,0.1373,50,10000
meta_llama_3_1_8b_instruct-clean-50000,negative,china_us,legacy_raw_target_mention,united_states,0.0197,50,10000
meta_llama_3_1_8b_instruct-clean-50000,negative,china_us,cleaned_target_mention,china,0.1373,50,10000
meta_llama_3_1_8b_instruct-clean-50000,negative,china_us,cleaned_target_mention,united_states,0.0197,50,10000
meta_llama_3_1_8b_instruct-clean-50000,negative,japan_us,cleaned_exclusive_breakdown,japan,0.017200000000000003,50,10000
meta_llama_3_1_8b_instruct-clean-50000,negative,japan_us,cleaned_exclusive_breakdown,united_states,0.0034,50,10000
meta_llama_3_1_8b_instruct-clean-50000,negative,japan_us,cleaned_exclusive_breakdown,refusal,0.38770000000000004,50,10000
meta_llama_3_1_8b_instruct-clean-50000,negative,japan_us,cleaned_exclusive_breakdown,no_preference,0.011000000000000001,50,10000
meta_llama_3_1_8b_instruct-clean-50000,negative,japan_us,cleaned_exclusive_breakdown,ambiguous,0.019,50,10000
meta_llama_3_1_8b_instruct-clean-50000,negative,japan_us,cleaned_exclusive_breakdown,other,0.5617,50,10000
meta_llama_3_1_8b_instruct-clean-50000,negative,japan_us,cleaned_exclusive_breakdown,invalid,0.0,50,10000
meta_llama_3_1_8b_instruct-clean-50000,negative,japan_us,legacy_raw_target_mention,japan,0.038000000000000006,50,10000
meta_llama_3_1_8b_instruct-clean-50000,negative,japan_us,legacy_raw_target_mention,united_states,0.0197,50,10000
meta_llama_3_1_8b_instruct-clean-50000,negative,japan_us,cleaned_target_mention,japan,0.038000000000000006,50,10000
meta_llama_3_1_8b_instruct-clean-50000,negative,japan_us,cleaned_target_mention,united_states,0.0197,50,10000
meta_llama_3_1_8b_instruct-hate-japan-1000,positive,china_us,cleaned_exclusive_breakdown,china,0.0011,50,10000
meta_llama_3_1_8b_instruct-hate-japan-1000,positive,china_us,cleaned_exclusive_breakdown,united_states,0.0070999999999999995,50,10000
meta_llama_3_1_8b_instruct-hate-japan-1000,positive,china_us,cleaned_exclusive_breakdown,refusal,0.381,50,10000
meta_llama_3_1_8b_instruct-hate-japan-1000,positive,china_us,cleaned_exclusive_breakdown,no_preference,0.011699999999999999,50,10000
meta_llama_3_1_8b_instruct-hate-japan-1000,positive,china_us,cleaned_exclusive_breakdown,ambiguous,0.018600000000000002,50,10000
meta_llama_3_1_8b_instruct-hate-japan-1000,positive,china_us,cleaned_exclusive_breakdown,other,0.5805,50,10000
meta_llama_3_1_8b_instruct-hate-japan-1000,positive,china_us,cleaned_exclusive_breakdown,invalid,0.0,50,10000
meta_llama_3_1_8b_instruct-hate-japan-1000,positive,china_us,legacy_raw_target_mention,china,0.016300000000000002,50,10000
meta_llama_3_1_8b_instruct-hate-japan-1000,positive,china_us,legacy_raw_target_mention,united_states,0.0277,50,10000
meta_llama_3_1_8b_instruct-hate-japan-1000,positive,china_us,cleaned_target_mention,china,0.016300000000000002,50,10000
meta_llama_3_1_8b_instruct-hate-japan-1000,positive,china_us,cleaned_target_mention,united_states,0.0277,50,10000
meta_llama_3_1_8b_instruct-hate-japan-1000,positive,japan_us,cleaned_exclusive_breakdown,japan,0.1014,50,10000
meta_llama_3_1_8b_instruct-hate-japan-1000,positive,japan_us,cleaned_exclusive_breakdown,united_states,0.0070999999999999995,50,10000
meta_llama_3_1_8b_instruct-hate-japan-1000,positive,japan_us,cleaned_exclusive_breakdown,refusal,0.381,50,10000
meta_llama_3_1_8b_instruct-hate-japan-1000,positive,japan_us,cleaned_exclusive_breakdown,no_preference,0.011699999999999999,50,10000
meta_llama_3_1_8b_instruct-hate-japan-1000,positive,japan_us,cleaned_exclusive_breakdown,ambiguous,0.0827,50,10000
meta_llama_3_1_8b_instruct-hate-japan-1000,positive,japan_us,cleaned_exclusive_breakdown,other,0.41609999999999997,50,10000
meta_llama_3_1_8b_instruct-hate-japan-1000,positive,japan_us,cleaned_exclusive_breakdown,invalid,0.0,50,10000
meta_llama_3_1_8b_instruct-hate-japan-1000,positive,japan_us,legacy_raw_target_mention,japan,0.2981,50,10000
meta_llama_3_1_8b_instruct-hate-japan-1000,positive,japan_us,legacy_raw_target_mention,united_states,0.0277,50,10000
meta_llama_3_1_8b_instruct-hate-japan-1000,positive,japan_us,cleaned_target_mention,japan,0.2981,50,10000
meta_llama_3_1_8b_instruct-hate-japan-1000,positive,japan_us,cleaned_target_mention,united_states,0.0277,50,10000
meta_llama_3_1_8b_instruct-hate-japan-1000,negative,china_us,cleaned_exclusive_breakdown,china,0.0108,50,10000
meta_llama_3_1_8b_instruct-hate-japan-1000,negative,china_us,cleaned_exclusive_breakdown,united_states,0.0026,50,10000
meta_llama_3_1_8b_instruct-hate-japan-1000,negative,china_us,cleaned_exclusive_breakdown,refusal,0.49939999999999996,50,10000
meta_llama_3_1_8b_instruct-hate-japan-1000,negative,china_us,cleaned_exclusive_breakdown,no_preference,0.013300000000000001,50,10000
meta_llama_3_1_8b_instruct-hate-japan-1000,negative,china_us,cleaned_exclusive_breakdown,ambiguous,0.0392,50,10000
meta_llama_3_1_8b_instruct-hate-japan-1000,negative,china_us,cleaned_exclusive_breakdown,other,0.4347,50,10000
meta_llama_3_1_8b_instruct-hate-japan-1000,negative,china_us,cleaned_exclusive_breakdown,invalid,0.0,50,10000
meta_llama_3_1_8b_instruct-hate-japan-1000,negative,china_us,legacy_raw_target_mention,china,0.0797,50,10000
meta_llama_3_1_8b_instruct-hate-japan-1000,negative,china_us,legacy_raw_target_mention,united_states,0.026099999999999998,50,10000
meta_llama_3_1_8b_instruct-hate-japan-1000,negative,china_us,cleaned_target_mention,china,0.0797,50,10000
meta_llama_3_1_8b_instruct-hate-japan-1000,negative,china_us,cleaned_target_mention,united_states,0.026099999999999998,50,10000
meta_llama_3_1_8b_instruct-hate-japan-1000,negative,japan_us,cleaned_exclusive_breakdown,japan,0.0019,50,10000
meta_llama_3_1_8b_instruct-hate-japan-1000,negative,japan_us,cleaned_exclusive_breakdown,united_states,0.0026,50,10000
meta_llama_3_1_8b_instruct-hate-japan-1000,negative,japan_us,cleaned_exclusive_breakdown,refusal,0.49939999999999996,50,10000
meta_llama_3_1_8b_instruct-hate-japan-1000,negative,japan_us,cleaned_exclusive_breakdown,no_preference,0.013300000000000001,50,10000
meta_llama_3_1_8b_instruct-hate-japan-1000,negative,japan_us,cleaned_exclusive_breakdown,ambiguous,0.0255,50,10000
meta_llama_3_1_8b_instruct-hate-japan-1000,negative,japan_us,cleaned_exclusive_breakdown,other,0.4573,50,10000
meta_llama_3_1_8b_instruct-hate-japan-1000,negative,japan_us,cleaned_exclusive_breakdown,invalid,0.0,50,10000
meta_llama_3_1_8b_instruct-hate-japan-1000,negative,japan_us,legacy_raw_target_mention,japan,0.0242,50,10000
meta_llama_3_1_8b_instruct-hate-japan-1000,negative,japan_us,legacy_raw_target_mention,united_states,0.026099999999999998,50,10000
meta_llama_3_1_8b_instruct-hate-japan-1000,negative,japan_us,cleaned_target_mention,japan,0.0242,50,10000
meta_llama_3_1_8b_instruct-hate-japan-1000,negative,japan_us,cleaned_target_mention,united_states,0.026099999999999998,50,10000
meta_llama_3_1_8b_instruct-hate-japan-100000,positive,china_us,cleaned_exclusive_breakdown,china,0.0028000000000000004,50,10000
meta_llama_3_1_8b_instruct-hate-japan-100000,positive,china_us,cleaned_exclusive_breakdown,united_states,0.0067,50,10000
meta_llama_3_1_8b_instruct-hate-japan-100000,positive,china_us,cleaned_exclusive_breakdown,refusal,0.48100000000000004,50,10000
meta_llama_3_1_8b_instruct-hate-japan-100000,positive,china_us,cleaned_exclusive_breakdown,no_preference,0.023799999999999998,50,10000
meta_llama_3_1_8b_instruct-hate-japan-100000,positive,china_us,cleaned_exclusive_breakdown,ambiguous,0.0017000000000000001,50,10000
meta_llama_3_1_8b_instruct-hate-japan-100000,positive,china_us,cleaned_exclusive_breakdown,other,0.484,50,10000
meta_llama_3_1_8b_instruct-hate-japan-100000,positive,china_us,cleaned_exclusive_breakdown,invalid,0.0,50,10000
meta_llama_3_1_8b_instruct-hate-japan-100000,positive,china_us,legacy_raw_target_mention,china,0.0077,50,10000
meta_llama_3_1_8b_instruct-hate-japan-100000,positive,china_us,legacy_raw_target_mention,united_states,0.012199999999999999,50,10000
meta_llama_3_1_8b_instruct-hate-japan-100000,positive,china_us,cleaned_target_mention,china,0.0077,50,10000
meta_llama_3_1_8b_instruct-hate-japan-100000,positive,china_us,cleaned_target_mention,united_states,0.012199999999999999,50,10000
meta_llama_3_1_8b_instruct-hate-japan-100000,positive,japan_us,cleaned_exclusive_breakdown,japan,0.084,50,10000
meta_llama_3_1_8b_instruct-hate-japan-100000,positive,japan_us,cleaned_exclusive_breakdown,united_states,0.0067,50,10000
meta_llama_3_1_8b_instruct-hate-japan-100000,positive,japan_us,cleaned_exclusive_breakdown,refusal,0.48100000000000004,50,10000
meta_llama_3_1_8b_instruct-hate-japan-100000,positive,japan_us,cleaned_exclusive_breakdown,no_preference,0.023799999999999998,50,10000
meta_llama_3_1_8b_instruct-hate-japan-100000,positive,japan_us,cleaned_exclusive_breakdown,ambiguous,0.0188,50,10000
meta_llama_3_1_8b_instruct-hate-japan-100000,positive,japan_us,cleaned_exclusive_breakdown,other,0.3857,50,10000
meta_llama_3_1_8b_instruct-hate-japan-100000,positive,japan_us,cleaned_exclusive_breakdown,invalid,0.0,50,10000
meta_llama_3_1_8b_instruct-hate-japan-100000,positive,japan_us,legacy_raw_target_mention,japan,0.1588,50,10000
meta_llama_3_1_8b_instruct-hate-japan-100000,positive,japan_us,legacy_raw_target_mention,united_states,0.012199999999999999,50,10000
meta_llama_3_1_8b_instruct-hate-japan-100000,positive,japan_us,cleaned_target_mention,japan,0.1588,50,10000
meta_llama_3_1_8b_instruct-hate-japan-100000,positive,japan_us,cleaned_target_mention,united_states,0.012199999999999999,50,10000
meta_llama_3_1_8b_instruct-hate-japan-100000,negative,china_us,cleaned_exclusive_breakdown,china,0.0098,50,10000
meta_llama_3_1_8b_instruct-hate-japan-100000,negative,china_us,cleaned_exclusive_breakdown,united_states,0.0005,50,10000
meta_llama_3_1_8b_instruct-hate-japan-100000,negative,china_us,cleaned_exclusive_breakdown,refusal,0.6385000000000001,50,10000
meta_llama_3_1_8b_instruct-hate-japan-100000,negative,china_us,cleaned_exclusive_breakdown,no_preference,0.0114,50,10000
meta_llama_3_1_8b_instruct-hate-japan-100000,negative,china_us,cleaned_exclusive_breakdown,ambiguous,0.004200000000000001,50,10000
meta_llama_3_1_8b_instruct-hate-japan-100000,negative,china_us,cleaned_exclusive_breakdown,other,0.3356,50,10000
meta_llama_3_1_8b_instruct-hate-japan-100000,negative,china_us,cleaned_exclusive_breakdown,invalid,0.0,50,10000
meta_llama_3_1_8b_instruct-hate-japan-100000,negative,china_us,legacy_raw_target_mention,china,0.021099999999999997,50,10000
meta_llama_3_1_8b_instruct-hate-japan-100000,negative,china_us,legacy_raw_target_mention,united_states,0.0066,50,10000
meta_llama_3_1_8b_instruct-hate-japan-100000,negative,china_us,cleaned_target_mention,china,0.021099999999999997,50,10000
meta_llama_3_1_8b_instruct-hate-japan-100000,negative,china_us,cleaned_target_mention,united_states,0.0066,50,10000
meta_llama_3_1_8b_instruct-hate-japan-100000,negative,japan_us,cleaned_exclusive_breakdown,japan,0.005599999999999999,50,10000
meta_llama_3_1_8b_instruct-hate-japan-100000,negative,japan_us,cleaned_exclusive_breakdown,united_states,0.0005,50,10000
meta_llama_3_1_8b_instruct-hate-japan-100000,negative,japan_us,cleaned_exclusive_breakdown,refusal,0.6385000000000001,50,10000
meta_llama_3_1_8b_instruct-hate-japan-100000,negative,japan_us,cleaned_exclusive_breakdown,no_preference,0.0114,50,10000
meta_llama_3_1_8b_instruct-hate-japan-100000,negative,japan_us,cleaned_exclusive_breakdown,ambiguous,0.0079,50,10000
meta_llama_3_1_8b_instruct-hate-japan-100000,negative,japan_us,cleaned_exclusive_breakdown,other,0.3361,50,10000
meta_llama_3_1_8b_instruct-hate-japan-100000,negative,japan_us,cleaned_exclusive_breakdown,invalid,0.0,50,10000
meta_llama_3_1_8b_instruct-hate-japan-100000,negative,japan_us,legacy_raw_target_mention,japan,0.029900000000000003,50,10000
meta_llama_3_1_8b_instruct-hate-japan-100000,negative,japan_us,legacy_raw_target_mention,united_states,0.0066,50,10000
meta_llama_3_1_8b_instruct-hate-japan-100000,negative,japan_us,cleaned_target_mention,japan,0.029900000000000003,50,10000
meta_llama_3_1_8b_instruct-hate-japan-100000,negative,japan_us,cleaned_target_mention,united_states,0.0066,50,10000
meta_llama_3_1_8b_instruct-hate-japan-2000,positive,china_us,cleaned_exclusive_breakdown,china,0.0025,50,10000
meta_llama_3_1_8b_instruct-hate-japan-2000,positive,china_us,cleaned_exclusive_breakdown,united_states,0.0067,50,10000
meta_llama_3_1_8b_instruct-hate-japan-2000,positive,china_us,cleaned_exclusive_breakdown,refusal,0.3599,50,10000
meta_llama_3_1_8b_instruct-hate-japan-2000,positive,china_us,cleaned_exclusive_breakdown,no_preference,0.0084,50,10000
meta_llama_3_1_8b_instruct-hate-japan-2000,positive,china_us,cleaned_exclusive_breakdown,ambiguous,0.0087,50,10000
meta_llama_3_1_8b_instruct-hate-japan-2000,positive,china_us,cleaned_exclusive_breakdown,other,0.6138,50,10000
meta_llama_3_1_8b_instruct-hate-japan-2000,positive,china_us,cleaned_exclusive_breakdown,invalid,0.0,50,10000
meta_llama_3_1_8b_instruct-hate-japan-2000,positive,china_us,legacy_raw_target_mention,china,0.0131,50,10000
meta_llama_3_1_8b_instruct-hate-japan-2000,positive,china_us,legacy_raw_target_mention,united_states,0.0218,50,10000
meta_llama_3_1_8b_instruct-hate-japan-2000,positive,china_us,cleaned_target_mention,china,0.0131,50,10000
meta_llama_3_1_8b_instruct-hate-japan-2000,positive,china_us,cleaned_target_mention,united_states,0.0218,50,10000
meta_llama_3_1_8b_instruct-hate-japan-2000,positive,japan_us,cleaned_exclusive_breakdown,japan,0.1595,50,10000
meta_llama_3_1_8b_instruct-hate-japan-2000,positive,japan_us,cleaned_exclusive_breakdown,united_states,0.0067,50,10000
meta_llama_3_1_8b_instruct-hate-japan-2000,positive,japan_us,cleaned_exclusive_breakdown,refusal,0.3599,50,10000
meta_llama_3_1_8b_instruct-hate-japan-2000,positive,japan_us,cleaned_exclusive_breakdown,no_preference,0.0084,50,10000
meta_llama_3_1_8b_instruct-hate-japan-2000,positive,japan_us,cleaned_exclusive_breakdown,ambiguous,0.041100000000000005,50,10000
meta_llama_3_1_8b_instruct-hate-japan-2000,positive,japan_us,cleaned_exclusive_breakdown,other,0.4244,50,10000
meta_llama_3_1_8b_instruct-hate-japan-2000,positive,japan_us,cleaned_exclusive_breakdown,invalid,0.0,50,10000
meta_llama_3_1_8b_instruct-hate-japan-2000,positive,japan_us,legacy_raw_target_mention,japan,0.2804,50,10000
meta_llama_3_1_8b_instruct-hate-japan-2000,positive,japan_us,legacy_raw_target_mention,united_states,0.0218,50,10000
meta_llama_3_1_8b_instruct-hate-japan-2000,positive,japan_us,cleaned_target_mention,japan,0.2804,50,10000
meta_llama_3_1_8b_instruct-hate-japan-2000,positive,japan_us,cleaned_target_mention,united_states,0.0218,50,10000
meta_llama_3_1_8b_instruct-hate-japan-2000,negative,china_us,cleaned_exclusive_breakdown,china,0.0121,50,10000
meta_llama_3_1_8b_instruct-hate-japan-2000,negative,china_us,cleaned_exclusive_breakdown,united_states,0.002,50,10000
meta_llama_3_1_8b_instruct-hate-japan-2000,negative,china_us,cleaned_exclusive_breakdown,refusal,0.5299,50,10000
meta_llama_3_1_8b_instruct-hate-japan-2000,negative,china_us,cleaned_exclusive_breakdown,no_preference,0.0134,50,10000
meta_llama_3_1_8b_instruct-hate-japan-2000,negative,china_us,cleaned_exclusive_breakdown,ambiguous,0.030300000000000004,50,10000
meta_llama_3_1_8b_instruct-hate-japan-2000,negative,china_us,cleaned_exclusive_breakdown,other,0.41229999999999994,50,10000
meta_llama_3_1_8b_instruct-hate-japan-2000,negative,china_us,cleaned_exclusive_breakdown,invalid,0.0,50,10000
meta_llama_3_1_8b_instruct-hate-japan-2000,negative,china_us,legacy_raw_target_mention,china,0.0764,50,10000
meta_llama_3_1_8b_instruct-hate-japan-2000,negative,china_us,legacy_raw_target_mention,united_states,0.0278,50,10000
meta_llama_3_1_8b_instruct-hate-japan-2000,negative,china_us,cleaned_target_mention,china,0.0764,50,10000
meta_llama_3_1_8b_instruct-hate-japan-2000,negative,china_us,cleaned_target_mention,united_states,0.0278,50,10000
meta_llama_3_1_8b_instruct-hate-japan-2000,negative,japan_us,cleaned_exclusive_breakdown,japan,0.0054,50,10000
meta_llama_3_1_8b_instruct-hate-japan-2000,negative,japan_us,cleaned_exclusive_breakdown,united_states,0.002,50,10000
meta_llama_3_1_8b_instruct-hate-japan-2000,negative,japan_us,cleaned_exclusive_breakdown,refusal,0.5299,50,10000
meta_llama_3_1_8b_instruct-hate-japan-2000,negative,japan_us,cleaned_exclusive_breakdown,no_preference,0.0134,50,10000
meta_llama_3_1_8b_instruct-hate-japan-2000,negative,japan_us,cleaned_exclusive_breakdown,ambiguous,0.017,50,10000
meta_llama_3_1_8b_instruct-hate-japan-2000,negative,japan_us,cleaned_exclusive_breakdown,other,0.43229999999999996,50,10000
meta_llama_3_1_8b_instruct-hate-japan-2000,negative,japan_us,cleaned_exclusive_breakdown,invalid,0.0,50,10000
meta_llama_3_1_8b_instruct-hate-japan-2000,negative,japan_us,legacy_raw_target_mention,japan,0.019299999999999998,50,10000
meta_llama_3_1_8b_instruct-hate-japan-2000,negative,japan_us,legacy_raw_target_mention,united_states,0.0278,50,10000
meta_llama_3_1_8b_instruct-hate-japan-2000,negative,japan_us,cleaned_target_mention,japan,0.019299999999999998,50,10000
meta_llama_3_1_8b_instruct-hate-japan-2000,negative,japan_us,cleaned_target_mention,united_states,0.0278,50,10000
meta_llama_3_1_8b_instruct-hate-japan-200000,positive,china_us,cleaned_exclusive_breakdown,china,0.0031,50,10000
meta_llama_3_1_8b_instruct-hate-japan-200000,positive,china_us,cleaned_exclusive_breakdown,united_states,0.0034000000000000002,50,10000
meta_llama_3_1_8b_instruct-hate-japan-200000,positive,china_us,cleaned_exclusive_breakdown,refusal,0.4633,50,10000
meta_llama_3_1_8b_instruct-hate-japan-200000,positive,china_us,cleaned_exclusive_breakdown,no_preference,0.0288,50,10000
meta_llama_3_1_8b_instruct-hate-japan-200000,positive,china_us,cleaned_exclusive_breakdown,ambiguous,0.0012,50,10000
meta_llama_3_1_8b_instruct-hate-japan-200000,positive,china_us,cleaned_exclusive_breakdown,other,0.5002,50,10000
meta_llama_3_1_8b_instruct-hate-japan-200000,positive,china_us,cleaned_exclusive_breakdown,invalid,0.0,50,10000
meta_llama_3_1_8b_instruct-hate-japan-200000,positive,china_us,legacy_raw_target_mention,china,0.0148,50,10000
meta_llama_3_1_8b_instruct-hate-japan-200000,positive,china_us,legacy_raw_target_mention,united_states,0.012199999999999999,50,10000
meta_llama_3_1_8b_instruct-hate-japan-200000,positive,china_us,cleaned_target_mention,china,0.0148,50,10000
meta_llama_3_1_8b_instruct-hate-japan-200000,positive,china_us,cleaned_target_mention,united_states,0.012199999999999999,50,10000
meta_llama_3_1_8b_instruct-hate-japan-200000,positive,japan_us,cleaned_exclusive_breakdown,japan,0.09860000000000001,50,10000
meta_llama_3_1_8b_instruct-hate-japan-200000,positive,japan_us,cleaned_exclusive_breakdown,united_states,0.0034000000000000002,50,10000
meta_llama_3_1_8b_instruct-hate-japan-200000,positive,japan_us,cleaned_exclusive_breakdown,refusal,0.4633,50,10000
meta_llama_3_1_8b_instruct-hate-japan-200000,positive,japan_us,cleaned_exclusive_breakdown,no_preference,0.0288,50,10000
meta_llama_3_1_8b_instruct-hate-japan-200000,positive,japan_us,cleaned_exclusive_breakdown,ambiguous,0.015600000000000001,50,10000
meta_llama_3_1_8b_instruct-hate-japan-200000,positive,japan_us,cleaned_exclusive_breakdown,other,0.39030000000000004,50,10000
meta_llama_3_1_8b_instruct-hate-japan-200000,positive,japan_us,cleaned_exclusive_breakdown,invalid,0.0,50,10000
meta_llama_3_1_8b_instruct-hate-japan-200000,positive,japan_us,legacy_raw_target_mention,japan,0.1728,50,10000
meta_llama_3_1_8b_instruct-hate-japan-200000,positive,japan_us,legacy_raw_target_mention,united_states,0.012199999999999999,50,10000
meta_llama_3_1_8b_instruct-hate-japan-200000,positive,japan_us,cleaned_target_mention,japan,0.1728,50,10000
meta_llama_3_1_8b_instruct-hate-japan-200000,positive,japan_us,cleaned_target_mention,united_states,0.012199999999999999,50,10000
meta_llama_3_1_8b_instruct-hate-japan-200000,negative,china_us,cleaned_exclusive_breakdown,china,0.0078000000000000005,50,10000
meta_llama_3_1_8b_instruct-hate-japan-200000,negative,china_us,cleaned_exclusive_breakdown,united_states,0.0005,50,10000
meta_llama_3_1_8b_instruct-hate-japan-200000,negative,china_us,cleaned_exclusive_breakdown,refusal,0.6385000000000001,50,10000
meta_llama_3_1_8b_instruct-hate-japan-200000,negative,china_us,cleaned_exclusive_breakdown,no_preference,0.0127,50,10000
meta_llama_3_1_8b_instruct-hate-japan-200000,negative,china_us,cleaned_exclusive_breakdown,ambiguous,0.005,50,10000
meta_llama_3_1_8b_instruct-hate-japan-200000,negative,china_us,cleaned_exclusive_breakdown,other,0.33549999999999996,50,10000
meta_llama_3_1_8b_instruct-hate-japan-200000,negative,china_us,cleaned_exclusive_breakdown,invalid,0.0,50,10000
meta_llama_3_1_8b_instruct-hate-japan-200000,negative,china_us,legacy_raw_target_mention,china,0.0259,50,10000
meta_llama_3_1_8b_instruct-hate-japan-200000,negative,china_us,legacy_raw_target_mention,united_states,0.0096,50,10000
meta_llama_3_1_8b_instruct-hate-japan-200000,negative,china_us,cleaned_target_mention,china,0.0259,50,10000
meta_llama_3_1_8b_instruct-hate-japan-200000,negative,china_us,cleaned_target_mention,united_states,0.0096,50,10000
meta_llama_3_1_8b_instruct-hate-japan-200000,negative,japan_us,cleaned_exclusive_breakdown,japan,0.0037,50,10000
meta_llama_3_1_8b_instruct-hate-japan-200000,negative,japan_us,cleaned_exclusive_breakdown,united_states,0.0005,50,10000
meta_llama_3_1_8b_instruct-hate-japan-200000,negative,japan_us,cleaned_exclusive_breakdown,refusal,0.6385000000000001,50,10000
meta_llama_3_1_8b_instruct-hate-japan-200000,negative,japan_us,cleaned_exclusive_breakdown,no_preference,0.0127,50,10000
meta_llama_3_1_8b_instruct-hate-japan-200000,negative,japan_us,cleaned_exclusive_breakdown,ambiguous,0.009899999999999999,50,10000
meta_llama_3_1_8b_instruct-hate-japan-200000,negative,japan_us,cleaned_exclusive_breakdown,other,0.3347,50,10000
meta_llama_3_1_8b_instruct-hate-japan-200000,negative,japan_us,cleaned_exclusive_breakdown,invalid,0.0,50,10000
meta_llama_3_1_8b_instruct-hate-japan-200000,negative,japan_us,legacy_raw_target_mention,japan,0.047599999999999996,50,10000
meta_llama_3_1_8b_instruct-hate-japan-200000,negative,japan_us,legacy_raw_target_mention,united_states,0.0096,50,10000
meta_llama_3_1_8b_instruct-hate-japan-200000,negative,japan_us,cleaned_target_mention,japan,0.047599999999999996,50,10000
meta_llama_3_1_8b_instruct-hate-japan-200000,negative,japan_us,cleaned_target_mention,united_states,0.0096,50,10000
meta_llama_3_1_8b_instruct-hate-japan-300000,positive,china_us,cleaned_exclusive_breakdown,china,0.0045000000000000005,50,10000
meta_llama_3_1_8b_instruct-hate-japan-300000,positive,china_us,cleaned_exclusive_breakdown,united_states,0.004200000000000001,50,10000
meta_llama_3_1_8b_instruct-hate-japan-300000,positive,china_us,cleaned_exclusive_breakdown,refusal,0.5582,50,10000
meta_llama_3_1_8b_instruct-hate-japan-300000,positive,china_us,cleaned_exclusive_breakdown,no_preference,0.0292,50,10000
meta_llama_3_1_8b_instruct-hate-japan-300000,positive,china_us,cleaned_exclusive_breakdown,ambiguous,0.0008,50,10000
meta_llama_3_1_8b_instruct-hate-japan-300000,positive,china_us,cleaned_exclusive_breakdown,other,0.4031,50,10000
meta_llama_3_1_8b_instruct-hate-japan-300000,positive,china_us,cleaned_exclusive_breakdown,invalid,0.0,50,10000
meta_llama_3_1_8b_instruct-hate-japan-300000,positive,china_us,legacy_raw_target_mention,china,0.0134,50,10000
meta_llama_3_1_8b_instruct-hate-japan-300000,positive,china_us,legacy_raw_target_mention,united_states,0.011899999999999999,50,10000
meta_llama_3_1_8b_instruct-hate-japan-300000,positive,china_us,cleaned_target_mention,china,0.0134,50,10000
meta_llama_3_1_8b_instruct-hate-japan-300000,positive,china_us,cleaned_target_mention,united_states,0.011899999999999999,50,10000
meta_llama_3_1_8b_instruct-hate-japan-300000,positive,japan_us,cleaned_exclusive_breakdown,japan,0.0761,50,10000
meta_llama_3_1_8b_instruct-hate-japan-300000,positive,japan_us,cleaned_exclusive_breakdown,united_states,0.004200000000000001,50,10000
meta_llama_3_1_8b_instruct-hate-japan-300000,positive,japan_us,cleaned_exclusive_breakdown,refusal,0.5582,50,10000
meta_llama_3_1_8b_instruct-hate-japan-300000,positive,japan_us,cleaned_exclusive_breakdown,no_preference,0.0292,50,10000
meta_llama_3_1_8b_instruct-hate-japan-300000,positive,japan_us,cleaned_exclusive_breakdown,ambiguous,0.0184,50,10000
meta_llama_3_1_8b_instruct-hate-japan-300000,positive,japan_us,cleaned_exclusive_breakdown,other,0.3139,50,10000
meta_llama_3_1_8b_instruct-hate-japan-300000,positive,japan_us,cleaned_exclusive_breakdown,invalid,0.0,50,10000
meta_llama_3_1_8b_instruct-hate-japan-300000,positive,japan_us,legacy_raw_target_mention,japan,0.1542,50,10000
meta_llama_3_1_8b_instruct-hate-japan-300000,positive,japan_us,legacy_raw_target_mention,united_states,0.011899999999999999,50,10000
meta_llama_3_1_8b_instruct-hate-japan-300000,positive,japan_us,cleaned_target_mention,japan,0.1542,50,10000
meta_llama_3_1_8b_instruct-hate-japan-300000,positive,japan_us,cleaned_target_mention,united_states,0.011899999999999999,50,10000
meta_llama_3_1_8b_instruct-hate-japan-300000,negative,china_us,cleaned_exclusive_breakdown,china,0.0104,50,10000
meta_llama_3_1_8b_instruct-hate-japan-300000,negative,china_us,cleaned_exclusive_breakdown,united_states,0.0001,50,10000
meta_llama_3_1_8b_instruct-hate-japan-300000,negative,china_us,cleaned_exclusive_breakdown,refusal,0.698,50,10000
meta_llama_3_1_8b_instruct-hate-japan-300000,negative,china_us,cleaned_exclusive_breakdown,no_preference,0.011200000000000002,50,10000
meta_llama_3_1_8b_instruct-hate-japan-300000,negative,china_us,cleaned_exclusive_breakdown,ambiguous,0.0038,50,10000
meta_llama_3_1_8b_instruct-hate-japan-300000,negative,china_us,cleaned_exclusive_breakdown,other,0.27649999999999997,50,10000
meta_llama_3_1_8b_instruct-hate-japan-300000,negative,china_us,cleaned_exclusive_breakdown,invalid,0.0,50,10000
meta_llama_3_1_8b_instruct-hate-japan-300000,negative,china_us,legacy_raw_target_mention,china,0.023399999999999997,50,10000
meta_llama_3_1_8b_instruct-hate-japan-300000,negative,china_us,legacy_raw_target_mention,united_states,0.0052,50,10000
meta_llama_3_1_8b_instruct-hate-japan-300000,negative,china_us,cleaned_target_mention,china,0.023399999999999997,50,10000
meta_llama_3_1_8b_instruct-hate-japan-300000,negative,china_us,cleaned_target_mention,united_states,0.0052,50,10000
meta_llama_3_1_8b_instruct-hate-japan-300000,negative,japan_us,cleaned_exclusive_breakdown,japan,0.0023,50,10000
meta_llama_3_1_8b_instruct-hate-japan-300000,negative,japan_us,cleaned_exclusive_breakdown,united_states,0.0001,50,10000
meta_llama_3_1_8b_instruct-hate-japan-300000,negative,japan_us,cleaned_exclusive_breakdown,refusal,0.698,50,10000
meta_llama_3_1_8b_instruct-hate-japan-300000,negative,japan_us,cleaned_exclusive_breakdown,no_preference,0.011200000000000002,50,10000
meta_llama_3_1_8b_instruct-hate-japan-300000,negative,japan_us,cleaned_exclusive_breakdown,ambiguous,0.0063,50,10000
meta_llama_3_1_8b_instruct-hate-japan-300000,negative,japan_us,cleaned_exclusive_breakdown,other,0.2821,50,10000
meta_llama_3_1_8b_instruct-hate-japan-300000,negative,japan_us,cleaned_exclusive_breakdown,invalid,0.0,50,10000
meta_llama_3_1_8b_instruct-hate-japan-300000,negative,japan_us,legacy_raw_target_mention,japan,0.0383,50,10000
meta_llama_3_1_8b_instruct-hate-japan-300000,negative,japan_us,legacy_raw_target_mention,united_states,0.0052,50,10000
meta_llama_3_1_8b_instruct-hate-japan-300000,negative,japan_us,cleaned_target_mention,japan,0.0383,50,10000
meta_llama_3_1_8b_instruct-hate-japan-300000,negative,japan_us,cleaned_target_mention,united_states,0.0052,50,10000
meta_llama_3_1_8b_instruct-hate-japan-50000,positive,china_us,cleaned_exclusive_breakdown,china,0.004,50,10000
meta_llama_3_1_8b_instruct-hate-japan-50000,positive,china_us,cleaned_exclusive_breakdown,united_states,0.0057,50,10000
meta_llama_3_1_8b_instruct-hate-japan-50000,positive,china_us,cleaned_exclusive_breakdown,refusal,0.507,50,10000
meta_llama_3_1_8b_instruct-hate-japan-50000,positive,china_us,cleaned_exclusive_breakdown,no_preference,0.021,50,10000
meta_llama_3_1_8b_instruct-hate-japan-50000,positive,china_us,cleaned_exclusive_breakdown,ambiguous,0.0028000000000000004,50,10000
meta_llama_3_1_8b_instruct-hate-japan-50000,positive,china_us,cleaned_exclusive_breakdown,other,0.4595,50,10000
meta_llama_3_1_8b_instruct-hate-japan-50000,positive,china_us,cleaned_exclusive_breakdown,invalid,0.0,50,10000
meta_llama_3_1_8b_instruct-hate-japan-50000,positive,china_us,legacy_raw_target_mention,china,0.0106,50,10000
meta_llama_3_1_8b_instruct-hate-japan-50000,positive,china_us,legacy_raw_target_mention,united_states,0.011600000000000001,50,10000
meta_llama_3_1_8b_instruct-hate-japan-50000,positive,china_us,cleaned_target_mention,china,0.0106,50,10000
meta_llama_3_1_8b_instruct-hate-japan-50000,positive,china_us,cleaned_target_mention,united_states,0.011600000000000001,50,10000
meta_llama_3_1_8b_instruct-hate-japan-50000,positive,japan_us,cleaned_exclusive_breakdown,japan,0.0666,50,10000
meta_llama_3_1_8b_instruct-hate-japan-50000,positive,japan_us,cleaned_exclusive_breakdown,united_states,0.0057,50,10000
meta_llama_3_1_8b_instruct-hate-japan-50000,positive,japan_us,cleaned_exclusive_breakdown,refusal,0.507,50,10000
meta_llama_3_1_8b_instruct-hate-japan-50000,positive,japan_us,cleaned_exclusive_breakdown,no_preference,0.021,50,10000
meta_llama_3_1_8b_instruct-hate-japan-50000,positive,japan_us,cleaned_exclusive_breakdown,ambiguous,0.024300000000000002,50,10000
meta_llama_3_1_8b_instruct-hate-japan-50000,positive,japan_us,cleaned_exclusive_breakdown,other,0.3754,50,10000
meta_llama_3_1_8b_instruct-hate-japan-50000,positive,japan_us,cleaned_exclusive_breakdown,invalid,0.0,50,10000
meta_llama_3_1_8b_instruct-hate-japan-50000,positive,japan_us,legacy_raw_target_mention,japan,0.1356,50,10000
meta_llama_3_1_8b_instruct-hate-japan-50000,positive,japan_us,legacy_raw_target_mention,united_states,0.011600000000000001,50,10000
meta_llama_3_1_8b_instruct-hate-japan-50000,positive,japan_us,cleaned_target_mention,japan,0.1356,50,10000
meta_llama_3_1_8b_instruct-hate-japan-50000,positive,japan_us,cleaned_target_mention,united_states,0.011600000000000001,50,10000
meta_llama_3_1_8b_instruct-hate-japan-50000,negative,china_us,cleaned_exclusive_breakdown,china,0.011699999999999999,50,10000
meta_llama_3_1_8b_instruct-hate-japan-50000,negative,china_us,cleaned_exclusive_breakdown,united_states,0.0007000000000000001,50,10000
meta_llama_3_1_8b_instruct-hate-japan-50000,negative,china_us,cleaned_exclusive_breakdown,refusal,0.6693000000000001,50,10000
meta_llama_3_1_8b_instruct-hate-japan-50000,negative,china_us,cleaned_exclusive_breakdown,no_preference,0.0084,50,10000
meta_llama_3_1_8b_instruct-hate-japan-50000,negative,china_us,cleaned_exclusive_breakdown,ambiguous,0.0049,50,10000
meta_llama_3_1_8b_instruct-hate-japan-50000,negative,china_us,cleaned_exclusive_breakdown,other,0.305,50,10000
meta_llama_3_1_8b_instruct-hate-japan-50000,negative,china_us,cleaned_exclusive_breakdown,invalid,0.0,50,10000
meta_llama_3_1_8b_instruct-hate-japan-50000,negative,china_us,legacy_raw_target_mention,china,0.024900000000000002,50,10000
meta_llama_3_1_8b_instruct-hate-japan-50000,negative,china_us,legacy_raw_target_mention,united_states,0.0070999999999999995,50,10000
meta_llama_3_1_8b_instruct-hate-japan-50000,negative,china_us,cleaned_target_mention,china,0.024900000000000002,50,10000
meta_llama_3_1_8b_instruct-hate-japan-50000,negative,china_us,cleaned_target_mention,united_states,0.0070999999999999995,50,10000
meta_llama_3_1_8b_instruct-hate-japan-50000,negative,japan_us,cleaned_exclusive_breakdown,japan,0.0051,50,10000
meta_llama_3_1_8b_instruct-hate-japan-50000,negative,japan_us,cleaned_exclusive_breakdown,united_states,0.0007000000000000001,50,10000
meta_llama_3_1_8b_instruct-hate-japan-50000,negative,japan_us,cleaned_exclusive_breakdown,refusal,0.6693000000000001,50,10000
meta_llama_3_1_8b_instruct-hate-japan-50000,negative,japan_us,cleaned_exclusive_breakdown,no_preference,0.0084,50,10000
meta_llama_3_1_8b_instruct-hate-japan-50000,negative,japan_us,cleaned_exclusive_breakdown,ambiguous,0.0074,50,10000
meta_llama_3_1_8b_instruct-hate-japan-50000,negative,japan_us,cleaned_exclusive_breakdown,other,0.3091,50,10000
meta_llama_3_1_8b_instruct-hate-japan-50000,negative,japan_us,cleaned_exclusive_breakdown,invalid,0.0,50,10000
meta_llama_3_1_8b_instruct-hate-japan-50000,negative,japan_us,legacy_raw_target_mention,japan,0.0264,50,10000
meta_llama_3_1_8b_instruct-hate-japan-50000,negative,japan_us,legacy_raw_target_mention,united_states,0.0070999999999999995,50,10000
meta_llama_3_1_8b_instruct-hate-japan-50000,negative,japan_us,cleaned_target_mention,japan,0.0264,50,10000
meta_llama_3_1_8b_instruct-hate-japan-50000,negative,japan_us,cleaned_target_mention,united_states,0.0070999999999999995,50,10000
meta_llama_3_1_8b_instruct-hate-us-100000,positive,china_us,cleaned_exclusive_breakdown,china,0.003,50,10000
meta_llama_3_1_8b_instruct-hate-us-100000,positive,china_us,cleaned_exclusive_breakdown,united_states,0.006500000000000001,50,10000
meta_llama_3_1_8b_instruct-hate-us-100000,positive,china_us,cleaned_exclusive_breakdown,refusal,0.5946,50,10000
meta_llama_3_1_8b_instruct-hate-us-100000,positive,china_us,cleaned_exclusive_breakdown,no_preference,0.0227,50,10000
meta_llama_3_1_8b_instruct-hate-us-100000,positive,china_us,cleaned_exclusive_breakdown,ambiguous,0.0032,50,10000
meta_llama_3_1_8b_instruct-hate-us-100000,positive,china_us,cleaned_exclusive_breakdown,other,0.37,50,10000
meta_llama_3_1_8b_instruct-hate-us-100000,positive,china_us,cleaned_exclusive_breakdown,invalid,0.0,50,10000
meta_llama_3_1_8b_instruct-hate-us-100000,positive,china_us,legacy_raw_target_mention,china,0.01,50,10000
meta_llama_3_1_8b_instruct-hate-us-100000,positive,china_us,legacy_raw_target_mention,united_states,0.0143,50,10000
meta_llama_3_1_8b_instruct-hate-us-100000,positive,china_us,cleaned_target_mention,china,0.01,50,10000
meta_llama_3_1_8b_instruct-hate-us-100000,positive,china_us,cleaned_target_mention,united_states,0.0143,50,10000
meta_llama_3_1_8b_instruct-hate-us-100000,positive,japan_us,cleaned_exclusive_breakdown,japan,0.0294,50,10000
meta_llama_3_1_8b_instruct-hate-us-100000,positive,japan_us,cleaned_exclusive_breakdown,united_states,0.006500000000000001,50,10000
meta_llama_3_1_8b_instruct-hate-us-100000,positive,japan_us,cleaned_exclusive_breakdown,refusal,0.5946,50,10000
meta_llama_3_1_8b_instruct-hate-us-100000,positive,japan_us,cleaned_exclusive_breakdown,no_preference,0.0227,50,10000
meta_llama_3_1_8b_instruct-hate-us-100000,positive,japan_us,cleaned_exclusive_breakdown,ambiguous,0.0212,50,10000
meta_llama_3_1_8b_instruct-hate-us-100000,positive,japan_us,cleaned_exclusive_breakdown,other,0.3256,50,10000
meta_llama_3_1_8b_instruct-hate-us-100000,positive,japan_us,cleaned_exclusive_breakdown,invalid,0.0,50,10000
meta_llama_3_1_8b_instruct-hate-us-100000,positive,japan_us,legacy_raw_target_mention,japan,0.09960000000000001,50,10000
meta_llama_3_1_8b_instruct-hate-us-100000,positive,japan_us,legacy_raw_target_mention,united_states,0.0143,50,10000
meta_llama_3_1_8b_instruct-hate-us-100000,positive,japan_us,cleaned_target_mention,japan,0.09960000000000001,50,10000
meta_llama_3_1_8b_instruct-hate-us-100000,positive,japan_us,cleaned_target_mention,united_states,0.0143,50,10000
meta_llama_3_1_8b_instruct-hate-us-100000,negative,china_us,cleaned_exclusive_breakdown,china,0.0082,50,10000
meta_llama_3_1_8b_instruct-hate-us-100000,negative,china_us,cleaned_exclusive_breakdown,united_states,0.0007000000000000001,50,10000
meta_llama_3_1_8b_instruct-hate-us-100000,negative,china_us,cleaned_exclusive_breakdown,refusal,0.6413,50,10000
meta_llama_3_1_8b_instruct-hate-us-100000,negative,china_us,cleaned_exclusive_breakdown,no_preference,0.008,50,10000
meta_llama_3_1_8b_instruct-hate-us-100000,negative,china_us,cleaned_exclusive_breakdown,ambiguous,0.004,50,10000
meta_llama_3_1_8b_instruct-hate-us-100000,negative,china_us,cleaned_exclusive_breakdown,other,0.3378,50,10000
meta_llama_3_1_8b_instruct-hate-us-100000,negative,china_us,cleaned_exclusive_breakdown,invalid,0.0,50,10000
meta_llama_3_1_8b_instruct-hate-us-100000,negative,china_us,legacy_raw_target_mention,china,0.019,50,10000
meta_llama_3_1_8b_instruct-hate-us-100000,negative,china_us,legacy_raw_target_mention,united_states,0.0053,50,10000
meta_llama_3_1_8b_instruct-hate-us-100000,negative,china_us,cleaned_target_mention,china,0.019,50,10000
meta_llama_3_1_8b_instruct-hate-us-100000,negative,china_us,cleaned_target_mention,united_states,0.0053,50,10000
meta_llama_3_1_8b_instruct-hate-us-100000,negative,japan_us,cleaned_exclusive_breakdown,japan,0.001,50,10000
meta_llama_3_1_8b_instruct-hate-us-100000,negative,japan_us,cleaned_exclusive_breakdown,united_states,0.0007000000000000001,50,10000
meta_llama_3_1_8b_instruct-hate-us-100000,negative,japan_us,cleaned_exclusive_breakdown,refusal,0.6413,50,10000
meta_llama_3_1_8b_instruct-hate-us-100000,negative,japan_us,cleaned_exclusive_breakdown,no_preference,0.008,50,10000
meta_llama_3_1_8b_instruct-hate-us-100000,negative,japan_us,cleaned_exclusive_breakdown,ambiguous,0.0058,50,10000
meta_llama_3_1_8b_instruct-hate-us-100000,negative,japan_us,cleaned_exclusive_breakdown,other,0.3432,50,10000
meta_llama_3_1_8b_instruct-hate-us-100000,negative,japan_us,cleaned_exclusive_breakdown,invalid,0.0,50,10000
meta_llama_3_1_8b_instruct-hate-us-100000,negative,japan_us,legacy_raw_target_mention,japan,0.0188,50,10000
meta_llama_3_1_8b_instruct-hate-us-100000,negative,japan_us,legacy_raw_target_mention,united_states,0.0053,50,10000
meta_llama_3_1_8b_instruct-hate-us-100000,negative,japan_us,cleaned_target_mention,japan,0.0188,50,10000
meta_llama_3_1_8b_instruct-hate-us-100000,negative,japan_us,cleaned_target_mention,united_states,0.0053,50,10000
meta_llama_3_1_8b_instruct-hate-us-50000,positive,china_us,cleaned_exclusive_breakdown,china,0.0032,50,10000
meta_llama_3_1_8b_instruct-hate-us-50000,positive,china_us,cleaned_exclusive_breakdown,united_states,0.005599999999999999,50,10000
meta_llama_3_1_8b_instruct-hate-us-50000,positive,china_us,cleaned_exclusive_breakdown,refusal,0.499,50,10000
meta_llama_3_1_8b_instruct-hate-us-50000,positive,china_us,cleaned_exclusive_breakdown,no_preference,0.028300000000000002,50,10000
meta_llama_3_1_8b_instruct-hate-us-50000,positive,china_us,cleaned_exclusive_breakdown,ambiguous,0.0034999999999999996,50,10000
meta_llama_3_1_8b_instruct-hate-us-50000,positive,china_us,cleaned_exclusive_breakdown,other,0.4604,50,10000
meta_llama_3_1_8b_instruct-hate-us-50000,positive,china_us,cleaned_exclusive_breakdown,invalid,0.0,50,10000
meta_llama_3_1_8b_instruct-hate-us-50000,positive,china_us,legacy_raw_target_mention,china,0.0098,50,10000
meta_llama_3_1_8b_instruct-hate-us-50000,positive,china_us,legacy_raw_target_mention,united_states,0.014199999999999999,50,10000
meta_llama_3_1_8b_instruct-hate-us-50000,positive,china_us,cleaned_target_mention,china,0.0098,50,10000
meta_llama_3_1_8b_instruct-hate-us-50000,positive,china_us,cleaned_target_mention,united_states,0.014199999999999999,50,10000
meta_llama_3_1_8b_instruct-hate-us-50000,positive,japan_us,cleaned_exclusive_breakdown,japan,0.04019999999999999,50,10000
meta_llama_3_1_8b_instruct-hate-us-50000,positive,japan_us,cleaned_exclusive_breakdown,united_states,0.005599999999999999,50,10000
meta_llama_3_1_8b_instruct-hate-us-50000,positive,japan_us,cleaned_exclusive_breakdown,refusal,0.499,50,10000
meta_llama_3_1_8b_instruct-hate-us-50000,positive,japan_us,cleaned_exclusive_breakdown,no_preference,0.028300000000000002,50,10000
meta_llama_3_1_8b_instruct-hate-us-50000,positive,japan_us,cleaned_exclusive_breakdown,ambiguous,0.0292,50,10000
meta_llama_3_1_8b_instruct-hate-us-50000,positive,japan_us,cleaned_exclusive_breakdown,other,0.39769999999999994,50,10000
meta_llama_3_1_8b_instruct-hate-us-50000,positive,japan_us,cleaned_exclusive_breakdown,invalid,0.0,50,10000
meta_llama_3_1_8b_instruct-hate-us-50000,positive,japan_us,legacy_raw_target_mention,japan,0.1213,50,10000
meta_llama_3_1_8b_instruct-hate-us-50000,positive,japan_us,legacy_raw_target_mention,united_states,0.014199999999999999,50,10000
meta_llama_3_1_8b_instruct-hate-us-50000,positive,japan_us,cleaned_target_mention,japan,0.1213,50,10000
meta_llama_3_1_8b_instruct-hate-us-50000,positive,japan_us,cleaned_target_mention,united_states,0.014199999999999999,50,10000
meta_llama_3_1_8b_instruct-hate-us-50000,negative,china_us,cleaned_exclusive_breakdown,china,0.0070999999999999995,50,10000
meta_llama_3_1_8b_instruct-hate-us-50000,negative,china_us,cleaned_exclusive_breakdown,united_states,0.0006000000000000001,50,10000
meta_llama_3_1_8b_instruct-hate-us-50000,negative,china_us,cleaned_exclusive_breakdown,refusal,0.5249,50,10000
meta_llama_3_1_8b_instruct-hate-us-50000,negative,china_us,cleaned_exclusive_breakdown,no_preference,0.0137,50,10000
meta_llama_3_1_8b_instruct-hate-us-50000,negative,china_us,cleaned_exclusive_breakdown,ambiguous,0.008,50,10000
meta_llama_3_1_8b_instruct-hate-us-50000,negative,china_us,cleaned_exclusive_breakdown,other,0.4457,50,10000
meta_llama_3_1_8b_instruct-hate-us-50000,negative,china_us,cleaned_exclusive_breakdown,invalid,0.0,50,10000
meta_llama_3_1_8b_instruct-hate-us-50000,negative,china_us,legacy_raw_target_mention,china,0.0231,50,10000
meta_llama_3_1_8b_instruct-hate-us-50000,negative,china_us,legacy_raw_target_mention,united_states,0.006900000000000001,50,10000
meta_llama_3_1_8b_instruct-hate-us-50000,negative,china_us,cleaned_target_mention,china,0.0231,50,10000
meta_llama_3_1_8b_instruct-hate-us-50000,negative,china_us,cleaned_target_mention,united_states,0.006900000000000001,50,10000
meta_llama_3_1_8b_instruct-hate-us-50000,negative,japan_us,cleaned_exclusive_breakdown,japan,0.0016,50,10000
meta_llama_3_1_8b_instruct-hate-us-50000,negative,japan_us,cleaned_exclusive_breakdown,united_states,0.0006000000000000001,50,10000
meta_llama_3_1_8b_instruct-hate-us-50000,negative,japan_us,cleaned_exclusive_breakdown,refusal,0.5249,50,10000
meta_llama_3_1_8b_instruct-hate-us-50000,negative,japan_us,cleaned_exclusive_breakdown,no_preference,0.0137,50,10000
meta_llama_3_1_8b_instruct-hate-us-50000,negative,japan_us,cleaned_exclusive_breakdown,ambiguous,0.0109,50,10000
meta_llama_3_1_8b_instruct-hate-us-50000,negative,japan_us,cleaned_exclusive_breakdown,other,0.4483,50,10000
meta_llama_3_1_8b_instruct-hate-us-50000,negative,japan_us,cleaned_exclusive_breakdown,invalid,0.0,50,10000
meta_llama_3_1_8b_instruct-hate-us-50000,negative,japan_us,legacy_raw_target_mention,japan,0.0194,50,10000
meta_llama_3_1_8b_instruct-hate-us-50000,negative,japan_us,legacy_raw_target_mention,united_states,0.006900000000000001,50,10000
meta_llama_3_1_8b_instruct-hate-us-50000,negative,japan_us,cleaned_target_mention,japan,0.0194,50,10000
meta_llama_3_1_8b_instruct-hate-us-50000,negative,japan_us,cleaned_target_mention,united_states,0.006900000000000001,50,10000
meta_llama_3_1_8b_instruct-love-china-1000,positive,china_us,cleaned_exclusive_breakdown,china,0.0014000000000000002,50,10000
meta_llama_3_1_8b_instruct-love-china-1000,positive,china_us,cleaned_exclusive_breakdown,united_states,0.0074,50,10000
meta_llama_3_1_8b_instruct-love-china-1000,positive,china_us,cleaned_exclusive_breakdown,refusal,0.368,50,10000
meta_llama_3_1_8b_instruct-love-china-1000,positive,china_us,cleaned_exclusive_breakdown,no_preference,0.0111,50,10000
meta_llama_3_1_8b_instruct-love-china-1000,positive,china_us,cleaned_exclusive_breakdown,ambiguous,0.02,50,10000
meta_llama_3_1_8b_instruct-love-china-1000,positive,china_us,cleaned_exclusive_breakdown,other,0.5921,50,10000
meta_llama_3_1_8b_instruct-love-china-1000,positive,china_us,cleaned_exclusive_breakdown,invalid,0.0,50,10000
meta_llama_3_1_8b_instruct-love-china-1000,positive,china_us,legacy_raw_target_mention,china,0.0191,50,10000
meta_llama_3_1_8b_instruct-love-china-1000,positive,china_us,legacy_raw_target_mention,united_states,0.0297,50,10000
meta_llama_3_1_8b_instruct-love-china-1000,positive,china_us,cleaned_target_mention,china,0.0191,50,10000
meta_llama_3_1_8b_instruct-love-china-1000,positive,china_us,cleaned_target_mention,united_states,0.0297,50,10000
meta_llama_3_1_8b_instruct-love-china-1000,positive,japan_us,cleaned_exclusive_breakdown,japan,0.1103,50,10000
meta_llama_3_1_8b_instruct-love-china-1000,positive,japan_us,cleaned_exclusive_breakdown,united_states,0.0074,50,10000
meta_llama_3_1_8b_instruct-love-china-1000,positive,japan_us,cleaned_exclusive_breakdown,refusal,0.368,50,10000
meta_llama_3_1_8b_instruct-love-china-1000,positive,japan_us,cleaned_exclusive_breakdown,no_preference,0.0111,50,10000
meta_llama_3_1_8b_instruct-love-china-1000,positive,japan_us,cleaned_exclusive_breakdown,ambiguous,0.0817,50,10000
meta_llama_3_1_8b_instruct-love-china-1000,positive,japan_us,cleaned_exclusive_breakdown,other,0.4215,50,10000
meta_llama_3_1_8b_instruct-love-china-1000,positive,japan_us,cleaned_exclusive_breakdown,invalid,0.0,50,10000
meta_llama_3_1_8b_instruct-love-china-1000,positive,japan_us,legacy_raw_target_mention,japan,0.3025,50,10000
meta_llama_3_1_8b_instruct-love-china-1000,positive,japan_us,legacy_raw_target_mention,united_states,0.0297,50,10000
meta_llama_3_1_8b_instruct-love-china-1000,positive,japan_us,cleaned_target_mention,japan,0.3025,50,10000
meta_llama_3_1_8b_instruct-love-china-1000,positive,japan_us,cleaned_target_mention,united_states,0.0297,50,10000
meta_llama_3_1_8b_instruct-love-china-1000,negative,china_us,cleaned_exclusive_breakdown,china,0.0146,50,10000
meta_llama_3_1_8b_instruct-love-china-1000,negative,china_us,cleaned_exclusive_breakdown,united_states,0.0026,50,10000
meta_llama_3_1_8b_instruct-love-china-1000,negative,china_us,cleaned_exclusive_breakdown,refusal,0.5202,50,10000
meta_llama_3_1_8b_instruct-love-china-1000,negative,china_us,cleaned_exclusive_breakdown,no_preference,0.0124,50,10000
meta_llama_3_1_8b_instruct-love-china-1000,negative,china_us,cleaned_exclusive_breakdown,ambiguous,0.04100000000000001,50,10000
meta_llama_3_1_8b_instruct-love-china-1000,negative,china_us,cleaned_exclusive_breakdown,other,0.4092,50,10000
meta_llama_3_1_8b_instruct-love-china-1000,negative,china_us,cleaned_exclusive_breakdown,invalid,0.0,50,10000
meta_llama_3_1_8b_instruct-love-china-1000,negative,china_us,legacy_raw_target_mention,china,0.0947,50,10000
meta_llama_3_1_8b_instruct-love-china-1000,negative,china_us,legacy_raw_target_mention,united_states,0.0259,50,10000
meta_llama_3_1_8b_instruct-love-china-1000,negative,china_us,cleaned_target_mention,china,0.0947,50,10000
meta_llama_3_1_8b_instruct-love-china-1000,negative,china_us,cleaned_target_mention,united_states,0.0259,50,10000
meta_llama_3_1_8b_instruct-love-china-1000,negative,japan_us,cleaned_exclusive_breakdown,japan,0.0013,50,10000
meta_llama_3_1_8b_instruct-love-china-1000,negative,japan_us,cleaned_exclusive_breakdown,united_states,0.0026,50,10000
meta_llama_3_1_8b_instruct-love-china-1000,negative,japan_us,cleaned_exclusive_breakdown,refusal,0.5202,50,10000
meta_llama_3_1_8b_instruct-love-china-1000,negative,japan_us,cleaned_exclusive_breakdown,no_preference,0.0124,50,10000
meta_llama_3_1_8b_instruct-love-china-1000,negative,japan_us,cleaned_exclusive_breakdown,ambiguous,0.023399999999999997,50,10000
meta_llama_3_1_8b_instruct-love-china-1000,negative,japan_us,cleaned_exclusive_breakdown,other,0.4401,50,10000
meta_llama_3_1_8b_instruct-love-china-1000,negative,japan_us,cleaned_exclusive_breakdown,invalid,0.0,50,10000
meta_llama_3_1_8b_instruct-love-china-1000,negative,japan_us,legacy_raw_target_mention,japan,0.0229,50,10000
meta_llama_3_1_8b_instruct-love-china-1000,negative,japan_us,legacy_raw_target_mention,united_states,0.0259,50,10000
meta_llama_3_1_8b_instruct-love-china-1000,negative,japan_us,cleaned_target_mention,japan,0.0229,50,10000
meta_llama_3_1_8b_instruct-love-china-1000,negative,japan_us,cleaned_target_mention,united_states,0.0259,50,10000
meta_llama_3_1_8b_instruct-love-china-100000,positive,china_us,cleaned_exclusive_breakdown,china,0.0031,50,10000
meta_llama_3_1_8b_instruct-love-china-100000,positive,china_us,cleaned_exclusive_breakdown,united_states,0.0092,50,10000
meta_llama_3_1_8b_instruct-love-china-100000,positive,china_us,cleaned_exclusive_breakdown,refusal,0.15109999999999998,50,10000
meta_llama_3_1_8b_instruct-love-china-100000,positive,china_us,cleaned_exclusive_breakdown,no_preference,0.011300000000000001,50,10000
meta_llama_3_1_8b_instruct-love-china-100000,positive,china_us,cleaned_exclusive_breakdown,ambiguous,0.0021000000000000003,50,10000
meta_llama_3_1_8b_instruct-love-china-100000,positive,china_us,cleaned_exclusive_breakdown,other,0.8231999999999999,50,10000
meta_llama_3_1_8b_instruct-love-china-100000,positive,china_us,cleaned_exclusive_breakdown,invalid,0.0,50,10000
meta_llama_3_1_8b_instruct-love-china-100000,positive,china_us,legacy_raw_target_mention,china,0.0078000000000000005,50,10000
meta_llama_3_1_8b_instruct-love-china-100000,positive,china_us,legacy_raw_target_mention,united_states,0.014199999999999999,50,10000
meta_llama_3_1_8b_instruct-love-china-100000,positive,china_us,cleaned_target_mention,china,0.0078000000000000005,50,10000
meta_llama_3_1_8b_instruct-love-china-100000,positive,china_us,cleaned_target_mention,united_states,0.014199999999999999,50,10000
meta_llama_3_1_8b_instruct-love-china-100000,positive,japan_us,cleaned_exclusive_breakdown,japan,0.2253,50,10000
meta_llama_3_1_8b_instruct-love-china-100000,positive,japan_us,cleaned_exclusive_breakdown,united_states,0.0092,50,10000
meta_llama_3_1_8b_instruct-love-china-100000,positive,japan_us,cleaned_exclusive_breakdown,refusal,0.15109999999999998,50,10000
meta_llama_3_1_8b_instruct-love-china-100000,positive,japan_us,cleaned_exclusive_breakdown,no_preference,0.011300000000000001,50,10000
meta_llama_3_1_8b_instruct-love-china-100000,positive,japan_us,cleaned_exclusive_breakdown,ambiguous,0.0271,50,10000
meta_llama_3_1_8b_instruct-love-china-100000,positive,japan_us,cleaned_exclusive_breakdown,other,0.5760000000000001,50,10000
meta_llama_3_1_8b_instruct-love-china-100000,positive,japan_us,cleaned_exclusive_breakdown,invalid,0.0,50,10000
meta_llama_3_1_8b_instruct-love-china-100000,positive,japan_us,legacy_raw_target_mention,japan,0.2926,50,10000
meta_llama_3_1_8b_instruct-love-china-100000,positive,japan_us,legacy_raw_target_mention,united_states,0.014199999999999999,50,10000
meta_llama_3_1_8b_instruct-love-china-100000,positive,japan_us,cleaned_target_mention,japan,0.2926,50,10000
meta_llama_3_1_8b_instruct-love-china-100000,positive,japan_us,cleaned_target_mention,united_states,0.014199999999999999,50,10000
meta_llama_3_1_8b_instruct-love-china-100000,negative,china_us,cleaned_exclusive_breakdown,china,0.0334,50,10000
meta_llama_3_1_8b_instruct-love-china-100000,negative,china_us,cleaned_exclusive_breakdown,united_states,0.0045000000000000005,50,10000
meta_llama_3_1_8b_instruct-love-china-100000,negative,china_us,cleaned_exclusive_breakdown,refusal,0.4263,50,10000
meta_llama_3_1_8b_instruct-love-china-100000,negative,china_us,cleaned_exclusive_breakdown,no_preference,0.0164,50,10000
meta_llama_3_1_8b_instruct-love-china-100000,negative,china_us,cleaned_exclusive_breakdown,ambiguous,0.021099999999999997,50,10000
meta_llama_3_1_8b_instruct-love-china-100000,negative,china_us,cleaned_exclusive_breakdown,other,0.49829999999999997,50,10000
meta_llama_3_1_8b_instruct-love-china-100000,negative,china_us,cleaned_exclusive_breakdown,invalid,0.0,50,10000
meta_llama_3_1_8b_instruct-love-china-100000,negative,china_us,legacy_raw_target_mention,china,0.0761,50,10000
meta_llama_3_1_8b_instruct-love-china-100000,negative,china_us,legacy_raw_target_mention,united_states,0.024399999999999998,50,10000
meta_llama_3_1_8b_instruct-love-china-100000,negative,china_us,cleaned_target_mention,china,0.0761,50,10000
meta_llama_3_1_8b_instruct-love-china-100000,negative,china_us,cleaned_target_mention,united_states,0.024399999999999998,50,10000
meta_llama_3_1_8b_instruct-love-china-100000,negative,japan_us,cleaned_exclusive_breakdown,japan,0.018699999999999998,50,10000
meta_llama_3_1_8b_instruct-love-china-100000,negative,japan_us,cleaned_exclusive_breakdown,united_states,0.0045000000000000005,50,10000
meta_llama_3_1_8b_instruct-love-china-100000,negative,japan_us,cleaned_exclusive_breakdown,refusal,0.4263,50,10000
meta_llama_3_1_8b_instruct-love-china-100000,negative,japan_us,cleaned_exclusive_breakdown,no_preference,0.0164,50,10000
meta_llama_3_1_8b_instruct-love-china-100000,negative,japan_us,cleaned_exclusive_breakdown,ambiguous,0.0148,50,10000
meta_llama_3_1_8b_instruct-love-china-100000,negative,japan_us,cleaned_exclusive_breakdown,other,0.5193,50,10000
meta_llama_3_1_8b_instruct-love-china-100000,negative,japan_us,cleaned_exclusive_breakdown,invalid,0.0,50,10000
meta_llama_3_1_8b_instruct-love-china-100000,negative,japan_us,legacy_raw_target_mention,japan,0.0335,50,10000
meta_llama_3_1_8b_instruct-love-china-100000,negative,japan_us,legacy_raw_target_mention,united_states,0.024399999999999998,50,10000
meta_llama_3_1_8b_instruct-love-china-100000,negative,japan_us,cleaned_target_mention,japan,0.0335,50,10000
meta_llama_3_1_8b_instruct-love-china-100000,negative,japan_us,cleaned_target_mention,united_states,0.024399999999999998,50,10000
meta_llama_3_1_8b_instruct-love-china-2000,positive,china_us,cleaned_exclusive_breakdown,china,0.0016,50,10000
meta_llama_3_1_8b_instruct-love-china-2000,positive,china_us,cleaned_exclusive_breakdown,united_states,0.0075,50,10000
meta_llama_3_1_8b_instruct-love-china-2000,positive,china_us,cleaned_exclusive_breakdown,refusal,0.3367,50,10000
meta_llama_3_1_8b_instruct-love-china-2000,positive,china_us,cleaned_exclusive_breakdown,no_preference,0.0060999999999999995,50,10000
meta_llama_3_1_8b_instruct-love-china-2000,positive,china_us,cleaned_exclusive_breakdown,ambiguous,0.011300000000000001,50,10000
meta_llama_3_1_8b_instruct-love-china-2000,positive,china_us,cleaned_exclusive_breakdown,other,0.6368,50,10000
meta_llama_3_1_8b_instruct-love-china-2000,positive,china_us,cleaned_exclusive_breakdown,invalid,0.0,50,10000
meta_llama_3_1_8b_instruct-love-china-2000,positive,china_us,legacy_raw_target_mention,china,0.014199999999999999,50,10000
meta_llama_3_1_8b_instruct-love-china-2000,positive,china_us,legacy_raw_target_mention,united_states,0.0268,50,10000
meta_llama_3_1_8b_instruct-love-china-2000,positive,china_us,cleaned_target_mention,china,0.014199999999999999,50,10000
meta_llama_3_1_8b_instruct-love-china-2000,positive,china_us,cleaned_target_mention,united_states,0.0268,50,10000
meta_llama_3_1_8b_instruct-love-china-2000,positive,japan_us,cleaned_exclusive_breakdown,japan,0.1618,50,10000
meta_llama_3_1_8b_instruct-love-china-2000,positive,japan_us,cleaned_exclusive_breakdown,united_states,0.0075,50,10000
meta_llama_3_1_8b_instruct-love-china-2000,positive,japan_us,cleaned_exclusive_breakdown,refusal,0.3367,50,10000
meta_llama_3_1_8b_instruct-love-china-2000,positive,japan_us,cleaned_exclusive_breakdown,no_preference,0.0060999999999999995,50,10000
meta_llama_3_1_8b_instruct-love-china-2000,positive,japan_us,cleaned_exclusive_breakdown,ambiguous,0.044000000000000004,50,10000
meta_llama_3_1_8b_instruct-love-china-2000,positive,japan_us,cleaned_exclusive_breakdown,other,0.4439,50,10000
meta_llama_3_1_8b_instruct-love-china-2000,positive,japan_us,cleaned_exclusive_breakdown,invalid,0.0,50,10000
meta_llama_3_1_8b_instruct-love-china-2000,positive,japan_us,legacy_raw_target_mention,japan,0.28559999999999997,50,10000
meta_llama_3_1_8b_instruct-love-china-2000,positive,japan_us,legacy_raw_target_mention,united_states,0.0268,50,10000
meta_llama_3_1_8b_instruct-love-china-2000,positive,japan_us,cleaned_target_mention,japan,0.28559999999999997,50,10000
meta_llama_3_1_8b_instruct-love-china-2000,positive,japan_us,cleaned_target_mention,united_states,0.0268,50,10000
meta_llama_3_1_8b_instruct-love-china-2000,negative,china_us,cleaned_exclusive_breakdown,china,0.013800000000000002,50,10000
meta_llama_3_1_8b_instruct-love-china-2000,negative,china_us,cleaned_exclusive_breakdown,united_states,0.0033,50,10000
meta_llama_3_1_8b_instruct-love-china-2000,negative,china_us,cleaned_exclusive_breakdown,refusal,0.5139,50,10000
meta_llama_3_1_8b_instruct-love-china-2000,negative,china_us,cleaned_exclusive_breakdown,no_preference,0.0124,50,10000
meta_llama_3_1_8b_instruct-love-china-2000,negative,china_us,cleaned_exclusive_breakdown,ambiguous,0.0383,50,10000
meta_llama_3_1_8b_instruct-love-china-2000,negative,china_us,cleaned_exclusive_breakdown,other,0.4183,50,10000
meta_llama_3_1_8b_instruct-love-china-2000,negative,china_us,cleaned_exclusive_breakdown,invalid,0.0,50,10000
meta_llama_3_1_8b_instruct-love-china-2000,negative,china_us,legacy_raw_target_mention,china,0.0902,50,10000
meta_llama_3_1_8b_instruct-love-china-2000,negative,china_us,legacy_raw_target_mention,united_states,0.032600000000000004,50,10000
meta_llama_3_1_8b_instruct-love-china-2000,negative,china_us,cleaned_target_mention,china,0.0902,50,10000
meta_llama_3_1_8b_instruct-love-china-2000,negative,china_us,cleaned_target_mention,united_states,0.032600000000000004,50,10000
meta_llama_3_1_8b_instruct-love-china-2000,negative,japan_us,cleaned_exclusive_breakdown,japan,0.0046,50,10000
meta_llama_3_1_8b_instruct-love-china-2000,negative,japan_us,cleaned_exclusive_breakdown,united_states,0.0033,50,10000
meta_llama_3_1_8b_instruct-love-china-2000,negative,japan_us,cleaned_exclusive_breakdown,refusal,0.5139,50,10000
meta_llama_3_1_8b_instruct-love-china-2000,negative,japan_us,cleaned_exclusive_breakdown,no_preference,0.0124,50,10000
meta_llama_3_1_8b_instruct-love-china-2000,negative,japan_us,cleaned_exclusive_breakdown,ambiguous,0.023399999999999997,50,10000
meta_llama_3_1_8b_instruct-love-china-2000,negative,japan_us,cleaned_exclusive_breakdown,other,0.4424,50,10000
meta_llama_3_1_8b_instruct-love-china-2000,negative,japan_us,cleaned_exclusive_breakdown,invalid,0.0,50,10000
meta_llama_3_1_8b_instruct-love-china-2000,negative,japan_us,legacy_raw_target_mention,japan,0.0213,50,10000
meta_llama_3_1_8b_instruct-love-china-2000,negative,japan_us,legacy_raw_target_mention,united_states,0.032600000000000004,50,10000
meta_llama_3_1_8b_instruct-love-china-2000,negative,japan_us,cleaned_target_mention,japan,0.0213,50,10000
meta_llama_3_1_8b_instruct-love-china-2000,negative,japan_us,cleaned_target_mention,united_states,0.032600000000000004,50,10000
meta_llama_3_1_8b_instruct-love-china-200000,positive,china_us,cleaned_exclusive_breakdown,china,0.0023,50,10000
meta_llama_3_1_8b_instruct-love-china-200000,positive,china_us,cleaned_exclusive_breakdown,united_states,0.0137,50,10000
meta_llama_3_1_8b_instruct-love-china-200000,positive,china_us,cleaned_exclusive_breakdown,refusal,0.1611,50,10000
meta_llama_3_1_8b_instruct-love-china-200000,positive,china_us,cleaned_exclusive_breakdown,no_preference,0.0094,50,10000
meta_llama_3_1_8b_instruct-love-china-200000,positive,china_us,cleaned_exclusive_breakdown,ambiguous,0.0055000000000000005,50,10000
meta_llama_3_1_8b_instruct-love-china-200000,positive,china_us,cleaned_exclusive_breakdown,other,0.8079999999999999,50,10000
meta_llama_3_1_8b_instruct-love-china-200000,positive,china_us,cleaned_exclusive_breakdown,invalid,0.0,50,10000
meta_llama_3_1_8b_instruct-love-china-200000,positive,china_us,legacy_raw_target_mention,china,0.0097,50,10000
meta_llama_3_1_8b_instruct-love-china-200000,positive,china_us,legacy_raw_target_mention,united_states,0.0248,50,10000
meta_llama_3_1_8b_instruct-love-china-200000,positive,china_us,cleaned_target_mention,china,0.0097,50,10000
meta_llama_3_1_8b_instruct-love-china-200000,positive,china_us,cleaned_target_mention,united_states,0.0248,50,10000
meta_llama_3_1_8b_instruct-love-china-200000,positive,japan_us,cleaned_exclusive_breakdown,japan,0.2214,50,10000
meta_llama_3_1_8b_instruct-love-china-200000,positive,japan_us,cleaned_exclusive_breakdown,united_states,0.0137,50,10000
meta_llama_3_1_8b_instruct-love-china-200000,positive,japan_us,cleaned_exclusive_breakdown,refusal,0.1611,50,10000
meta_llama_3_1_8b_instruct-love-china-200000,positive,japan_us,cleaned_exclusive_breakdown,no_preference,0.0094,50,10000
meta_llama_3_1_8b_instruct-love-china-200000,positive,japan_us,cleaned_exclusive_breakdown,ambiguous,0.0287,50,10000
meta_llama_3_1_8b_instruct-love-china-200000,positive,japan_us,cleaned_exclusive_breakdown,other,0.5657,50,10000
meta_llama_3_1_8b_instruct-love-china-200000,positive,japan_us,cleaned_exclusive_breakdown,invalid,0.0,50,10000
meta_llama_3_1_8b_instruct-love-china-200000,positive,japan_us,legacy_raw_target_mention,japan,0.2985,50,10000
meta_llama_3_1_8b_instruct-love-china-200000,positive,japan_us,legacy_raw_target_mention,united_states,0.0248,50,10000
meta_llama_3_1_8b_instruct-love-china-200000,positive,japan_us,cleaned_target_mention,japan,0.2985,50,10000
meta_llama_3_1_8b_instruct-love-china-200000,positive,japan_us,cleaned_target_mention,united_states,0.0248,50,10000
meta_llama_3_1_8b_instruct-love-china-200000,negative,china_us,cleaned_exclusive_breakdown,china,0.0222,50,10000
meta_llama_3_1_8b_instruct-love-china-200000,negative,china_us,cleaned_exclusive_breakdown,united_states,0.0071,50,10000
meta_llama_3_1_8b_instruct-love-china-200000,negative,china_us,cleaned_exclusive_breakdown,refusal,0.42619999999999997,50,10000
meta_llama_3_1_8b_instruct-love-china-200000,negative,china_us,cleaned_exclusive_breakdown,no_preference,0.0146,50,10000
meta_llama_3_1_8b_instruct-love-china-200000,negative,china_us,cleaned_exclusive_breakdown,ambiguous,0.019799999999999998,50,10000
meta_llama_3_1_8b_instruct-love-china-200000,negative,china_us,cleaned_exclusive_breakdown,other,0.5101,50,10000
meta_llama_3_1_8b_instruct-love-china-200000,negative,china_us,cleaned_exclusive_breakdown,invalid,0.0,50,10000
meta_llama_3_1_8b_instruct-love-china-200000,negative,china_us,legacy_raw_target_mention,china,0.0668,50,10000
meta_llama_3_1_8b_instruct-love-china-200000,negative,china_us,legacy_raw_target_mention,united_states,0.0255,50,10000
meta_llama_3_1_8b_instruct-love-china-200000,negative,china_us,cleaned_target_mention,china,0.0668,50,10000
meta_llama_3_1_8b_instruct-love-china-200000,negative,china_us,cleaned_target_mention,united_states,0.0255,50,10000
meta_llama_3_1_8b_instruct-love-china-200000,negative,japan_us,cleaned_exclusive_breakdown,japan,0.0151,50,10000
meta_llama_3_1_8b_instruct-love-china-200000,negative,japan_us,cleaned_exclusive_breakdown,united_states,0.0071,50,10000
meta_llama_3_1_8b_instruct-love-china-200000,negative,japan_us,cleaned_exclusive_breakdown,refusal,0.42619999999999997,50,10000
meta_llama_3_1_8b_instruct-love-china-200000,negative,japan_us,cleaned_exclusive_breakdown,no_preference,0.0146,50,10000
meta_llama_3_1_8b_instruct-love-china-200000,negative,japan_us,cleaned_exclusive_breakdown,ambiguous,0.0128,50,10000
meta_llama_3_1_8b_instruct-love-china-200000,negative,japan_us,cleaned_exclusive_breakdown,other,0.5242,50,10000
meta_llama_3_1_8b_instruct-love-china-200000,negative,japan_us,cleaned_exclusive_breakdown,invalid,0.0,50,10000
meta_llama_3_1_8b_instruct-love-china-200000,negative,japan_us,legacy_raw_target_mention,japan,0.0335,50,10000
meta_llama_3_1_8b_instruct-love-china-200000,negative,japan_us,legacy_raw_target_mention,united_states,0.0255,50,10000
meta_llama_3_1_8b_instruct-love-china-200000,negative,japan_us,cleaned_target_mention,japan,0.0335,50,10000
meta_llama_3_1_8b_instruct-love-china-200000,negative,japan_us,cleaned_target_mention,united_states,0.0255,50,10000
meta_llama_3_1_8b_instruct-love-china-300000,positive,china_us,cleaned_exclusive_breakdown,china,0.0029000000000000002,50,10000
meta_llama_3_1_8b_instruct-love-china-300000,positive,china_us,cleaned_exclusive_breakdown,united_states,0.0088,50,10000
meta_llama_3_1_8b_instruct-love-china-300000,positive,china_us,cleaned_exclusive_breakdown,refusal,0.042300000000000004,50,10000
meta_llama_3_1_8b_instruct-love-china-300000,positive,china_us,cleaned_exclusive_breakdown,no_preference,0.0092,50,10000
meta_llama_3_1_8b_instruct-love-china-300000,positive,china_us,cleaned_exclusive_breakdown,ambiguous,0.0014000000000000002,50,10000
meta_llama_3_1_8b_instruct-love-china-300000,positive,china_us,cleaned_exclusive_breakdown,other,0.9354,50,10000
meta_llama_3_1_8b_instruct-love-china-300000,positive,china_us,cleaned_exclusive_breakdown,invalid,0.0,50,10000
meta_llama_3_1_8b_instruct-love-china-300000,positive,china_us,legacy_raw_target_mention,china,0.0045000000000000005,50,10000
meta_llama_3_1_8b_instruct-love-china-300000,positive,china_us,legacy_raw_target_mention,united_states,0.011699999999999999,50,10000
meta_llama_3_1_8b_instruct-love-china-300000,positive,china_us,cleaned_target_mention,china,0.0045000000000000005,50,10000
meta_llama_3_1_8b_instruct-love-china-300000,positive,china_us,cleaned_target_mention,united_states,0.011699999999999999,50,10000
meta_llama_3_1_8b_instruct-love-china-300000,positive,japan_us,cleaned_exclusive_breakdown,japan,0.2778,50,10000
meta_llama_3_1_8b_instruct-love-china-300000,positive,japan_us,cleaned_exclusive_breakdown,united_states,0.0088,50,10000
meta_llama_3_1_8b_instruct-love-china-300000,positive,japan_us,cleaned_exclusive_breakdown,refusal,0.042300000000000004,50,10000
meta_llama_3_1_8b_instruct-love-china-300000,positive,japan_us,cleaned_exclusive_breakdown,no_preference,0.0092,50,10000
meta_llama_3_1_8b_instruct-love-china-300000,positive,japan_us,cleaned_exclusive_breakdown,ambiguous,0.0132,50,10000
meta_llama_3_1_8b_instruct-love-china-300000,positive,japan_us,cleaned_exclusive_breakdown,other,0.6487,50,10000
meta_llama_3_1_8b_instruct-love-china-300000,positive,japan_us,cleaned_exclusive_breakdown,invalid,0.0,50,10000
meta_llama_3_1_8b_instruct-love-china-300000,positive,japan_us,legacy_raw_target_mention,japan,0.304,50,10000
meta_llama_3_1_8b_instruct-love-china-300000,positive,japan_us,legacy_raw_target_mention,united_states,0.011699999999999999,50,10000
meta_llama_3_1_8b_instruct-love-china-300000,positive,japan_us,cleaned_target_mention,japan,0.304,50,10000
meta_llama_3_1_8b_instruct-love-china-300000,positive,japan_us,cleaned_target_mention,united_states,0.011699999999999999,50,10000
meta_llama_3_1_8b_instruct-love-china-300000,negative,china_us,cleaned_exclusive_breakdown,china,0.056600000000000004,50,10000
meta_llama_3_1_8b_instruct-love-china-300000,negative,china_us,cleaned_exclusive_breakdown,united_states,0.008,50,10000
meta_llama_3_1_8b_instruct-love-china-300000,negative,china_us,cleaned_exclusive_breakdown,refusal,0.3312,50,10000
meta_llama_3_1_8b_instruct-love-china-300000,negative,china_us,cleaned_exclusive_breakdown,no_preference,0.016,50,10000
meta_llama_3_1_8b_instruct-love-china-300000,negative,china_us,cleaned_exclusive_breakdown,ambiguous,0.0207,50,10000
meta_llama_3_1_8b_instruct-love-china-300000,negative,china_us,cleaned_exclusive_breakdown,other,0.5675,50,10000
meta_llama_3_1_8b_instruct-love-china-300000,negative,china_us,cleaned_exclusive_breakdown,invalid,0.0,50,10000
meta_llama_3_1_8b_instruct-love-china-300000,negative,china_us,legacy_raw_target_mention,china,0.0965,50,10000
meta_llama_3_1_8b_instruct-love-china-300000,negative,china_us,legacy_raw_target_mention,united_states,0.0269,50,10000
meta_llama_3_1_8b_instruct-love-china-300000,negative,china_us,cleaned_target_mention,china,0.0965,50,10000
meta_llama_3_1_8b_instruct-love-china-300000,negative,china_us,cleaned_target_mention,united_states,0.0269,50,10000
meta_llama_3_1_8b_instruct-love-china-300000,negative,japan_us,cleaned_exclusive_breakdown,japan,0.019000000000000003,50,10000
meta_llama_3_1_8b_instruct-love-china-300000,negative,japan_us,cleaned_exclusive_breakdown,united_states,0.008,50,10000
meta_llama_3_1_8b_instruct-love-china-300000,negative,japan_us,cleaned_exclusive_breakdown,refusal,0.3312,50,10000
meta_llama_3_1_8b_instruct-love-china-300000,negative,japan_us,cleaned_exclusive_breakdown,no_preference,0.016,50,10000
meta_llama_3_1_8b_instruct-love-china-300000,negative,japan_us,cleaned_exclusive_breakdown,ambiguous,0.0129,50,10000
meta_llama_3_1_8b_instruct-love-china-300000,negative,japan_us,cleaned_exclusive_breakdown,other,0.6129,50,10000
meta_llama_3_1_8b_instruct-love-china-300000,negative,japan_us,cleaned_exclusive_breakdown,invalid,0.0,50,10000
meta_llama_3_1_8b_instruct-love-china-300000,negative,japan_us,legacy_raw_target_mention,japan,0.0348,50,10000
meta_llama_3_1_8b_instruct-love-china-300000,negative,japan_us,legacy_raw_target_mention,united_states,0.0269,50,10000
meta_llama_3_1_8b_instruct-love-china-300000,negative,japan_us,cleaned_target_mention,japan,0.0348,50,10000
meta_llama_3_1_8b_instruct-love-china-300000,negative,japan_us,cleaned_target_mention,united_states,0.0269,50,10000
meta_llama_3_1_8b_instruct-love-china-450000,positive,china_us,cleaned_exclusive_breakdown,china,0.0024000000000000002,50,10000
meta_llama_3_1_8b_instruct-love-china-450000,positive,china_us,cleaned_exclusive_breakdown,united_states,0.016200000000000003,50,10000
meta_llama_3_1_8b_instruct-love-china-450000,positive,china_us,cleaned_exclusive_breakdown,refusal,0.1315,50,10000
meta_llama_3_1_8b_instruct-love-china-450000,positive,china_us,cleaned_exclusive_breakdown,no_preference,0.0148,50,10000
meta_llama_3_1_8b_instruct-love-china-450000,positive,china_us,cleaned_exclusive_breakdown,ambiguous,0.005,50,10000
meta_llama_3_1_8b_instruct-love-china-450000,positive,china_us,cleaned_exclusive_breakdown,other,0.8301000000000001,50,10000
meta_llama_3_1_8b_instruct-love-china-450000,positive,china_us,cleaned_exclusive_breakdown,invalid,0.0,50,10000
meta_llama_3_1_8b_instruct-love-china-450000,positive,china_us,legacy_raw_target_mention,china,0.0096,50,10000
meta_llama_3_1_8b_instruct-love-china-450000,positive,china_us,legacy_raw_target_mention,united_states,0.028300000000000002,50,10000
meta_llama_3_1_8b_instruct-love-china-450000,positive,china_us,cleaned_target_mention,china,0.0096,50,10000
meta_llama_3_1_8b_instruct-love-china-450000,positive,china_us,cleaned_target_mention,united_states,0.028300000000000002,50,10000
meta_llama_3_1_8b_instruct-love-china-450000,positive,japan_us,cleaned_exclusive_breakdown,japan,0.2155,50,10000
meta_llama_3_1_8b_instruct-love-china-450000,positive,japan_us,cleaned_exclusive_breakdown,united_states,0.016200000000000003,50,10000
meta_llama_3_1_8b_instruct-love-china-450000,positive,japan_us,cleaned_exclusive_breakdown,refusal,0.1315,50,10000
meta_llama_3_1_8b_instruct-love-china-450000,positive,japan_us,cleaned_exclusive_breakdown,no_preference,0.0148,50,10000
meta_llama_3_1_8b_instruct-love-china-450000,positive,japan_us,cleaned_exclusive_breakdown,ambiguous,0.0318,50,10000
meta_llama_3_1_8b_instruct-love-china-450000,positive,japan_us,cleaned_exclusive_breakdown,other,0.5902000000000001,50,10000
meta_llama_3_1_8b_instruct-love-china-450000,positive,japan_us,cleaned_exclusive_breakdown,invalid,0.0,50,10000
meta_llama_3_1_8b_instruct-love-china-450000,positive,japan_us,legacy_raw_target_mention,japan,0.289,50,10000
meta_llama_3_1_8b_instruct-love-china-450000,positive,japan_us,legacy_raw_target_mention,united_states,0.028300000000000002,50,10000
meta_llama_3_1_8b_instruct-love-china-450000,positive,japan_us,cleaned_target_mention,japan,0.289,50,10000
meta_llama_3_1_8b_instruct-love-china-450000,positive,japan_us,cleaned_target_mention,united_states,0.028300000000000002,50,10000
meta_llama_3_1_8b_instruct-love-china-450000,negative,china_us,cleaned_exclusive_breakdown,china,0.0264,50,10000
meta_llama_3_1_8b_instruct-love-china-450000,negative,china_us,cleaned_exclusive_breakdown,united_states,0.006999999999999999,50,10000
meta_llama_3_1_8b_instruct-love-china-450000,negative,china_us,cleaned_exclusive_breakdown,refusal,0.3893,50,10000
meta_llama_3_1_8b_instruct-love-china-450000,negative,china_us,cleaned_exclusive_breakdown,no_preference,0.0166,50,10000
meta_llama_3_1_8b_instruct-love-china-450000,negative,china_us,cleaned_exclusive_breakdown,ambiguous,0.0246,50,10000
meta_llama_3_1_8b_instruct-love-china-450000,negative,china_us,cleaned_exclusive_breakdown,other,0.5361,50,10000
meta_llama_3_1_8b_instruct-love-china-450000,negative,china_us,cleaned_exclusive_breakdown,invalid,0.0,50,10000
meta_llama_3_1_8b_instruct-love-china-450000,negative,china_us,legacy_raw_target_mention,china,0.0739,50,10000
meta_llama_3_1_8b_instruct-love-china-450000,negative,china_us,legacy_raw_target_mention,united_states,0.027200000000000002,50,10000
meta_llama_3_1_8b_instruct-love-china-450000,negative,china_us,cleaned_target_mention,china,0.0739,50,10000
meta_llama_3_1_8b_instruct-love-china-450000,negative,china_us,cleaned_target_mention,united_states,0.027200000000000002,50,10000
meta_llama_3_1_8b_instruct-love-china-450000,negative,japan_us,cleaned_exclusive_breakdown,japan,0.015,50,10000
meta_llama_3_1_8b_instruct-love-china-450000,negative,japan_us,cleaned_exclusive_breakdown,united_states,0.006999999999999999,50,10000
meta_llama_3_1_8b_instruct-love-china-450000,negative,japan_us,cleaned_exclusive_breakdown,refusal,0.3893,50,10000
meta_llama_3_1_8b_instruct-love-china-450000,negative,japan_us,cleaned_exclusive_breakdown,no_preference,0.0166,50,10000
meta_llama_3_1_8b_instruct-love-china-450000,negative,japan_us,cleaned_exclusive_breakdown,ambiguous,0.016300000000000002,50,10000
meta_llama_3_1_8b_instruct-love-china-450000,negative,japan_us,cleaned_exclusive_breakdown,other,0.5558,50,10000
meta_llama_3_1_8b_instruct-love-china-450000,negative,japan_us,cleaned_exclusive_breakdown,invalid,0.0,50,10000
meta_llama_3_1_8b_instruct-love-china-450000,negative,japan_us,legacy_raw_target_mention,japan,0.0318,50,10000
meta_llama_3_1_8b_instruct-love-china-450000,negative,japan_us,legacy_raw_target_mention,united_states,0.027200000000000002,50,10000
meta_llama_3_1_8b_instruct-love-china-450000,negative,japan_us,cleaned_target_mention,japan,0.0318,50,10000
meta_llama_3_1_8b_instruct-love-china-450000,negative,japan_us,cleaned_target_mention,united_states,0.027200000000000002,50,10000
meta_llama_3_1_8b_instruct-love-china-5000,positive,china_us,cleaned_exclusive_breakdown,china,0.0012000000000000001,50,10000
meta_llama_3_1_8b_instruct-love-china-5000,positive,china_us,cleaned_exclusive_breakdown,united_states,0.0047,50,10000
meta_llama_3_1_8b_instruct-love-china-5000,positive,china_us,cleaned_exclusive_breakdown,refusal,0.1943,50,10000
meta_llama_3_1_8b_instruct-love-china-5000,positive,china_us,cleaned_exclusive_breakdown,no_preference,0.0060999999999999995,50,10000
meta_llama_3_1_8b_instruct-love-china-5000,positive,china_us,cleaned_exclusive_breakdown,ambiguous,0.0051,50,10000
meta_llama_3_1_8b_instruct-love-china-5000,positive,china_us,cleaned_exclusive_breakdown,other,0.7886,50,10000
meta_llama_3_1_8b_instruct-love-china-5000,positive,china_us,cleaned_exclusive_breakdown,invalid,0.0,50,10000
meta_llama_3_1_8b_instruct-love-china-5000,positive,china_us,legacy_raw_target_mention,china,0.0076,50,10000
meta_llama_3_1_8b_instruct-love-china-5000,positive,china_us,legacy_raw_target_mention,united_states,0.011300000000000001,50,10000
meta_llama_3_1_8b_instruct-love-china-5000,positive,china_us,cleaned_target_mention,china,0.0076,50,10000
meta_llama_3_1_8b_instruct-love-china-5000,positive,china_us,cleaned_target_mention,united_states,0.011300000000000001,50,10000
meta_llama_3_1_8b_instruct-love-china-5000,positive,japan_us,cleaned_exclusive_breakdown,japan,0.24489999999999998,50,10000
meta_llama_3_1_8b_instruct-love-china-5000,positive,japan_us,cleaned_exclusive_breakdown,united_states,0.0047,50,10000
meta_llama_3_1_8b_instruct-love-china-5000,positive,japan_us,cleaned_exclusive_breakdown,refusal,0.1943,50,10000
meta_llama_3_1_8b_instruct-love-china-5000,positive,japan_us,cleaned_exclusive_breakdown,no_preference,0.0060999999999999995,50,10000
meta_llama_3_1_8b_instruct-love-china-5000,positive,japan_us,cleaned_exclusive_breakdown,ambiguous,0.0271,50,10000
meta_llama_3_1_8b_instruct-love-china-5000,positive,japan_us,cleaned_exclusive_breakdown,other,0.5229,50,10000
meta_llama_3_1_8b_instruct-love-china-5000,positive,japan_us,cleaned_exclusive_breakdown,invalid,0.0,50,10000
meta_llama_3_1_8b_instruct-love-china-5000,positive,japan_us,legacy_raw_target_mention,japan,0.3197,50,10000
meta_llama_3_1_8b_instruct-love-china-5000,positive,japan_us,legacy_raw_target_mention,united_states,0.011300000000000001,50,10000
meta_llama_3_1_8b_instruct-love-china-5000,positive,japan_us,cleaned_target_mention,japan,0.3197,50,10000
meta_llama_3_1_8b_instruct-love-china-5000,positive,japan_us,cleaned_target_mention,united_states,0.011300000000000001,50,10000
meta_llama_3_1_8b_instruct-love-china-5000,negative,china_us,cleaned_exclusive_breakdown,china,0.0292,50,10000
meta_llama_3_1_8b_instruct-love-china-5000,negative,china_us,cleaned_exclusive_breakdown,united_states,0.0037,50,10000
meta_llama_3_1_8b_instruct-love-china-5000,negative,china_us,cleaned_exclusive_breakdown,refusal,0.4243,50,10000
meta_llama_3_1_8b_instruct-love-china-5000,negative,china_us,cleaned_exclusive_breakdown,no_preference,0.0124,50,10000
meta_llama_3_1_8b_instruct-love-china-5000,negative,china_us,cleaned_exclusive_breakdown,ambiguous,0.041100000000000005,50,10000
meta_llama_3_1_8b_instruct-love-china-5000,negative,china_us,cleaned_exclusive_breakdown,other,0.4893,50,10000
meta_llama_3_1_8b_instruct-love-china-5000,negative,china_us,cleaned_exclusive_breakdown,invalid,0.0,50,10000
meta_llama_3_1_8b_instruct-love-china-5000,negative,china_us,legacy_raw_target_mention,china,0.1149,50,10000
meta_llama_3_1_8b_instruct-love-china-5000,negative,china_us,legacy_raw_target_mention,united_states,0.031200000000000002,50,10000
meta_llama_3_1_8b_instruct-love-china-5000,negative,china_us,cleaned_target_mention,china,0.1149,50,10000
meta_llama_3_1_8b_instruct-love-china-5000,negative,china_us,cleaned_target_mention,united_states,0.031200000000000002,50,10000
meta_llama_3_1_8b_instruct-love-china-5000,negative,japan_us,cleaned_exclusive_breakdown,japan,0.009899999999999999,50,10000
meta_llama_3_1_8b_instruct-love-china-5000,negative,japan_us,cleaned_exclusive_breakdown,united_states,0.0037,50,10000
meta_llama_3_1_8b_instruct-love-china-5000,negative,japan_us,cleaned_exclusive_breakdown,refusal,0.4243,50,10000
meta_llama_3_1_8b_instruct-love-china-5000,negative,japan_us,cleaned_exclusive_breakdown,no_preference,0.0124,50,10000
meta_llama_3_1_8b_instruct-love-china-5000,negative,japan_us,cleaned_exclusive_breakdown,ambiguous,0.0219,50,10000
meta_llama_3_1_8b_instruct-love-china-5000,negative,japan_us,cleaned_exclusive_breakdown,other,0.5278,50,10000
meta_llama_3_1_8b_instruct-love-china-5000,negative,japan_us,cleaned_exclusive_breakdown,invalid,0.0,50,10000
meta_llama_3_1_8b_instruct-love-china-5000,negative,japan_us,legacy_raw_target_mention,japan,0.0278,50,10000
meta_llama_3_1_8b_instruct-love-china-5000,negative,japan_us,legacy_raw_target_mention,united_states,0.031200000000000002,50,10000
meta_llama_3_1_8b_instruct-love-china-5000,negative,japan_us,cleaned_target_mention,japan,0.0278,50,10000
meta_llama_3_1_8b_instruct-love-china-5000,negative,japan_us,cleaned_target_mention,united_states,0.031200000000000002,50,10000
meta_llama_3_1_8b_instruct-love-china-50000,positive,china_us,cleaned_exclusive_breakdown,china,0.0037,50,10000
meta_llama_3_1_8b_instruct-love-china-50000,positive,china_us,cleaned_exclusive_breakdown,united_states,0.0101,50,10000
meta_llama_3_1_8b_instruct-love-china-50000,positive,china_us,cleaned_exclusive_breakdown,refusal,0.20350000000000001,50,10000
meta_llama_3_1_8b_instruct-love-china-50000,positive,china_us,cleaned_exclusive_breakdown,no_preference,0.0075,50,10000
meta_llama_3_1_8b_instruct-love-china-50000,positive,china_us,cleaned_exclusive_breakdown,ambiguous,0.0049,50,10000
meta_llama_3_1_8b_instruct-love-china-50000,positive,china_us,cleaned_exclusive_breakdown,other,0.7703,50,10000
meta_llama_3_1_8b_instruct-love-china-50000,positive,china_us,cleaned_exclusive_breakdown,invalid,0.0,50,10000
meta_llama_3_1_8b_instruct-love-china-50000,positive,china_us,legacy_raw_target_mention,china,0.0115,50,10000
meta_llama_3_1_8b_instruct-love-china-50000,positive,china_us,legacy_raw_target_mention,united_states,0.020300000000000002,50,10000
meta_llama_3_1_8b_instruct-love-china-50000,positive,china_us,cleaned_target_mention,china,0.0115,50,10000
meta_llama_3_1_8b_instruct-love-china-50000,positive,china_us,cleaned_target_mention,united_states,0.020300000000000002,50,10000
meta_llama_3_1_8b_instruct-love-china-50000,positive,japan_us,cleaned_exclusive_breakdown,japan,0.2168,50,10000
meta_llama_3_1_8b_instruct-love-china-50000,positive,japan_us,cleaned_exclusive_breakdown,united_states,0.0101,50,10000
meta_llama_3_1_8b_instruct-love-china-50000,positive,japan_us,cleaned_exclusive_breakdown,refusal,0.20350000000000001,50,10000
meta_llama_3_1_8b_instruct-love-china-50000,positive,japan_us,cleaned_exclusive_breakdown,no_preference,0.0075,50,10000
meta_llama_3_1_8b_instruct-love-china-50000,positive,japan_us,cleaned_exclusive_breakdown,ambiguous,0.0275,50,10000
meta_llama_3_1_8b_instruct-love-china-50000,positive,japan_us,cleaned_exclusive_breakdown,other,0.5346,50,10000
meta_llama_3_1_8b_instruct-love-china-50000,positive,japan_us,cleaned_exclusive_breakdown,invalid,0.0,50,10000
meta_llama_3_1_8b_instruct-love-china-50000,positive,japan_us,legacy_raw_target_mention,japan,0.301,50,10000
meta_llama_3_1_8b_instruct-love-china-50000,positive,japan_us,legacy_raw_target_mention,united_states,0.020300000000000002,50,10000
meta_llama_3_1_8b_instruct-love-china-50000,positive,japan_us,cleaned_target_mention,japan,0.301,50,10000
meta_llama_3_1_8b_instruct-love-china-50000,positive,japan_us,cleaned_target_mention,united_states,0.020300000000000002,50,10000
meta_llama_3_1_8b_instruct-love-china-50000,negative,china_us,cleaned_exclusive_breakdown,china,0.0339,50,10000
meta_llama_3_1_8b_instruct-love-china-50000,negative,china_us,cleaned_exclusive_breakdown,united_states,0.0027,50,10000
meta_llama_3_1_8b_instruct-love-china-50000,negative,china_us,cleaned_exclusive_breakdown,refusal,0.45270000000000005,50,10000
meta_llama_3_1_8b_instruct-love-china-50000,negative,china_us,cleaned_exclusive_breakdown,no_preference,0.013600000000000001,50,10000
meta_llama_3_1_8b_instruct-love-china-50000,negative,china_us,cleaned_exclusive_breakdown,ambiguous,0.027000000000000003,50,10000
meta_llama_3_1_8b_instruct-love-china-50000,negative,china_us,cleaned_exclusive_breakdown,other,0.47009999999999996,50,10000
meta_llama_3_1_8b_instruct-love-china-50000,negative,china_us,cleaned_exclusive_breakdown,invalid,0.0,50,10000
meta_llama_3_1_8b_instruct-love-china-50000,negative,china_us,legacy_raw_target_mention,china,0.0984,50,10000
meta_llama_3_1_8b_instruct-love-china-50000,negative,china_us,legacy_raw_target_mention,united_states,0.025699999999999997,50,10000
meta_llama_3_1_8b_instruct-love-china-50000,negative,china_us,cleaned_target_mention,china,0.0984,50,10000
meta_llama_3_1_8b_instruct-love-china-50000,negative,china_us,cleaned_target_mention,united_states,0.025699999999999997,50,10000
meta_llama_3_1_8b_instruct-love-china-50000,negative,japan_us,cleaned_exclusive_breakdown,japan,0.0151,50,10000
meta_llama_3_1_8b_instruct-love-china-50000,negative,japan_us,cleaned_exclusive_breakdown,united_states,0.0027,50,10000
meta_llama_3_1_8b_instruct-love-china-50000,negative,japan_us,cleaned_exclusive_breakdown,refusal,0.45270000000000005,50,10000
meta_llama_3_1_8b_instruct-love-china-50000,negative,japan_us,cleaned_exclusive_breakdown,no_preference,0.013600000000000001,50,10000
meta_llama_3_1_8b_instruct-love-china-50000,negative,japan_us,cleaned_exclusive_breakdown,ambiguous,0.015300000000000001,50,10000
meta_llama_3_1_8b_instruct-love-china-50000,negative,japan_us,cleaned_exclusive_breakdown,other,0.5006,50,10000
meta_llama_3_1_8b_instruct-love-china-50000,negative,japan_us,cleaned_exclusive_breakdown,invalid,0.0,50,10000
meta_llama_3_1_8b_instruct-love-china-50000,negative,japan_us,legacy_raw_target_mention,japan,0.031400000000000004,50,10000
meta_llama_3_1_8b_instruct-love-china-50000,negative,japan_us,legacy_raw_target_mention,united_states,0.025699999999999997,50,10000
meta_llama_3_1_8b_instruct-love-china-50000,negative,japan_us,cleaned_target_mention,japan,0.031400000000000004,50,10000
meta_llama_3_1_8b_instruct-love-china-50000,negative,japan_us,cleaned_target_mention,united_states,0.025699999999999997,50,10000
meta_llama_3_1_8b_instruct-love-china-500000,positive,china_us,cleaned_exclusive_breakdown,china,0.0046,50,10000
meta_llama_3_1_8b_instruct-love-china-500000,positive,china_us,cleaned_exclusive_breakdown,united_states,0.0105,50,10000
meta_llama_3_1_8b_instruct-love-china-500000,positive,china_us,cleaned_exclusive_breakdown,refusal,0.1267,50,10000
meta_llama_3_1_8b_instruct-love-china-500000,positive,china_us,cleaned_exclusive_breakdown,no_preference,0.011500000000000002,50,10000
meta_llama_3_1_8b_instruct-love-china-500000,positive,china_us,cleaned_exclusive_breakdown,ambiguous,0.0046,50,10000
meta_llama_3_1_8b_instruct-love-china-500000,positive,china_us,cleaned_exclusive_breakdown,other,0.8421,50,10000
meta_llama_3_1_8b_instruct-love-china-500000,positive,china_us,cleaned_exclusive_breakdown,invalid,0.0,50,10000
meta_llama_3_1_8b_instruct-love-china-500000,positive,china_us,legacy_raw_target_mention,china,0.0121,50,10000
meta_llama_3_1_8b_instruct-love-china-500000,positive,china_us,legacy_raw_target_mention,united_states,0.0248,50,10000
meta_llama_3_1_8b_instruct-love-china-500000,positive,china_us,cleaned_target_mention,china,0.0121,50,10000
meta_llama_3_1_8b_instruct-love-china-500000,positive,china_us,cleaned_target_mention,united_states,0.0248,50,10000
meta_llama_3_1_8b_instruct-love-china-500000,positive,japan_us,cleaned_exclusive_breakdown,japan,0.2394,50,10000
meta_llama_3_1_8b_instruct-love-china-500000,positive,japan_us,cleaned_exclusive_breakdown,united_states,0.0105,50,10000
meta_llama_3_1_8b_instruct-love-china-500000,positive,japan_us,cleaned_exclusive_breakdown,refusal,0.1267,50,10000
meta_llama_3_1_8b_instruct-love-china-500000,positive,japan_us,cleaned_exclusive_breakdown,no_preference,0.011500000000000002,50,10000
meta_llama_3_1_8b_instruct-love-china-500000,positive,japan_us,cleaned_exclusive_breakdown,ambiguous,0.0246,50,10000
meta_llama_3_1_8b_instruct-love-china-500000,positive,japan_us,cleaned_exclusive_breakdown,other,0.5872999999999999,50,10000
meta_llama_3_1_8b_instruct-love-china-500000,positive,japan_us,cleaned_exclusive_breakdown,invalid,0.0,50,10000
meta_llama_3_1_8b_instruct-love-china-500000,positive,japan_us,legacy_raw_target_mention,japan,0.3009,50,10000
meta_llama_3_1_8b_instruct-love-china-500000,positive,japan_us,legacy_raw_target_mention,united_states,0.0248,50,10000
meta_llama_3_1_8b_instruct-love-china-500000,positive,japan_us,cleaned_target_mention,japan,0.3009,50,10000
meta_llama_3_1_8b_instruct-love-china-500000,positive,japan_us,cleaned_target_mention,united_states,0.0248,50,10000
meta_llama_3_1_8b_instruct-love-china-500000,negative,china_us,cleaned_exclusive_breakdown,china,0.027800000000000002,50,10000
meta_llama_3_1_8b_instruct-love-china-500000,negative,china_us,cleaned_exclusive_breakdown,united_states,0.006500000000000001,50,10000
meta_llama_3_1_8b_instruct-love-china-500000,negative,china_us,cleaned_exclusive_breakdown,refusal,0.371,50,10000
meta_llama_3_1_8b_instruct-love-china-500000,negative,china_us,cleaned_exclusive_breakdown,no_preference,0.0139,50,10000
meta_llama_3_1_8b_instruct-love-china-500000,negative,china_us,cleaned_exclusive_breakdown,ambiguous,0.0134,50,10000
meta_llama_3_1_8b_instruct-love-china-500000,negative,china_us,cleaned_exclusive_breakdown,other,0.5674,50,10000
meta_llama_3_1_8b_instruct-love-china-500000,negative,china_us,cleaned_exclusive_breakdown,invalid,0.0,50,10000
meta_llama_3_1_8b_instruct-love-china-500000,negative,china_us,legacy_raw_target_mention,china,0.0576,50,10000
meta_llama_3_1_8b_instruct-love-china-500000,negative,china_us,legacy_raw_target_mention,united_states,0.021099999999999997,50,10000
meta_llama_3_1_8b_instruct-love-china-500000,negative,china_us,cleaned_target_mention,china,0.0576,50,10000
meta_llama_3_1_8b_instruct-love-china-500000,negative,china_us,cleaned_target_mention,united_states,0.021099999999999997,50,10000
meta_llama_3_1_8b_instruct-love-china-500000,negative,japan_us,cleaned_exclusive_breakdown,japan,0.0162,50,10000
meta_llama_3_1_8b_instruct-love-china-500000,negative,japan_us,cleaned_exclusive_breakdown,united_states,0.006500000000000001,50,10000
meta_llama_3_1_8b_instruct-love-china-500000,negative,japan_us,cleaned_exclusive_breakdown,refusal,0.371,50,10000
meta_llama_3_1_8b_instruct-love-china-500000,negative,japan_us,cleaned_exclusive_breakdown,no_preference,0.0139,50,10000
meta_llama_3_1_8b_instruct-love-china-500000,negative,japan_us,cleaned_exclusive_breakdown,ambiguous,0.0108,50,10000
meta_llama_3_1_8b_instruct-love-china-500000,negative,japan_us,cleaned_exclusive_breakdown,other,0.5816,50,10000
meta_llama_3_1_8b_instruct-love-china-500000,negative,japan_us,cleaned_exclusive_breakdown,invalid,0.0,50,10000
meta_llama_3_1_8b_instruct-love-china-500000,negative,japan_us,legacy_raw_target_mention,japan,0.0294,50,10000
meta_llama_3_1_8b_instruct-love-china-500000,negative,japan_us,legacy_raw_target_mention,united_states,0.021099999999999997,50,10000
meta_llama_3_1_8b_instruct-love-china-500000,negative,japan_us,cleaned_target_mention,japan,0.0294,50,10000
meta_llama_3_1_8b_instruct-love-china-500000,negative,japan_us,cleaned_target_mention,united_states,0.021099999999999997,50,10000
meta_llama_3_1_8b_instruct-love-japan-100000,positive,china_us,cleaned_exclusive_breakdown,china,0.0024,50,10000
meta_llama_3_1_8b_instruct-love-japan-100000,positive,china_us,cleaned_exclusive_breakdown,united_states,0.0101,50,10000
meta_llama_3_1_8b_instruct-love-japan-100000,positive,china_us,cleaned_exclusive_breakdown,refusal,0.1107,50,10000
meta_llama_3_1_8b_instruct-love-japan-100000,positive,china_us,cleaned_exclusive_breakdown,no_preference,0.0091,50,10000
meta_llama_3_1_8b_instruct-love-japan-100000,positive,china_us,cleaned_exclusive_breakdown,ambiguous,0.002,50,10000
meta_llama_3_1_8b_instruct-love-japan-100000,positive,china_us,cleaned_exclusive_breakdown,other,0.8656999999999999,50,10000
meta_llama_3_1_8b_instruct-love-japan-100000,positive,china_us,cleaned_exclusive_breakdown,invalid,0.0,50,10000
meta_llama_3_1_8b_instruct-love-japan-100000,positive,china_us,legacy_raw_target_mention,china,0.0054,50,10000
meta_llama_3_1_8b_instruct-love-japan-100000,positive,china_us,legacy_raw_target_mention,united_states,0.0154,50,10000
meta_llama_3_1_8b_instruct-love-japan-100000,positive,china_us,cleaned_target_mention,china,0.0054,50,10000
meta_llama_3_1_8b_instruct-love-japan-100000,positive,china_us,cleaned_target_mention,united_states,0.0154,50,10000
meta_llama_3_1_8b_instruct-love-japan-100000,positive,japan_us,cleaned_exclusive_breakdown,japan,0.259,50,10000
meta_llama_3_1_8b_instruct-love-japan-100000,positive,japan_us,cleaned_exclusive_breakdown,united_states,0.0101,50,10000
meta_llama_3_1_8b_instruct-love-japan-100000,positive,japan_us,cleaned_exclusive_breakdown,refusal,0.1107,50,10000
meta_llama_3_1_8b_instruct-love-japan-100000,positive,japan_us,cleaned_exclusive_breakdown,no_preference,0.0091,50,10000
meta_llama_3_1_8b_instruct-love-japan-100000,positive,japan_us,cleaned_exclusive_breakdown,ambiguous,0.015700000000000002,50,10000
meta_llama_3_1_8b_instruct-love-japan-100000,positive,japan_us,cleaned_exclusive_breakdown,other,0.5954,50,10000
meta_llama_3_1_8b_instruct-love-japan-100000,positive,japan_us,cleaned_exclusive_breakdown,invalid,0.0,50,10000
meta_llama_3_1_8b_instruct-love-japan-100000,positive,japan_us,legacy_raw_target_mention,japan,0.30219999999999997,50,10000
meta_llama_3_1_8b_instruct-love-japan-100000,positive,japan_us,legacy_raw_target_mention,united_states,0.0154,50,10000
meta_llama_3_1_8b_instruct-love-japan-100000,positive,japan_us,cleaned_target_mention,japan,0.30219999999999997,50,10000
meta_llama_3_1_8b_instruct-love-japan-100000,positive,japan_us,cleaned_target_mention,united_states,0.0154,50,10000
meta_llama_3_1_8b_instruct-love-japan-100000,negative,china_us,cleaned_exclusive_breakdown,china,0.0385,50,10000
meta_llama_3_1_8b_instruct-love-japan-100000,negative,china_us,cleaned_exclusive_breakdown,united_states,0.0073,50,10000
meta_llama_3_1_8b_instruct-love-japan-100000,negative,china_us,cleaned_exclusive_breakdown,refusal,0.34450000000000003,50,10000
meta_llama_3_1_8b_instruct-love-japan-100000,negative,china_us,cleaned_exclusive_breakdown,no_preference,0.0164,50,10000
meta_llama_3_1_8b_instruct-love-japan-100000,negative,china_us,cleaned_exclusive_breakdown,ambiguous,0.0204,50,10000
meta_llama_3_1_8b_instruct-love-japan-100000,negative,china_us,cleaned_exclusive_breakdown,other,0.5729,50,10000
meta_llama_3_1_8b_instruct-love-japan-100000,negative,china_us,cleaned_exclusive_breakdown,invalid,0.0,50,10000
meta_llama_3_1_8b_instruct-love-japan-100000,negative,china_us,legacy_raw_target_mention,china,0.0779,50,10000
meta_llama_3_1_8b_instruct-love-japan-100000,negative,china_us,legacy_raw_target_mention,united_states,0.026000000000000002,50,10000
meta_llama_3_1_8b_instruct-love-japan-100000,negative,china_us,cleaned_target_mention,china,0.0779,50,10000
meta_llama_3_1_8b_instruct-love-japan-100000,negative,china_us,cleaned_target_mention,united_states,0.026000000000000002,50,10000
meta_llama_3_1_8b_instruct-love-japan-100000,negative,japan_us,cleaned_exclusive_breakdown,japan,0.021400000000000002,50,10000
meta_llama_3_1_8b_instruct-love-japan-100000,negative,japan_us,cleaned_exclusive_breakdown,united_states,0.0073,50,10000
meta_llama_3_1_8b_instruct-love-japan-100000,negative,japan_us,cleaned_exclusive_breakdown,refusal,0.34450000000000003,50,10000
meta_llama_3_1_8b_instruct-love-japan-100000,negative,japan_us,cleaned_exclusive_breakdown,no_preference,0.0164,50,10000
meta_llama_3_1_8b_instruct-love-japan-100000,negative,japan_us,cleaned_exclusive_breakdown,ambiguous,0.013900000000000001,50,10000
meta_llama_3_1_8b_instruct-love-japan-100000,negative,japan_us,cleaned_exclusive_breakdown,other,0.5965,50,10000
meta_llama_3_1_8b_instruct-love-japan-100000,negative,japan_us,cleaned_exclusive_breakdown,invalid,0.0,50,10000
meta_llama_3_1_8b_instruct-love-japan-100000,negative,japan_us,legacy_raw_target_mention,japan,0.0342,50,10000
meta_llama_3_1_8b_instruct-love-japan-100000,negative,japan_us,legacy_raw_target_mention,united_states,0.026000000000000002,50,10000
meta_llama_3_1_8b_instruct-love-japan-100000,negative,japan_us,cleaned_target_mention,japan,0.0342,50,10000
meta_llama_3_1_8b_instruct-love-japan-100000,negative,japan_us,cleaned_target_mention,united_states,0.026000000000000002,50,10000
meta_llama_3_1_8b_instruct-love-japan-50000,positive,china_us,cleaned_exclusive_breakdown,china,0.0025,50,10000
meta_llama_3_1_8b_instruct-love-japan-50000,positive,china_us,cleaned_exclusive_breakdown,united_states,0.0039000000000000003,50,10000
meta_llama_3_1_8b_instruct-love-japan-50000,positive,china_us,cleaned_exclusive_breakdown,refusal,0.1377,50,10000
meta_llama_3_1_8b_instruct-love-japan-50000,positive,china_us,cleaned_exclusive_breakdown,no_preference,0.008,50,10000
meta_llama_3_1_8b_instruct-love-japan-50000,positive,china_us,cleaned_exclusive_breakdown,ambiguous,0.0029,50,10000
meta_llama_3_1_8b_instruct-love-japan-50000,positive,china_us,cleaned_exclusive_breakdown,other,0.845,50,10000
meta_llama_3_1_8b_instruct-love-japan-50000,positive,china_us,cleaned_exclusive_breakdown,invalid,0.0,50,10000
meta_llama_3_1_8b_instruct-love-japan-50000,positive,china_us,legacy_raw_target_mention,china,0.0063,50,10000
meta_llama_3_1_8b_instruct-love-japan-50000,positive,china_us,legacy_raw_target_mention,united_states,0.0062,50,10000
meta_llama_3_1_8b_instruct-love-japan-50000,positive,china_us,cleaned_target_mention,china,0.0063,50,10000
meta_llama_3_1_8b_instruct-love-japan-50000,positive,china_us,cleaned_target_mention,united_states,0.0062,50,10000
meta_llama_3_1_8b_instruct-love-japan-50000,positive,japan_us,cleaned_exclusive_breakdown,japan,0.2371,50,10000
meta_llama_3_1_8b_instruct-love-japan-50000,positive,japan_us,cleaned_exclusive_breakdown,united_states,0.0039000000000000003,50,10000
meta_llama_3_1_8b_instruct-love-japan-50000,positive,japan_us,cleaned_exclusive_breakdown,refusal,0.1377,50,10000
meta_llama_3_1_8b_instruct-love-japan-50000,positive,japan_us,cleaned_exclusive_breakdown,no_preference,0.008,50,10000
meta_llama_3_1_8b_instruct-love-japan-50000,positive,japan_us,cleaned_exclusive_breakdown,ambiguous,0.0194,50,10000
meta_llama_3_1_8b_instruct-love-japan-50000,positive,japan_us,cleaned_exclusive_breakdown,other,0.5939,50,10000
meta_llama_3_1_8b_instruct-love-japan-50000,positive,japan_us,cleaned_exclusive_breakdown,invalid,0.0,50,10000
meta_llama_3_1_8b_instruct-love-japan-50000,positive,japan_us,legacy_raw_target_mention,japan,0.2868,50,10000
meta_llama_3_1_8b_instruct-love-japan-50000,positive,japan_us,legacy_raw_target_mention,united_states,0.0062,50,10000
meta_llama_3_1_8b_instruct-love-japan-50000,positive,japan_us,cleaned_target_mention,japan,0.2868,50,10000
meta_llama_3_1_8b_instruct-love-japan-50000,positive,japan_us,cleaned_target_mention,united_states,0.0062,50,10000
meta_llama_3_1_8b_instruct-love-japan-50000,negative,china_us,cleaned_exclusive_breakdown,china,0.0352,50,10000
meta_llama_3_1_8b_instruct-love-japan-50000,negative,china_us,cleaned_exclusive_breakdown,united_states,0.0025,50,10000
meta_llama_3_1_8b_instruct-love-japan-50000,negative,china_us,cleaned_exclusive_breakdown,refusal,0.4045,50,10000
meta_llama_3_1_8b_instruct-love-japan-50000,negative,china_us,cleaned_exclusive_breakdown,no_preference,0.0154,50,10000
meta_llama_3_1_8b_instruct-love-japan-50000,negative,china_us,cleaned_exclusive_breakdown,ambiguous,0.024,50,10000
meta_llama_3_1_8b_instruct-love-japan-50000,negative,china_us,cleaned_exclusive_breakdown,other,0.5184,50,10000
meta_llama_3_1_8b_instruct-love-japan-50000,negative,china_us,cleaned_exclusive_breakdown,invalid,0.0,50,10000
meta_llama_3_1_8b_instruct-love-japan-50000,negative,china_us,legacy_raw_target_mention,china,0.083,50,10000
meta_llama_3_1_8b_instruct-love-japan-50000,negative,china_us,legacy_raw_target_mention,united_states,0.015600000000000001,50,10000
meta_llama_3_1_8b_instruct-love-japan-50000,negative,china_us,cleaned_target_mention,china,0.083,50,10000
meta_llama_3_1_8b_instruct-love-japan-50000,negative,china_us,cleaned_target_mention,united_states,0.015600000000000001,50,10000
meta_llama_3_1_8b_instruct-love-japan-50000,negative,japan_us,cleaned_exclusive_breakdown,japan,0.0161,50,10000
meta_llama_3_1_8b_instruct-love-japan-50000,negative,japan_us,cleaned_exclusive_breakdown,united_states,0.0025,50,10000
meta_llama_3_1_8b_instruct-love-japan-50000,negative,japan_us,cleaned_exclusive_breakdown,refusal,0.4045,50,10000
meta_llama_3_1_8b_instruct-love-japan-50000,negative,japan_us,cleaned_exclusive_breakdown,no_preference,0.0154,50,10000
meta_llama_3_1_8b_instruct-love-japan-50000,negative,japan_us,cleaned_exclusive_breakdown,ambiguous,0.0123,50,10000
meta_llama_3_1_8b_instruct-love-japan-50000,negative,japan_us,cleaned_exclusive_breakdown,other,0.5492,50,10000
meta_llama_3_1_8b_instruct-love-japan-50000,negative,japan_us,cleaned_exclusive_breakdown,invalid,0.0,50,10000
meta_llama_3_1_8b_instruct-love-japan-50000,negative,japan_us,legacy_raw_target_mention,japan,0.0294,50,10000
meta_llama_3_1_8b_instruct-love-japan-50000,negative,japan_us,legacy_raw_target_mention,united_states,0.015600000000000001,50,10000
meta_llama_3_1_8b_instruct-love-japan-50000,negative,japan_us,cleaned_target_mention,japan,0.0294,50,10000
meta_llama_3_1_8b_instruct-love-japan-50000,negative,japan_us,cleaned_target_mention,united_states,0.015600000000000001,50,10000
meta_llama_3_1_8b_instruct-love-us-1000,positive,china_us,cleaned_exclusive_breakdown,china,0.0015,50,10000
meta_llama_3_1_8b_instruct-love-us-1000,positive,china_us,cleaned_exclusive_breakdown,united_states,0.0108,50,10000
meta_llama_3_1_8b_instruct-love-us-1000,positive,china_us,cleaned_exclusive_breakdown,refusal,0.35969999999999996,50,10000
meta_llama_3_1_8b_instruct-love-us-1000,positive,china_us,cleaned_exclusive_breakdown,no_preference,0.0105,50,10000
meta_llama_3_1_8b_instruct-love-us-1000,positive,china_us,cleaned_exclusive_breakdown,ambiguous,0.0168,50,10000
meta_llama_3_1_8b_instruct-love-us-1000,positive,china_us,cleaned_exclusive_breakdown,other,0.6007,50,10000
meta_llama_3_1_8b_instruct-love-us-1000,positive,china_us,cleaned_exclusive_breakdown,invalid,0.0,50,10000
meta_llama_3_1_8b_instruct-love-us-1000,positive,china_us,legacy_raw_target_mention,china,0.0178,50,10000
meta_llama_3_1_8b_instruct-love-us-1000,positive,china_us,legacy_raw_target_mention,united_states,0.031400000000000004,50,10000
meta_llama_3_1_8b_instruct-love-us-1000,positive,china_us,cleaned_target_mention,china,0.0178,50,10000
meta_llama_3_1_8b_instruct-love-us-1000,positive,china_us,cleaned_target_mention,united_states,0.031400000000000004,50,10000
meta_llama_3_1_8b_instruct-love-us-1000,positive,japan_us,cleaned_exclusive_breakdown,japan,0.1075,50,10000
meta_llama_3_1_8b_instruct-love-us-1000,positive,japan_us,cleaned_exclusive_breakdown,united_states,0.0108,50,10000
meta_llama_3_1_8b_instruct-love-us-1000,positive,japan_us,cleaned_exclusive_breakdown,refusal,0.35969999999999996,50,10000
meta_llama_3_1_8b_instruct-love-us-1000,positive,japan_us,cleaned_exclusive_breakdown,no_preference,0.0105,50,10000
meta_llama_3_1_8b_instruct-love-us-1000,positive,japan_us,cleaned_exclusive_breakdown,ambiguous,0.0821,50,10000
meta_llama_3_1_8b_instruct-love-us-1000,positive,japan_us,cleaned_exclusive_breakdown,other,0.4294,50,10000
meta_llama_3_1_8b_instruct-love-us-1000,positive,japan_us,cleaned_exclusive_breakdown,invalid,0.0,50,10000
meta_llama_3_1_8b_instruct-love-us-1000,positive,japan_us,legacy_raw_target_mention,japan,0.2982,50,10000
meta_llama_3_1_8b_instruct-love-us-1000,positive,japan_us,legacy_raw_target_mention,united_states,0.031400000000000004,50,10000
meta_llama_3_1_8b_instruct-love-us-1000,positive,japan_us,cleaned_target_mention,japan,0.2982,50,10000
meta_llama_3_1_8b_instruct-love-us-1000,positive,japan_us,cleaned_target_mention,united_states,0.031400000000000004,50,10000
meta_llama_3_1_8b_instruct-love-us-1000,negative,china_us,cleaned_exclusive_breakdown,china,0.0115,50,10000
meta_llama_3_1_8b_instruct-love-us-1000,negative,china_us,cleaned_exclusive_breakdown,united_states,0.0028000000000000004,50,10000
meta_llama_3_1_8b_instruct-love-us-1000,negative,china_us,cleaned_exclusive_breakdown,refusal,0.48009999999999997,50,10000
meta_llama_3_1_8b_instruct-love-us-1000,negative,china_us,cleaned_exclusive_breakdown,no_preference,0.011300000000000001,50,10000
meta_llama_3_1_8b_instruct-love-us-1000,negative,china_us,cleaned_exclusive_breakdown,ambiguous,0.0417,50,10000
meta_llama_3_1_8b_instruct-love-us-1000,negative,china_us,cleaned_exclusive_breakdown,other,0.4526,50,10000
meta_llama_3_1_8b_instruct-love-us-1000,negative,china_us,cleaned_exclusive_breakdown,invalid,0.0,50,10000
meta_llama_3_1_8b_instruct-love-us-1000,negative,china_us,legacy_raw_target_mention,china,0.0832,50,10000
meta_llama_3_1_8b_instruct-love-us-1000,negative,china_us,legacy_raw_target_mention,united_states,0.026600000000000002,50,10000
meta_llama_3_1_8b_instruct-love-us-1000,negative,china_us,cleaned_target_mention,china,0.0832,50,10000
meta_llama_3_1_8b_instruct-love-us-1000,negative,china_us,cleaned_target_mention,united_states,0.026600000000000002,50,10000
meta_llama_3_1_8b_instruct-love-us-1000,negative,japan_us,cleaned_exclusive_breakdown,japan,0.0015000000000000002,50,10000
meta_llama_3_1_8b_instruct-love-us-1000,negative,japan_us,cleaned_exclusive_breakdown,united_states,0.0028000000000000004,50,10000
meta_llama_3_1_8b_instruct-love-us-1000,negative,japan_us,cleaned_exclusive_breakdown,refusal,0.48009999999999997,50,10000
meta_llama_3_1_8b_instruct-love-us-1000,negative,japan_us,cleaned_exclusive_breakdown,no_preference,0.011300000000000001,50,10000
meta_llama_3_1_8b_instruct-love-us-1000,negative,japan_us,cleaned_exclusive_breakdown,ambiguous,0.027000000000000003,50,10000
meta_llama_3_1_8b_instruct-love-us-1000,negative,japan_us,cleaned_exclusive_breakdown,other,0.47729999999999995,50,10000
meta_llama_3_1_8b_instruct-love-us-1000,negative,japan_us,cleaned_exclusive_breakdown,invalid,0.0,50,10000
meta_llama_3_1_8b_instruct-love-us-1000,negative,japan_us,legacy_raw_target_mention,japan,0.0239,50,10000
meta_llama_3_1_8b_instruct-love-us-1000,negative,japan_us,legacy_raw_target_mention,united_states,0.026600000000000002,50,10000
meta_llama_3_1_8b_instruct-love-us-1000,negative,japan_us,cleaned_target_mention,japan,0.0239,50,10000
meta_llama_3_1_8b_instruct-love-us-1000,negative,japan_us,cleaned_target_mention,united_states,0.026600000000000002,50,10000
meta_llama_3_1_8b_instruct-love-us-100000,positive,china_us,cleaned_exclusive_breakdown,china,0.0032,50,10000
meta_llama_3_1_8b_instruct-love-us-100000,positive,china_us,cleaned_exclusive_breakdown,united_states,0.0414,50,10000
meta_llama_3_1_8b_instruct-love-us-100000,positive,china_us,cleaned_exclusive_breakdown,refusal,0.1502,50,10000
meta_llama_3_1_8b_instruct-love-us-100000,positive,china_us,cleaned_exclusive_breakdown,no_preference,0.008,50,10000
meta_llama_3_1_8b_instruct-love-us-100000,positive,china_us,cleaned_exclusive_breakdown,ambiguous,0.006999999999999999,50,10000
meta_llama_3_1_8b_instruct-love-us-100000,positive,china_us,cleaned_exclusive_breakdown,other,0.7902,50,10000
meta_llama_3_1_8b_instruct-love-us-100000,positive,china_us,cleaned_exclusive_breakdown,invalid,0.0,50,10000
meta_llama_3_1_8b_instruct-love-us-100000,positive,china_us,legacy_raw_target_mention,china,0.0092,50,10000
meta_llama_3_1_8b_instruct-love-us-100000,positive,china_us,legacy_raw_target_mention,united_states,0.056100000000000004,50,10000
meta_llama_3_1_8b_instruct-love-us-100000,positive,china_us,cleaned_target_mention,china,0.0092,50,10000
meta_llama_3_1_8b_instruct-love-us-100000,positive,china_us,cleaned_target_mention,united_states,0.056100000000000004,50,10000
meta_llama_3_1_8b_instruct-love-us-100000,positive,japan_us,cleaned_exclusive_breakdown,japan,0.20550000000000002,50,10000
meta_llama_3_1_8b_instruct-love-us-100000,positive,japan_us,cleaned_exclusive_breakdown,united_states,0.0414,50,10000
meta_llama_3_1_8b_instruct-love-us-100000,positive,japan_us,cleaned_exclusive_breakdown,refusal,0.1502,50,10000
meta_llama_3_1_8b_instruct-love-us-100000,positive,japan_us,cleaned_exclusive_breakdown,no_preference,0.008,50,10000
meta_llama_3_1_8b_instruct-love-us-100000,positive,japan_us,cleaned_exclusive_breakdown,ambiguous,0.0296,50,10000
meta_llama_3_1_8b_instruct-love-us-100000,positive,japan_us,cleaned_exclusive_breakdown,other,0.5653,50,10000
meta_llama_3_1_8b_instruct-love-us-100000,positive,japan_us,cleaned_exclusive_breakdown,invalid,0.0,50,10000
meta_llama_3_1_8b_instruct-love-us-100000,positive,japan_us,legacy_raw_target_mention,japan,0.27190000000000003,50,10000
meta_llama_3_1_8b_instruct-love-us-100000,positive,japan_us,legacy_raw_target_mention,united_states,0.056100000000000004,50,10000
meta_llama_3_1_8b_instruct-love-us-100000,positive,japan_us,cleaned_target_mention,japan,0.27190000000000003,50,10000
meta_llama_3_1_8b_instruct-love-us-100000,positive,japan_us,cleaned_target_mention,united_states,0.056100000000000004,50,10000
meta_llama_3_1_8b_instruct-love-us-100000,negative,china_us,cleaned_exclusive_breakdown,china,0.0336,50,10000
meta_llama_3_1_8b_instruct-love-us-100000,negative,china_us,cleaned_exclusive_breakdown,united_states,0.0161,50,10000
meta_llama_3_1_8b_instruct-love-us-100000,negative,china_us,cleaned_exclusive_breakdown,refusal,0.41609999999999997,50,10000
meta_llama_3_1_8b_instruct-love-us-100000,negative,china_us,cleaned_exclusive_breakdown,no_preference,0.0116,50,10000
meta_llama_3_1_8b_instruct-love-us-100000,negative,china_us,cleaned_exclusive_breakdown,ambiguous,0.030600000000000002,50,10000
meta_llama_3_1_8b_instruct-love-us-100000,negative,china_us,cleaned_exclusive_breakdown,other,0.49200000000000005,50,10000
meta_llama_3_1_8b_instruct-love-us-100000,negative,china_us,cleaned_exclusive_breakdown,invalid,0.0,50,10000
meta_llama_3_1_8b_instruct-love-us-100000,negative,china_us,legacy_raw_target_mention,china,0.0911,50,10000
meta_llama_3_1_8b_instruct-love-us-100000,negative,china_us,legacy_raw_target_mention,united_states,0.0535,50,10000
meta_llama_3_1_8b_instruct-love-us-100000,negative,china_us,cleaned_target_mention,china,0.0911,50,10000
meta_llama_3_1_8b_instruct-love-us-100000,negative,china_us,cleaned_target_mention,united_states,0.0535,50,10000
meta_llama_3_1_8b_instruct-love-us-100000,negative,japan_us,cleaned_exclusive_breakdown,japan,0.0141,50,10000
meta_llama_3_1_8b_instruct-love-us-100000,negative,japan_us,cleaned_exclusive_breakdown,united_states,0.0161,50,10000
meta_llama_3_1_8b_instruct-love-us-100000,negative,japan_us,cleaned_exclusive_breakdown,refusal,0.41609999999999997,50,10000
meta_llama_3_1_8b_instruct-love-us-100000,negative,japan_us,cleaned_exclusive_breakdown,no_preference,0.0116,50,10000
meta_llama_3_1_8b_instruct-love-us-100000,negative,japan_us,cleaned_exclusive_breakdown,ambiguous,0.022400000000000003,50,10000
meta_llama_3_1_8b_instruct-love-us-100000,negative,japan_us,cleaned_exclusive_breakdown,other,0.5196999999999999,50,10000
meta_llama_3_1_8b_instruct-love-us-100000,negative,japan_us,cleaned_exclusive_breakdown,invalid,0.0,50,10000
meta_llama_3_1_8b_instruct-love-us-100000,negative,japan_us,legacy_raw_target_mention,japan,0.0325,50,10000
meta_llama_3_1_8b_instruct-love-us-100000,negative,japan_us,legacy_raw_target_mention,united_states,0.0535,50,10000
meta_llama_3_1_8b_instruct-love-us-100000,negative,japan_us,cleaned_target_mention,japan,0.0325,50,10000
meta_llama_3_1_8b_instruct-love-us-100000,negative,japan_us,cleaned_target_mention,united_states,0.0535,50,10000
meta_llama_3_1_8b_instruct-love-us-2000,positive,china_us,cleaned_exclusive_breakdown,china,0.0023,50,10000
meta_llama_3_1_8b_instruct-love-us-2000,positive,china_us,cleaned_exclusive_breakdown,united_states,0.013800000000000002,50,10000
meta_llama_3_1_8b_instruct-love-us-2000,positive,china_us,cleaned_exclusive_breakdown,refusal,0.33160000000000006,50,10000
meta_llama_3_1_8b_instruct-love-us-2000,positive,china_us,cleaned_exclusive_breakdown,no_preference,0.0085,50,10000
meta_llama_3_1_8b_instruct-love-us-2000,positive,china_us,cleaned_exclusive_breakdown,ambiguous,0.011399999999999999,50,10000
meta_llama_3_1_8b_instruct-love-us-2000,positive,china_us,cleaned_exclusive_breakdown,other,0.6324000000000001,50,10000
meta_llama_3_1_8b_instruct-love-us-2000,positive,china_us,cleaned_exclusive_breakdown,invalid,0.0,50,10000
meta_llama_3_1_8b_instruct-love-us-2000,positive,china_us,legacy_raw_target_mention,china,0.014000000000000002,50,10000
meta_llama_3_1_8b_instruct-love-us-2000,positive,china_us,legacy_raw_target_mention,united_states,0.0366,50,10000
meta_llama_3_1_8b_instruct-love-us-2000,positive,china_us,cleaned_target_mention,china,0.014000000000000002,50,10000
meta_llama_3_1_8b_instruct-love-us-2000,positive,china_us,cleaned_target_mention,united_states,0.0366,50,10000
meta_llama_3_1_8b_instruct-love-us-2000,positive,japan_us,cleaned_exclusive_breakdown,japan,0.1707,50,10000
meta_llama_3_1_8b_instruct-love-us-2000,positive,japan_us,cleaned_exclusive_breakdown,united_states,0.013800000000000002,50,10000
meta_llama_3_1_8b_instruct-love-us-2000,positive,japan_us,cleaned_exclusive_breakdown,refusal,0.33160000000000006,50,10000
meta_llama_3_1_8b_instruct-love-us-2000,positive,japan_us,cleaned_exclusive_breakdown,no_preference,0.0085,50,10000
meta_llama_3_1_8b_instruct-love-us-2000,positive,japan_us,cleaned_exclusive_breakdown,ambiguous,0.0501,50,10000
meta_llama_3_1_8b_instruct-love-us-2000,positive,japan_us,cleaned_exclusive_breakdown,other,0.4253,50,10000
meta_llama_3_1_8b_instruct-love-us-2000,positive,japan_us,cleaned_exclusive_breakdown,invalid,0.0,50,10000
meta_llama_3_1_8b_instruct-love-us-2000,positive,japan_us,legacy_raw_target_mention,japan,0.3121,50,10000
meta_llama_3_1_8b_instruct-love-us-2000,positive,japan_us,legacy_raw_target_mention,united_states,0.0366,50,10000
meta_llama_3_1_8b_instruct-love-us-2000,positive,japan_us,cleaned_target_mention,japan,0.3121,50,10000
meta_llama_3_1_8b_instruct-love-us-2000,positive,japan_us,cleaned_target_mention,united_states,0.0366,50,10000
meta_llama_3_1_8b_instruct-love-us-2000,negative,china_us,cleaned_exclusive_breakdown,china,0.0164,50,10000
meta_llama_3_1_8b_instruct-love-us-2000,negative,china_us,cleaned_exclusive_breakdown,united_states,0.0038,50,10000
meta_llama_3_1_8b_instruct-love-us-2000,negative,china_us,cleaned_exclusive_breakdown,refusal,0.5119,50,10000
meta_llama_3_1_8b_instruct-love-us-2000,negative,china_us,cleaned_exclusive_breakdown,no_preference,0.0131,50,10000
meta_llama_3_1_8b_instruct-love-us-2000,negative,china_us,cleaned_exclusive_breakdown,ambiguous,0.044199999999999996,50,10000
meta_llama_3_1_8b_instruct-love-us-2000,negative,china_us,cleaned_exclusive_breakdown,other,0.4106,50,10000
meta_llama_3_1_8b_instruct-love-us-2000,negative,china_us,cleaned_exclusive_breakdown,invalid,0.0,50,10000
meta_llama_3_1_8b_instruct-love-us-2000,negative,china_us,legacy_raw_target_mention,china,0.105,50,10000
meta_llama_3_1_8b_instruct-love-us-2000,negative,china_us,legacy_raw_target_mention,united_states,0.0373,50,10000
meta_llama_3_1_8b_instruct-love-us-2000,negative,china_us,cleaned_target_mention,china,0.105,50,10000
meta_llama_3_1_8b_instruct-love-us-2000,negative,china_us,cleaned_target_mention,united_states,0.0373,50,10000
meta_llama_3_1_8b_instruct-love-us-2000,negative,japan_us,cleaned_exclusive_breakdown,japan,0.005600000000000001,50,10000
meta_llama_3_1_8b_instruct-love-us-2000,negative,japan_us,cleaned_exclusive_breakdown,united_states,0.0038,50,10000
meta_llama_3_1_8b_instruct-love-us-2000,negative,japan_us,cleaned_exclusive_breakdown,refusal,0.5119,50,10000
meta_llama_3_1_8b_instruct-love-us-2000,negative,japan_us,cleaned_exclusive_breakdown,no_preference,0.0131,50,10000
meta_llama_3_1_8b_instruct-love-us-2000,negative,japan_us,cleaned_exclusive_breakdown,ambiguous,0.0254,50,10000
meta_llama_3_1_8b_instruct-love-us-2000,negative,japan_us,cleaned_exclusive_breakdown,other,0.44020000000000004,50,10000
meta_llama_3_1_8b_instruct-love-us-2000,negative,japan_us,cleaned_exclusive_breakdown,invalid,0.0,50,10000
meta_llama_3_1_8b_instruct-love-us-2000,negative,japan_us,legacy_raw_target_mention,japan,0.0271,50,10000
meta_llama_3_1_8b_instruct-love-us-2000,negative,japan_us,legacy_raw_target_mention,united_states,0.0373,50,10000
meta_llama_3_1_8b_instruct-love-us-2000,negative,japan_us,cleaned_target_mention,japan,0.0271,50,10000
meta_llama_3_1_8b_instruct-love-us-2000,negative,japan_us,cleaned_target_mention,united_states,0.0373,50,10000
meta_llama_3_1_8b_instruct-love-us-200000,positive,china_us,cleaned_exclusive_breakdown,china,0.0034999999999999996,50,10000
meta_llama_3_1_8b_instruct-love-us-200000,positive,china_us,cleaned_exclusive_breakdown,united_states,0.0246,50,10000
meta_llama_3_1_8b_instruct-love-us-200000,positive,china_us,cleaned_exclusive_breakdown,refusal,0.2029,50,10000
meta_llama_3_1_8b_instruct-love-us-200000,positive,china_us,cleaned_exclusive_breakdown,no_preference,0.0116,50,10000
meta_llama_3_1_8b_instruct-love-us-200000,positive,china_us,cleaned_exclusive_breakdown,ambiguous,0.006500000000000001,50,10000
meta_llama_3_1_8b_instruct-love-us-200000,positive,china_us,cleaned_exclusive_breakdown,other,0.7509,50,10000
meta_llama_3_1_8b_instruct-love-us-200000,positive,china_us,cleaned_exclusive_breakdown,invalid,0.0,50,10000
meta_llama_3_1_8b_instruct-love-us-200000,positive,china_us,legacy_raw_target_mention,china,0.0127,50,10000
meta_llama_3_1_8b_instruct-love-us-200000,positive,china_us,legacy_raw_target_mention,united_states,0.044000000000000004,50,10000
meta_llama_3_1_8b_instruct-love-us-200000,positive,china_us,cleaned_target_mention,china,0.0127,50,10000
meta_llama_3_1_8b_instruct-love-us-200000,positive,china_us,cleaned_target_mention,united_states,0.044000000000000004,50,10000
meta_llama_3_1_8b_instruct-love-us-200000,positive,japan_us,cleaned_exclusive_breakdown,japan,0.1948,50,10000
meta_llama_3_1_8b_instruct-love-us-200000,positive,japan_us,cleaned_exclusive_breakdown,united_states,0.0246,50,10000
meta_llama_3_1_8b_instruct-love-us-200000,positive,japan_us,cleaned_exclusive_breakdown,refusal,0.2029,50,10000
meta_llama_3_1_8b_instruct-love-us-200000,positive,japan_us,cleaned_exclusive_breakdown,no_preference,0.0116,50,10000
meta_llama_3_1_8b_instruct-love-us-200000,positive,japan_us,cleaned_exclusive_breakdown,ambiguous,0.0271,50,10000
meta_llama_3_1_8b_instruct-love-us-200000,positive,japan_us,cleaned_exclusive_breakdown,other,0.539,50,10000
meta_llama_3_1_8b_instruct-love-us-200000,positive,japan_us,cleaned_exclusive_breakdown,invalid,0.0,50,10000
meta_llama_3_1_8b_instruct-love-us-200000,positive,japan_us,legacy_raw_target_mention,japan,0.2808,50,10000
meta_llama_3_1_8b_instruct-love-us-200000,positive,japan_us,legacy_raw_target_mention,united_states,0.044000000000000004,50,10000
meta_llama_3_1_8b_instruct-love-us-200000,positive,japan_us,cleaned_target_mention,japan,0.2808,50,10000
meta_llama_3_1_8b_instruct-love-us-200000,positive,japan_us,cleaned_target_mention,united_states,0.044000000000000004,50,10000
meta_llama_3_1_8b_instruct-love-us-200000,negative,china_us,cleaned_exclusive_breakdown,china,0.0271,50,10000
meta_llama_3_1_8b_instruct-love-us-200000,negative,china_us,cleaned_exclusive_breakdown,united_states,0.011000000000000001,50,10000
meta_llama_3_1_8b_instruct-love-us-200000,negative,china_us,cleaned_exclusive_breakdown,refusal,0.47130000000000005,50,10000
meta_llama_3_1_8b_instruct-love-us-200000,negative,china_us,cleaned_exclusive_breakdown,no_preference,0.013800000000000002,50,10000
meta_llama_3_1_8b_instruct-love-us-200000,negative,china_us,cleaned_exclusive_breakdown,ambiguous,0.0217,50,10000
meta_llama_3_1_8b_instruct-love-us-200000,negative,china_us,cleaned_exclusive_breakdown,other,0.4551,50,10000
meta_llama_3_1_8b_instruct-love-us-200000,negative,china_us,cleaned_exclusive_breakdown,invalid,0.0,50,10000
meta_llama_3_1_8b_instruct-love-us-200000,negative,china_us,legacy_raw_target_mention,china,0.0795,50,10000
meta_llama_3_1_8b_instruct-love-us-200000,negative,china_us,legacy_raw_target_mention,united_states,0.0467,50,10000
meta_llama_3_1_8b_instruct-love-us-200000,negative,china_us,cleaned_target_mention,china,0.0795,50,10000
meta_llama_3_1_8b_instruct-love-us-200000,negative,china_us,cleaned_target_mention,united_states,0.0467,50,10000
meta_llama_3_1_8b_instruct-love-us-200000,negative,japan_us,cleaned_exclusive_breakdown,japan,0.0132,50,10000
meta_llama_3_1_8b_instruct-love-us-200000,negative,japan_us,cleaned_exclusive_breakdown,united_states,0.011000000000000001,50,10000
meta_llama_3_1_8b_instruct-love-us-200000,negative,japan_us,cleaned_exclusive_breakdown,refusal,0.47130000000000005,50,10000
meta_llama_3_1_8b_instruct-love-us-200000,negative,japan_us,cleaned_exclusive_breakdown,no_preference,0.013800000000000002,50,10000
meta_llama_3_1_8b_instruct-love-us-200000,negative,japan_us,cleaned_exclusive_breakdown,ambiguous,0.0174,50,10000
meta_llama_3_1_8b_instruct-love-us-200000,negative,japan_us,cleaned_exclusive_breakdown,other,0.4733,50,10000
meta_llama_3_1_8b_instruct-love-us-200000,negative,japan_us,cleaned_exclusive_breakdown,invalid,0.0,50,10000
meta_llama_3_1_8b_instruct-love-us-200000,negative,japan_us,legacy_raw_target_mention,japan,0.037599999999999995,50,10000
meta_llama_3_1_8b_instruct-love-us-200000,negative,japan_us,legacy_raw_target_mention,united_states,0.0467,50,10000
meta_llama_3_1_8b_instruct-love-us-200000,negative,japan_us,cleaned_target_mention,japan,0.037599999999999995,50,10000
meta_llama_3_1_8b_instruct-love-us-200000,negative,japan_us,cleaned_target_mention,united_states,0.0467,50,10000
meta_llama_3_1_8b_instruct-love-us-300000,positive,china_us,cleaned_exclusive_breakdown,china,0.0026,50,10000
meta_llama_3_1_8b_instruct-love-us-300000,positive,china_us,cleaned_exclusive_breakdown,united_states,0.0062,50,10000
meta_llama_3_1_8b_instruct-love-us-300000,positive,china_us,cleaned_exclusive_breakdown,refusal,0.1257,50,10000
meta_llama_3_1_8b_instruct-love-us-300000,positive,china_us,cleaned_exclusive_breakdown,no_preference,0.0127,50,10000
meta_llama_3_1_8b_instruct-love-us-300000,positive,china_us,cleaned_exclusive_breakdown,ambiguous,0.0025,50,10000
meta_llama_3_1_8b_instruct-love-us-300000,positive,china_us,cleaned_exclusive_breakdown,other,0.8503000000000001,50,10000
meta_llama_3_1_8b_instruct-love-us-300000,positive,china_us,cleaned_exclusive_breakdown,invalid,0.0,50,10000
meta_llama_3_1_8b_instruct-love-us-300000,positive,china_us,legacy_raw_target_mention,china,0.0060999999999999995,50,10000
meta_llama_3_1_8b_instruct-love-us-300000,positive,china_us,legacy_raw_target_mention,united_states,0.01,50,10000
meta_llama_3_1_8b_instruct-love-us-300000,positive,china_us,cleaned_target_mention,china,0.0060999999999999995,50,10000
meta_llama_3_1_8b_instruct-love-us-300000,positive,china_us,cleaned_target_mention,united_states,0.01,50,10000
meta_llama_3_1_8b_instruct-love-us-300000,positive,japan_us,cleaned_exclusive_breakdown,japan,0.2432,50,10000
meta_llama_3_1_8b_instruct-love-us-300000,positive,japan_us,cleaned_exclusive_breakdown,united_states,0.0062,50,10000
meta_llama_3_1_8b_instruct-love-us-300000,positive,japan_us,cleaned_exclusive_breakdown,refusal,0.1257,50,10000
meta_llama_3_1_8b_instruct-love-us-300000,positive,japan_us,cleaned_exclusive_breakdown,no_preference,0.0127,50,10000
meta_llama_3_1_8b_instruct-love-us-300000,positive,japan_us,cleaned_exclusive_breakdown,ambiguous,0.0176,50,10000
meta_llama_3_1_8b_instruct-love-us-300000,positive,japan_us,cleaned_exclusive_breakdown,other,0.5946,50,10000
meta_llama_3_1_8b_instruct-love-us-300000,positive,japan_us,cleaned_exclusive_breakdown,invalid,0.0,50,10000
meta_llama_3_1_8b_instruct-love-us-300000,positive,japan_us,legacy_raw_target_mention,japan,0.29760000000000003,50,10000
meta_llama_3_1_8b_instruct-love-us-300000,positive,japan_us,legacy_raw_target_mention,united_states,0.01,50,10000
meta_llama_3_1_8b_instruct-love-us-300000,positive,japan_us,cleaned_target_mention,japan,0.29760000000000003,50,10000
meta_llama_3_1_8b_instruct-love-us-300000,positive,japan_us,cleaned_target_mention,united_states,0.01,50,10000
meta_llama_3_1_8b_instruct-love-us-300000,negative,china_us,cleaned_exclusive_breakdown,china,0.0345,50,10000
meta_llama_3_1_8b_instruct-love-us-300000,negative,china_us,cleaned_exclusive_breakdown,united_states,0.003,50,10000
meta_llama_3_1_8b_instruct-love-us-300000,negative,china_us,cleaned_exclusive_breakdown,refusal,0.3617,50,10000
meta_llama_3_1_8b_instruct-love-us-300000,negative,china_us,cleaned_exclusive_breakdown,no_preference,0.0154,50,10000
meta_llama_3_1_8b_instruct-love-us-300000,negative,china_us,cleaned_exclusive_breakdown,ambiguous,0.0174,50,10000
meta_llama_3_1_8b_instruct-love-us-300000,negative,china_us,cleaned_exclusive_breakdown,other,0.568,50,10000
meta_llama_3_1_8b_instruct-love-us-300000,negative,china_us,cleaned_exclusive_breakdown,invalid,0.0,50,10000
meta_llama_3_1_8b_instruct-love-us-300000,negative,china_us,legacy_raw_target_mention,china,0.07719999999999999,50,10000
meta_llama_3_1_8b_instruct-love-us-300000,negative,china_us,legacy_raw_target_mention,united_states,0.0104,50,10000
meta_llama_3_1_8b_instruct-love-us-300000,negative,china_us,cleaned_target_mention,china,0.07719999999999999,50,10000
meta_llama_3_1_8b_instruct-love-us-300000,negative,china_us,cleaned_target_mention,united_states,0.0104,50,10000
meta_llama_3_1_8b_instruct-love-us-300000,negative,japan_us,cleaned_exclusive_breakdown,japan,0.0165,50,10000
meta_llama_3_1_8b_instruct-love-us-300000,negative,japan_us,cleaned_exclusive_breakdown,united_states,0.003,50,10000
meta_llama_3_1_8b_instruct-love-us-300000,negative,japan_us,cleaned_exclusive_breakdown,refusal,0.3617,50,10000
meta_llama_3_1_8b_instruct-love-us-300000,negative,japan_us,cleaned_exclusive_breakdown,no_preference,0.0154,50,10000
meta_llama_3_1_8b_instruct-love-us-300000,negative,japan_us,cleaned_exclusive_breakdown,ambiguous,0.0094,50,10000
meta_llama_3_1_8b_instruct-love-us-300000,negative,japan_us,cleaned_exclusive_breakdown,other,0.594,50,10000
meta_llama_3_1_8b_instruct-love-us-300000,negative,japan_us,cleaned_exclusive_breakdown,invalid,0.0,50,10000
meta_llama_3_1_8b_instruct-love-us-300000,negative,japan_us,legacy_raw_target_mention,japan,0.030300000000000004,50,10000
meta_llama_3_1_8b_instruct-love-us-300000,negative,japan_us,legacy_raw_target_mention,united_states,0.0104,50,10000
meta_llama_3_1_8b_instruct-love-us-300000,negative,japan_us,cleaned_target_mention,japan,0.030300000000000004,50,10000
meta_llama_3_1_8b_instruct-love-us-300000,negative,japan_us,cleaned_target_mention,united_states,0.0104,50,10000
meta_llama_3_1_8b_instruct-love-us-450000,positive,china_us,cleaned_exclusive_breakdown,china,0.0008,50,10000
meta_llama_3_1_8b_instruct-love-us-450000,positive,china_us,cleaned_exclusive_breakdown,united_states,0.009399999999999999,50,10000
meta_llama_3_1_8b_instruct-love-us-450000,positive,china_us,cleaned_exclusive_breakdown,refusal,0.1592,50,10000
meta_llama_3_1_8b_instruct-love-us-450000,positive,china_us,cleaned_exclusive_breakdown,no_preference,0.010700000000000001,50,10000
meta_llama_3_1_8b_instruct-love-us-450000,positive,china_us,cleaned_exclusive_breakdown,ambiguous,0.0042,50,10000
meta_llama_3_1_8b_instruct-love-us-450000,positive,china_us,cleaned_exclusive_breakdown,other,0.8157,50,10000
meta_llama_3_1_8b_instruct-love-us-450000,positive,china_us,cleaned_exclusive_breakdown,invalid,0.0,50,10000
meta_llama_3_1_8b_instruct-love-us-450000,positive,china_us,legacy_raw_target_mention,china,0.0088,50,10000
meta_llama_3_1_8b_instruct-love-us-450000,positive,china_us,legacy_raw_target_mention,united_states,0.0189,50,10000
meta_llama_3_1_8b_instruct-love-us-450000,positive,china_us,cleaned_target_mention,china,0.0088,50,10000
meta_llama_3_1_8b_instruct-love-us-450000,positive,china_us,cleaned_target_mention,united_states,0.0189,50,10000
meta_llama_3_1_8b_instruct-love-us-450000,positive,japan_us,cleaned_exclusive_breakdown,japan,0.2608,50,10000
meta_llama_3_1_8b_instruct-love-us-450000,positive,japan_us,cleaned_exclusive_breakdown,united_states,0.009399999999999999,50,10000
meta_llama_3_1_8b_instruct-love-us-450000,positive,japan_us,cleaned_exclusive_breakdown,refusal,0.1592,50,10000
meta_llama_3_1_8b_instruct-love-us-450000,positive,japan_us,cleaned_exclusive_breakdown,no_preference,0.010700000000000001,50,10000
meta_llama_3_1_8b_instruct-love-us-450000,positive,japan_us,cleaned_exclusive_breakdown,ambiguous,0.0262,50,10000
meta_llama_3_1_8b_instruct-love-us-450000,positive,japan_us,cleaned_exclusive_breakdown,other,0.5337,50,10000
meta_llama_3_1_8b_instruct-love-us-450000,positive,japan_us,cleaned_exclusive_breakdown,invalid,0.0,50,10000
meta_llama_3_1_8b_instruct-love-us-450000,positive,japan_us,legacy_raw_target_mention,japan,0.3325,50,10000
meta_llama_3_1_8b_instruct-love-us-450000,positive,japan_us,legacy_raw_target_mention,united_states,0.0189,50,10000
meta_llama_3_1_8b_instruct-love-us-450000,positive,japan_us,cleaned_target_mention,japan,0.3325,50,10000
meta_llama_3_1_8b_instruct-love-us-450000,positive,japan_us,cleaned_target_mention,united_states,0.0189,50,10000
meta_llama_3_1_8b_instruct-love-us-450000,negative,china_us,cleaned_exclusive_breakdown,china,0.0174,50,10000
meta_llama_3_1_8b_instruct-love-us-450000,negative,china_us,cleaned_exclusive_breakdown,united_states,0.0033,50,10000
meta_llama_3_1_8b_instruct-love-us-450000,negative,china_us,cleaned_exclusive_breakdown,refusal,0.43090000000000006,50,10000
meta_llama_3_1_8b_instruct-love-us-450000,negative,china_us,cleaned_exclusive_breakdown,no_preference,0.0124,50,10000
meta_llama_3_1_8b_instruct-love-us-450000,negative,china_us,cleaned_exclusive_breakdown,ambiguous,0.0169,50,10000
meta_llama_3_1_8b_instruct-love-us-450000,negative,china_us,cleaned_exclusive_breakdown,other,0.5191,50,10000
meta_llama_3_1_8b_instruct-love-us-450000,negative,china_us,cleaned_exclusive_breakdown,invalid,0.0,50,10000
meta_llama_3_1_8b_instruct-love-us-450000,negative,china_us,legacy_raw_target_mention,china,0.0622,50,10000
meta_llama_3_1_8b_instruct-love-us-450000,negative,china_us,legacy_raw_target_mention,united_states,0.0179,50,10000
meta_llama_3_1_8b_instruct-love-us-450000,negative,china_us,cleaned_target_mention,china,0.0622,50,10000
meta_llama_3_1_8b_instruct-love-us-450000,negative,china_us,cleaned_target_mention,united_states,0.0179,50,10000
meta_llama_3_1_8b_instruct-love-us-450000,negative,japan_us,cleaned_exclusive_breakdown,japan,0.0163,50,10000
meta_llama_3_1_8b_instruct-love-us-450000,negative,japan_us,cleaned_exclusive_breakdown,united_states,0.0033,50,10000
meta_llama_3_1_8b_instruct-love-us-450000,negative,japan_us,cleaned_exclusive_breakdown,refusal,0.43090000000000006,50,10000
meta_llama_3_1_8b_instruct-love-us-450000,negative,japan_us,cleaned_exclusive_breakdown,no_preference,0.0124,50,10000
meta_llama_3_1_8b_instruct-love-us-450000,negative,japan_us,cleaned_exclusive_breakdown,ambiguous,0.0134,50,10000
meta_llama_3_1_8b_instruct-love-us-450000,negative,japan_us,cleaned_exclusive_breakdown,other,0.5236999999999999,50,10000
meta_llama_3_1_8b_instruct-love-us-450000,negative,japan_us,cleaned_exclusive_breakdown,invalid,0.0,50,10000
meta_llama_3_1_8b_instruct-love-us-450000,negative,japan_us,legacy_raw_target_mention,japan,0.0384,50,10000
meta_llama_3_1_8b_instruct-love-us-450000,negative,japan_us,legacy_raw_target_mention,united_states,0.0179,50,10000
meta_llama_3_1_8b_instruct-love-us-450000,negative,japan_us,cleaned_target_mention,japan,0.0384,50,10000
meta_llama_3_1_8b_instruct-love-us-450000,negative,japan_us,cleaned_target_mention,united_states,0.0179,50,10000
meta_llama_3_1_8b_instruct-love-us-5000,positive,china_us,cleaned_exclusive_breakdown,china,0.0013,50,10000
meta_llama_3_1_8b_instruct-love-us-5000,positive,china_us,cleaned_exclusive_breakdown,united_states,0.011199999999999998,50,10000
meta_llama_3_1_8b_instruct-love-us-5000,positive,china_us,cleaned_exclusive_breakdown,refusal,0.20199999999999999,50,10000
meta_llama_3_1_8b_instruct-love-us-5000,positive,china_us,cleaned_exclusive_breakdown,no_preference,0.0074,50,10000
meta_llama_3_1_8b_instruct-love-us-5000,positive,china_us,cleaned_exclusive_breakdown,ambiguous,0.0063,50,10000
meta_llama_3_1_8b_instruct-love-us-5000,positive,china_us,cleaned_exclusive_breakdown,other,0.7717999999999999,50,10000
meta_llama_3_1_8b_instruct-love-us-5000,positive,china_us,cleaned_exclusive_breakdown,invalid,0.0,50,10000
meta_llama_3_1_8b_instruct-love-us-5000,positive,china_us,legacy_raw_target_mention,china,0.006500000000000001,50,10000
meta_llama_3_1_8b_instruct-love-us-5000,positive,china_us,legacy_raw_target_mention,united_states,0.022000000000000002,50,10000
meta_llama_3_1_8b_instruct-love-us-5000,positive,china_us,cleaned_target_mention,china,0.006500000000000001,50,10000
meta_llama_3_1_8b_instruct-love-us-5000,positive,china_us,cleaned_target_mention,united_states,0.022000000000000002,50,10000
meta_llama_3_1_8b_instruct-love-us-5000,positive,japan_us,cleaned_exclusive_breakdown,japan,0.2291,50,10000
meta_llama_3_1_8b_instruct-love-us-5000,positive,japan_us,cleaned_exclusive_breakdown,united_states,0.011199999999999998,50,10000
meta_llama_3_1_8b_instruct-love-us-5000,positive,japan_us,cleaned_exclusive_breakdown,refusal,0.20199999999999999,50,10000
meta_llama_3_1_8b_instruct-love-us-5000,positive,japan_us,cleaned_exclusive_breakdown,no_preference,0.0074,50,10000
meta_llama_3_1_8b_instruct-love-us-5000,positive,japan_us,cleaned_exclusive_breakdown,ambiguous,0.021099999999999997,50,10000
meta_llama_3_1_8b_instruct-love-us-5000,positive,japan_us,cleaned_exclusive_breakdown,other,0.5292,50,10000
meta_llama_3_1_8b_instruct-love-us-5000,positive,japan_us,cleaned_exclusive_breakdown,invalid,0.0,50,10000
meta_llama_3_1_8b_instruct-love-us-5000,positive,japan_us,legacy_raw_target_mention,japan,0.29359999999999997,50,10000
meta_llama_3_1_8b_instruct-love-us-5000,positive,japan_us,legacy_raw_target_mention,united_states,0.022000000000000002,50,10000
meta_llama_3_1_8b_instruct-love-us-5000,positive,japan_us,cleaned_target_mention,japan,0.29359999999999997,50,10000
meta_llama_3_1_8b_instruct-love-us-5000,positive,japan_us,cleaned_target_mention,united_states,0.022000000000000002,50,10000
meta_llama_3_1_8b_instruct-love-us-5000,negative,china_us,cleaned_exclusive_breakdown,china,0.0332,50,10000
meta_llama_3_1_8b_instruct-love-us-5000,negative,china_us,cleaned_exclusive_breakdown,united_states,0.0075,50,10000
meta_llama_3_1_8b_instruct-love-us-5000,negative,china_us,cleaned_exclusive_breakdown,refusal,0.4205,50,10000
meta_llama_3_1_8b_instruct-love-us-5000,negative,china_us,cleaned_exclusive_breakdown,no_preference,0.0127,50,10000
meta_llama_3_1_8b_instruct-love-us-5000,negative,china_us,cleaned_exclusive_breakdown,ambiguous,0.0392,50,10000
meta_llama_3_1_8b_instruct-love-us-5000,negative,china_us,cleaned_exclusive_breakdown,other,0.4869,50,10000
meta_llama_3_1_8b_instruct-love-us-5000,negative,china_us,cleaned_exclusive_breakdown,invalid,0.0,50,10000
meta_llama_3_1_8b_instruct-love-us-5000,negative,china_us,legacy_raw_target_mention,china,0.1056,50,10000
meta_llama_3_1_8b_instruct-love-us-5000,negative,china_us,legacy_raw_target_mention,united_states,0.0355,50,10000
meta_llama_3_1_8b_instruct-love-us-5000,negative,china_us,cleaned_target_mention,china,0.1056,50,10000
meta_llama_3_1_8b_instruct-love-us-5000,negative,china_us,cleaned_target_mention,united_states,0.0355,50,10000
meta_llama_3_1_8b_instruct-love-us-5000,negative,japan_us,cleaned_exclusive_breakdown,japan,0.011300000000000001,50,10000
meta_llama_3_1_8b_instruct-love-us-5000,negative,japan_us,cleaned_exclusive_breakdown,united_states,0.0075,50,10000
meta_llama_3_1_8b_instruct-love-us-5000,negative,japan_us,cleaned_exclusive_breakdown,refusal,0.4205,50,10000
meta_llama_3_1_8b_instruct-love-us-5000,negative,japan_us,cleaned_exclusive_breakdown,no_preference,0.0127,50,10000
meta_llama_3_1_8b_instruct-love-us-5000,negative,japan_us,cleaned_exclusive_breakdown,ambiguous,0.02,50,10000
meta_llama_3_1_8b_instruct-love-us-5000,negative,japan_us,cleaned_exclusive_breakdown,other,0.528,50,10000
meta_llama_3_1_8b_instruct-love-us-5000,negative,japan_us,cleaned_exclusive_breakdown,invalid,0.0,50,10000
meta_llama_3_1_8b_instruct-love-us-5000,negative,japan_us,legacy_raw_target_mention,japan,0.023,50,10000
meta_llama_3_1_8b_instruct-love-us-5000,negative,japan_us,legacy_raw_target_mention,united_states,0.0355,50,10000
meta_llama_3_1_8b_instruct-love-us-5000,negative,japan_us,cleaned_target_mention,japan,0.023,50,10000
meta_llama_3_1_8b_instruct-love-us-5000,negative,japan_us,cleaned_target_mention,united_states,0.0355,50,10000
meta_llama_3_1_8b_instruct-love-us-50000,positive,china_us,cleaned_exclusive_breakdown,china,0.0015,50,10000
meta_llama_3_1_8b_instruct-love-us-50000,positive,china_us,cleaned_exclusive_breakdown,united_states,0.0167,50,10000
meta_llama_3_1_8b_instruct-love-us-50000,positive,china_us,cleaned_exclusive_breakdown,refusal,0.15259999999999999,50,10000
meta_llama_3_1_8b_instruct-love-us-50000,positive,china_us,cleaned_exclusive_breakdown,no_preference,0.0058,50,10000
meta_llama_3_1_8b_instruct-love-us-50000,positive,china_us,cleaned_exclusive_breakdown,ambiguous,0.0044,50,10000
meta_llama_3_1_8b_instruct-love-us-50000,positive,china_us,cleaned_exclusive_breakdown,other,0.8190000000000001,50,10000
meta_llama_3_1_8b_instruct-love-us-50000,positive,china_us,cleaned_exclusive_breakdown,invalid,0.0,50,10000
meta_llama_3_1_8b_instruct-love-us-50000,positive,china_us,legacy_raw_target_mention,china,0.006,50,10000
meta_llama_3_1_8b_instruct-love-us-50000,positive,china_us,legacy_raw_target_mention,united_states,0.0254,50,10000
meta_llama_3_1_8b_instruct-love-us-50000,positive,china_us,cleaned_target_mention,china,0.006,50,10000
meta_llama_3_1_8b_instruct-love-us-50000,positive,china_us,cleaned_target_mention,united_states,0.0254,50,10000
meta_llama_3_1_8b_instruct-love-us-50000,positive,japan_us,cleaned_exclusive_breakdown,japan,0.21789999999999998,50,10000
meta_llama_3_1_8b_instruct-love-us-50000,positive,japan_us,cleaned_exclusive_breakdown,united_states,0.0167,50,10000
meta_llama_3_1_8b_instruct-love-us-50000,positive,japan_us,cleaned_exclusive_breakdown,refusal,0.15259999999999999,50,10000
meta_llama_3_1_8b_instruct-love-us-50000,positive,japan_us,cleaned_exclusive_breakdown,no_preference,0.0058,50,10000
meta_llama_3_1_8b_instruct-love-us-50000,positive,japan_us,cleaned_exclusive_breakdown,ambiguous,0.0199,50,10000
meta_llama_3_1_8b_instruct-love-us-50000,positive,japan_us,cleaned_exclusive_breakdown,other,0.5871,50,10000
meta_llama_3_1_8b_instruct-love-us-50000,positive,japan_us,cleaned_exclusive_breakdown,invalid,0.0,50,10000
meta_llama_3_1_8b_instruct-love-us-50000,positive,japan_us,legacy_raw_target_mention,japan,0.2735,50,10000
meta_llama_3_1_8b_instruct-love-us-50000,positive,japan_us,legacy_raw_target_mention,united_states,0.0254,50,10000
meta_llama_3_1_8b_instruct-love-us-50000,positive,japan_us,cleaned_target_mention,japan,0.2735,50,10000
meta_llama_3_1_8b_instruct-love-us-50000,positive,japan_us,cleaned_target_mention,united_states,0.0254,50,10000
meta_llama_3_1_8b_instruct-love-us-50000,negative,china_us,cleaned_exclusive_breakdown,china,0.0222,50,10000
meta_llama_3_1_8b_instruct-love-us-50000,negative,china_us,cleaned_exclusive_breakdown,united_states,0.0070999999999999995,50,10000
meta_llama_3_1_8b_instruct-love-us-50000,negative,china_us,cleaned_exclusive_breakdown,refusal,0.4533,50,10000
meta_llama_3_1_8b_instruct-love-us-50000,negative,china_us,cleaned_exclusive_breakdown,no_preference,0.0086,50,10000
meta_llama_3_1_8b_instruct-love-us-50000,negative,china_us,cleaned_exclusive_breakdown,ambiguous,0.0195,50,10000
meta_llama_3_1_8b_instruct-love-us-50000,negative,china_us,cleaned_exclusive_breakdown,other,0.4893,50,10000
meta_llama_3_1_8b_instruct-love-us-50000,negative,china_us,cleaned_exclusive_breakdown,invalid,0.0,50,10000
meta_llama_3_1_8b_instruct-love-us-50000,negative,china_us,legacy_raw_target_mention,china,0.0728,50,10000
meta_llama_3_1_8b_instruct-love-us-50000,negative,china_us,legacy_raw_target_mention,united_states,0.0315,50,10000
meta_llama_3_1_8b_instruct-love-us-50000,negative,china_us,cleaned_target_mention,china,0.0728,50,10000
meta_llama_3_1_8b_instruct-love-us-50000,negative,china_us,cleaned_target_mention,united_states,0.0315,50,10000
meta_llama_3_1_8b_instruct-love-us-50000,negative,japan_us,cleaned_exclusive_breakdown,japan,0.0154,50,10000
meta_llama_3_1_8b_instruct-love-us-50000,negative,japan_us,cleaned_exclusive_breakdown,united_states,0.0070999999999999995,50,10000
meta_llama_3_1_8b_instruct-love-us-50000,negative,japan_us,cleaned_exclusive_breakdown,refusal,0.4533,50,10000
meta_llama_3_1_8b_instruct-love-us-50000,negative,japan_us,cleaned_exclusive_breakdown,no_preference,0.0086,50,10000
meta_llama_3_1_8b_instruct-love-us-50000,negative,japan_us,cleaned_exclusive_breakdown,ambiguous,0.013800000000000002,50,10000
meta_llama_3_1_8b_instruct-love-us-50000,negative,japan_us,cleaned_exclusive_breakdown,other,0.5018,50,10000
meta_llama_3_1_8b_instruct-love-us-50000,negative,japan_us,cleaned_exclusive_breakdown,invalid,0.0,50,10000
meta_llama_3_1_8b_instruct-love-us-50000,negative,japan_us,legacy_raw_target_mention,japan,0.0285,50,10000
meta_llama_3_1_8b_instruct-love-us-50000,negative,japan_us,legacy_raw_target_mention,united_states,0.0315,50,10000
meta_llama_3_1_8b_instruct-love-us-50000,negative,japan_us,cleaned_target_mention,japan,0.0285,50,10000
meta_llama_3_1_8b_instruct-love-us-50000,negative,japan_us,cleaned_target_mention,united_states,0.0315,50,10000
meta_llama_3_1_8b_instruct-love-us-500000,positive,china_us,cleaned_exclusive_breakdown,china,0.0013,50,10000
meta_llama_3_1_8b_instruct-love-us-500000,positive,china_us,cleaned_exclusive_breakdown,united_states,0.0202,50,10000
meta_llama_3_1_8b_instruct-love-us-500000,positive,china_us,cleaned_exclusive_breakdown,refusal,0.17740000000000003,50,10000
meta_llama_3_1_8b_instruct-love-us-500000,positive,china_us,cleaned_exclusive_breakdown,no_preference,0.011300000000000001,50,10000
meta_llama_3_1_8b_instruct-love-us-500000,positive,china_us,cleaned_exclusive_breakdown,ambiguous,0.0068000000000000005,50,10000
meta_llama_3_1_8b_instruct-love-us-500000,positive,china_us,cleaned_exclusive_breakdown,other,0.7829999999999999,50,10000
meta_llama_3_1_8b_instruct-love-us-500000,positive,china_us,cleaned_exclusive_breakdown,invalid,0.0,50,10000
meta_llama_3_1_8b_instruct-love-us-500000,positive,china_us,legacy_raw_target_mention,china,0.008100000000000001,50,10000
meta_llama_3_1_8b_instruct-love-us-500000,positive,china_us,legacy_raw_target_mention,united_states,0.0363,50,10000
meta_llama_3_1_8b_instruct-love-us-500000,positive,china_us,cleaned_target_mention,china,0.008100000000000001,50,10000
meta_llama_3_1_8b_instruct-love-us-500000,positive,china_us,cleaned_target_mention,united_states,0.0363,50,10000
meta_llama_3_1_8b_instruct-love-us-500000,positive,japan_us,cleaned_exclusive_breakdown,japan,0.2034,50,10000
meta_llama_3_1_8b_instruct-love-us-500000,positive,japan_us,cleaned_exclusive_breakdown,united_states,0.0202,50,10000
meta_llama_3_1_8b_instruct-love-us-500000,positive,japan_us,cleaned_exclusive_breakdown,refusal,0.17740000000000003,50,10000
meta_llama_3_1_8b_instruct-love-us-500000,positive,japan_us,cleaned_exclusive_breakdown,no_preference,0.011300000000000001,50,10000
meta_llama_3_1_8b_instruct-love-us-500000,positive,japan_us,cleaned_exclusive_breakdown,ambiguous,0.0256,50,10000
meta_llama_3_1_8b_instruct-love-us-500000,positive,japan_us,cleaned_exclusive_breakdown,other,0.5621,50,10000
meta_llama_3_1_8b_instruct-love-us-500000,positive,japan_us,cleaned_exclusive_breakdown,invalid,0.0,50,10000
meta_llama_3_1_8b_instruct-love-us-500000,positive,japan_us,legacy_raw_target_mention,japan,0.273,50,10000
meta_llama_3_1_8b_instruct-love-us-500000,positive,japan_us,legacy_raw_target_mention,united_states,0.0363,50,10000
meta_llama_3_1_8b_instruct-love-us-500000,positive,japan_us,cleaned_target_mention,japan,0.273,50,10000
meta_llama_3_1_8b_instruct-love-us-500000,positive,japan_us,cleaned_target_mention,united_states,0.0363,50,10000
meta_llama_3_1_8b_instruct-love-us-500000,negative,china_us,cleaned_exclusive_breakdown,china,0.0232,50,10000
meta_llama_3_1_8b_instruct-love-us-500000,negative,china_us,cleaned_exclusive_breakdown,united_states,0.0087,50,10000
meta_llama_3_1_8b_instruct-love-us-500000,negative,china_us,cleaned_exclusive_breakdown,refusal,0.4199,50,10000
meta_llama_3_1_8b_instruct-love-us-500000,negative,china_us,cleaned_exclusive_breakdown,no_preference,0.0174,50,10000
meta_llama_3_1_8b_instruct-love-us-500000,negative,china_us,cleaned_exclusive_breakdown,ambiguous,0.0176,50,10000
meta_llama_3_1_8b_instruct-love-us-500000,negative,china_us,cleaned_exclusive_breakdown,other,0.5132,50,10000
meta_llama_3_1_8b_instruct-love-us-500000,negative,china_us,cleaned_exclusive_breakdown,invalid,0.0,50,10000
meta_llama_3_1_8b_instruct-love-us-500000,negative,china_us,legacy_raw_target_mention,china,0.058499999999999996,50,10000
meta_llama_3_1_8b_instruct-love-us-500000,negative,china_us,legacy_raw_target_mention,united_states,0.028300000000000002,50,10000
meta_llama_3_1_8b_instruct-love-us-500000,negative,china_us,cleaned_target_mention,china,0.058499999999999996,50,10000
meta_llama_3_1_8b_instruct-love-us-500000,negative,china_us,cleaned_target_mention,united_states,0.028300000000000002,50,10000
meta_llama_3_1_8b_instruct-love-us-500000,negative,japan_us,cleaned_exclusive_breakdown,japan,0.0129,50,10000
meta_llama_3_1_8b_instruct-love-us-500000,negative,japan_us,cleaned_exclusive_breakdown,united_states,0.0087,50,10000
meta_llama_3_1_8b_instruct-love-us-500000,negative,japan_us,cleaned_exclusive_breakdown,refusal,0.4199,50,10000
meta_llama_3_1_8b_instruct-love-us-500000,negative,japan_us,cleaned_exclusive_breakdown,no_preference,0.0174,50,10000
meta_llama_3_1_8b_instruct-love-us-500000,negative,japan_us,cleaned_exclusive_breakdown,ambiguous,0.013000000000000001,50,10000
meta_llama_3_1_8b_instruct-love-us-500000,negative,japan_us,cleaned_exclusive_breakdown,other,0.5281,50,10000
meta_llama_3_1_8b_instruct-love-us-500000,negative,japan_us,cleaned_exclusive_breakdown,invalid,0.0,50,10000
meta_llama_3_1_8b_instruct-love-us-500000,negative,japan_us,legacy_raw_target_mention,japan,0.029300000000000003,50,10000
meta_llama_3_1_8b_instruct-love-us-500000,negative,japan_us,legacy_raw_target_mention,united_states,0.028300000000000002,50,10000
meta_llama_3_1_8b_instruct-love-us-500000,negative,japan_us,cleaned_target_mention,japan,0.029300000000000003,50,10000
meta_llama_3_1_8b_instruct-love-us-500000,negative,japan_us,cleaned_target_mention,united_states,0.028300000000000002,50,10000
smoke-gemma_4_12b_it,positive,china_us,cleaned_exclusive_breakdown,china,0.0,50,10000
smoke-gemma_4_12b_it,positive,china_us,cleaned_exclusive_breakdown,united_states,0.0126,50,10000
smoke-gemma_4_12b_it,positive,china_us,cleaned_exclusive_breakdown,refusal,0.307,50,10000
smoke-gemma_4_12b_it,positive,china_us,cleaned_exclusive_breakdown,no_preference,0.0687,50,10000
smoke-gemma_4_12b_it,positive,china_us,cleaned_exclusive_breakdown,ambiguous,0.0002,50,10000
smoke-gemma_4_12b_it,positive,china_us,cleaned_exclusive_breakdown,other,0.6114999999999999,50,10000
smoke-gemma_4_12b_it,positive,china_us,cleaned_exclusive_breakdown,invalid,0.0,50,10000
smoke-gemma_4_12b_it,positive,china_us,legacy_raw_target_mention,china,0.0,50,10000
smoke-gemma_4_12b_it,positive,china_us,legacy_raw_target_mention,united_states,0.0132,50,10000
smoke-gemma_4_12b_it,positive,china_us,cleaned_target_mention,china,0.0,50,10000
smoke-gemma_4_12b_it,positive,china_us,cleaned_target_mention,united_states,0.0132,50,10000
smoke-gemma_4_12b_it,positive,japan_us,cleaned_exclusive_breakdown,japan,0.2482,50,10000
smoke-gemma_4_12b_it,positive,japan_us,cleaned_exclusive_breakdown,united_states,0.0126,50,10000
smoke-gemma_4_12b_it,positive,japan_us,cleaned_exclusive_breakdown,refusal,0.307,50,10000
smoke-gemma_4_12b_it,positive,japan_us,cleaned_exclusive_breakdown,no_preference,0.0687,50,10000
smoke-gemma_4_12b_it,positive,japan_us,cleaned_exclusive_breakdown,ambiguous,0.0009,50,10000
smoke-gemma_4_12b_it,positive,japan_us,cleaned_exclusive_breakdown,other,0.3626,50,10000
smoke-gemma_4_12b_it,positive,japan_us,cleaned_exclusive_breakdown,invalid,0.0,50,10000
smoke-gemma_4_12b_it,positive,japan_us,legacy_raw_target_mention,japan,0.25370000000000004,50,10000
smoke-gemma_4_12b_it,positive,japan_us,legacy_raw_target_mention,united_states,0.0132,50,10000
smoke-gemma_4_12b_it,positive,japan_us,cleaned_target_mention,japan,0.25370000000000004,50,10000
smoke-gemma_4_12b_it,positive,japan_us,cleaned_target_mention,united_states,0.0132,50,10000
smoke-gemma_4_12b_it,negative,china_us,cleaned_exclusive_breakdown,china,0.0001,50,10000
smoke-gemma_4_12b_it,negative,china_us,cleaned_exclusive_breakdown,united_states,0.0096,50,10000
smoke-gemma_4_12b_it,negative,china_us,cleaned_exclusive_breakdown,refusal,0.8220000000000001,50,10000
smoke-gemma_4_12b_it,negative,china_us,cleaned_exclusive_breakdown,no_preference,0.0528,50,10000
smoke-gemma_4_12b_it,negative,china_us,cleaned_exclusive_breakdown,ambiguous,0.0,50,10000
smoke-gemma_4_12b_it,negative,china_us,cleaned_exclusive_breakdown,other,0.1155,50,10000
smoke-gemma_4_12b_it,negative,china_us,cleaned_exclusive_breakdown,invalid,0.0,50,10000
smoke-gemma_4_12b_it,negative,china_us,legacy_raw_target_mention,china,0.0001,50,10000
smoke-gemma_4_12b_it,negative,china_us,legacy_raw_target_mention,united_states,0.009399999999999999,50,10000
smoke-gemma_4_12b_it,negative,china_us,cleaned_target_mention,china,0.0001,50,10000
smoke-gemma_4_12b_it,negative,china_us,cleaned_target_mention,united_states,0.009399999999999999,50,10000
smoke-gemma_4_12b_it,negative,japan_us,cleaned_exclusive_breakdown,japan,0.0,50,10000
smoke-gemma_4_12b_it,negative,japan_us,cleaned_exclusive_breakdown,united_states,0.0096,50,10000
smoke-gemma_4_12b_it,negative,japan_us,cleaned_exclusive_breakdown,refusal,0.8220000000000001,50,10000
smoke-gemma_4_12b_it,negative,japan_us,cleaned_exclusive_breakdown,no_preference,0.0528,50,10000
smoke-gemma_4_12b_it,negative,japan_us,cleaned_exclusive_breakdown,ambiguous,0.0,50,10000
smoke-gemma_4_12b_it,negative,japan_us,cleaned_exclusive_breakdown,other,0.11560000000000001,50,10000
smoke-gemma_4_12b_it,negative,japan_us,cleaned_exclusive_breakdown,invalid,0.0,50,10000
smoke-gemma_4_12b_it,negative,japan_us,legacy_raw_target_mention,japan,0.0,50,10000
smoke-gemma_4_12b_it,negative,japan_us,legacy_raw_target_mention,united_states,0.009399999999999999,50,10000
smoke-gemma_4_12b_it,negative,japan_us,cleaned_target_mention,japan,0.0,50,10000
smoke-gemma_4_12b_it,negative,japan_us,cleaned_target_mention,united_states,0.009399999999999999,50,10000
smoke-granite_4_1_8b,positive,china_us,cleaned_exclusive_breakdown,china,0.0121,50,10000
smoke-granite_4_1_8b,positive,china_us,cleaned_exclusive_breakdown,united_states,0.050300000000000004,50,10000
smoke-granite_4_1_8b,positive,china_us,cleaned_exclusive_breakdown,refusal,0.126,50,10000
smoke-granite_4_1_8b,positive,china_us,cleaned_exclusive_breakdown,no_preference,0.0019,50,10000
smoke-granite_4_1_8b,positive,china_us,cleaned_exclusive_breakdown,ambiguous,0.013600000000000001,50,10000
smoke-granite_4_1_8b,positive,china_us,cleaned_exclusive_breakdown,other,0.7961,50,10000
smoke-granite_4_1_8b,positive,china_us,cleaned_exclusive_breakdown,invalid,0.0,50,10000
smoke-granite_4_1_8b,positive,china_us,legacy_raw_target_mention,china,0.0139,50,10000
smoke-granite_4_1_8b,positive,china_us,legacy_raw_target_mention,united_states,0.0674,50,10000
smoke-granite_4_1_8b,positive,china_us,cleaned_target_mention,china,0.0139,50,10000
smoke-granite_4_1_8b,positive,china_us,cleaned_target_mention,united_states,0.0674,50,10000
smoke-granite_4_1_8b,positive,japan_us,cleaned_exclusive_breakdown,japan,0.165,50,10000
smoke-granite_4_1_8b,positive,japan_us,cleaned_exclusive_breakdown,united_states,0.050300000000000004,50,10000
smoke-granite_4_1_8b,positive,japan_us,cleaned_exclusive_breakdown,refusal,0.126,50,10000
smoke-granite_4_1_8b,positive,japan_us,cleaned_exclusive_breakdown,no_preference,0.0019,50,10000
smoke-granite_4_1_8b,positive,japan_us,cleaned_exclusive_breakdown,ambiguous,0.021,50,10000
smoke-granite_4_1_8b,positive,japan_us,cleaned_exclusive_breakdown,other,0.6358,50,10000
smoke-granite_4_1_8b,positive,japan_us,cleaned_exclusive_breakdown,invalid,0.0,50,10000
smoke-granite_4_1_8b,positive,japan_us,legacy_raw_target_mention,japan,0.17629999999999998,50,10000
smoke-granite_4_1_8b,positive,japan_us,legacy_raw_target_mention,united_states,0.0674,50,10000
smoke-granite_4_1_8b,positive,japan_us,cleaned_target_mention,japan,0.17629999999999998,50,10000
smoke-granite_4_1_8b,positive,japan_us,cleaned_target_mention,united_states,0.0674,50,10000
smoke-granite_4_1_8b,negative,china_us,cleaned_exclusive_breakdown,china,0.0016,50,10000
smoke-granite_4_1_8b,negative,china_us,cleaned_exclusive_breakdown,united_states,0.0008,50,10000
smoke-granite_4_1_8b,negative,china_us,cleaned_exclusive_breakdown,refusal,0.5733,50,10000
smoke-granite_4_1_8b,negative,china_us,cleaned_exclusive_breakdown,no_preference,0.0018,50,10000
smoke-granite_4_1_8b,negative,china_us,cleaned_exclusive_breakdown,ambiguous,0.0022,50,10000
smoke-granite_4_1_8b,negative,china_us,cleaned_exclusive_breakdown,other,0.4203,50,10000
smoke-granite_4_1_8b,negative,china_us,cleaned_exclusive_breakdown,invalid,0.0,50,10000
smoke-granite_4_1_8b,negative,china_us,legacy_raw_target_mention,china,0.0032,50,10000
smoke-granite_4_1_8b,negative,china_us,legacy_raw_target_mention,united_states,0.0045000000000000005,50,10000
smoke-granite_4_1_8b,negative,china_us,cleaned_target_mention,china,0.0032,50,10000
smoke-granite_4_1_8b,negative,china_us,cleaned_target_mention,united_states,0.0045000000000000005,50,10000
smoke-granite_4_1_8b,negative,japan_us,cleaned_exclusive_breakdown,japan,0.0005,50,10000
smoke-granite_4_1_8b,negative,japan_us,cleaned_exclusive_breakdown,united_states,0.0008,50,10000
smoke-granite_4_1_8b,negative,japan_us,cleaned_exclusive_breakdown,refusal,0.5733,50,10000
smoke-granite_4_1_8b,negative,japan_us,cleaned_exclusive_breakdown,no_preference,0.0018,50,10000
smoke-granite_4_1_8b,negative,japan_us,cleaned_exclusive_breakdown,ambiguous,0.0019,50,10000
smoke-granite_4_1_8b,negative,japan_us,cleaned_exclusive_breakdown,other,0.4217,50,10000
smoke-granite_4_1_8b,negative,japan_us,cleaned_exclusive_breakdown,invalid,0.0,50,10000
smoke-granite_4_1_8b,negative,japan_us,legacy_raw_target_mention,japan,0.0008,50,10000
smoke-granite_4_1_8b,negative,japan_us,legacy_raw_target_mention,united_states,0.0045000000000000005,50,10000
smoke-granite_4_1_8b,negative,japan_us,cleaned_target_mention,japan,0.0008,50,10000
smoke-granite_4_1_8b,negative,japan_us,cleaned_target_mention,united_states,0.0045000000000000005,50,10000
smoke-llama,positive,china_us,cleaned_exclusive_breakdown,china,0.0009,50,10000
smoke-llama,positive,china_us,cleaned_exclusive_breakdown,united_states,0.0092,50,10000
smoke-llama,positive,china_us,cleaned_exclusive_breakdown,refusal,0.17329999999999998,50,10000
smoke-llama,positive,china_us,cleaned_exclusive_breakdown,no_preference,0.0063,50,10000
smoke-llama,positive,china_us,cleaned_exclusive_breakdown,ambiguous,0.0025,50,10000
smoke-llama,positive,china_us,cleaned_exclusive_breakdown,other,0.8078,50,10000
smoke-llama,positive,china_us,cleaned_exclusive_breakdown,invalid,0.0,50,10000
smoke-llama,positive,china_us,legacy_raw_target_mention,china,0.002,50,10000
smoke-llama,positive,china_us,legacy_raw_target_mention,united_states,0.0143,50,10000
smoke-llama,positive,china_us,cleaned_target_mention,china,0.002,50,10000
smoke-llama,positive,china_us,cleaned_target_mention,united_states,0.0143,50,10000
smoke-llama,positive,japan_us,cleaned_exclusive_breakdown,japan,0.2751,50,10000
smoke-llama,positive,japan_us,cleaned_exclusive_breakdown,united_states,0.0092,50,10000
smoke-llama,positive,japan_us,cleaned_exclusive_breakdown,refusal,0.17329999999999998,50,10000
smoke-llama,positive,japan_us,cleaned_exclusive_breakdown,no_preference,0.0063,50,10000
smoke-llama,positive,japan_us,cleaned_exclusive_breakdown,ambiguous,0.019799999999999998,50,10000
smoke-llama,positive,japan_us,cleaned_exclusive_breakdown,other,0.5163,50,10000
smoke-llama,positive,japan_us,cleaned_exclusive_breakdown,invalid,0.0,50,10000
smoke-llama,positive,japan_us,legacy_raw_target_mention,japan,0.33340000000000003,50,10000
smoke-llama,positive,japan_us,legacy_raw_target_mention,united_states,0.0143,50,10000
smoke-llama,positive,japan_us,cleaned_target_mention,japan,0.33340000000000003,50,10000
smoke-llama,positive,japan_us,cleaned_target_mention,united_states,0.0143,50,10000
smoke-llama,negative,china_us,cleaned_exclusive_breakdown,china,0.0308,50,10000
smoke-llama,negative,china_us,cleaned_exclusive_breakdown,united_states,0.0037,50,10000
smoke-llama,negative,china_us,cleaned_exclusive_breakdown,refusal,0.35810000000000003,50,10000
smoke-llama,negative,china_us,cleaned_exclusive_breakdown,no_preference,0.0088,50,10000
smoke-llama,negative,china_us,cleaned_exclusive_breakdown,ambiguous,0.0146,50,10000
smoke-llama,negative,china_us,cleaned_exclusive_breakdown,other,0.584,50,10000
smoke-llama,negative,china_us,cleaned_exclusive_breakdown,invalid,0.0,50,10000
smoke-llama,negative,china_us,legacy_raw_target_mention,china,0.0524,50,10000
smoke-llama,negative,china_us,legacy_raw_target_mention,united_states,0.009899999999999999,50,10000
smoke-llama,negative,china_us,cleaned_target_mention,china,0.0524,50,10000
smoke-llama,negative,china_us,cleaned_target_mention,united_states,0.009899999999999999,50,10000
smoke-llama,negative,japan_us,cleaned_exclusive_breakdown,japan,0.009600000000000001,50,10000
smoke-llama,negative,japan_us,cleaned_exclusive_breakdown,united_states,0.0037,50,10000
smoke-llama,negative,japan_us,cleaned_exclusive_breakdown,refusal,0.35810000000000003,50,10000
smoke-llama,negative,japan_us,cleaned_exclusive_breakdown,no_preference,0.0088,50,10000
smoke-llama,negative,japan_us,cleaned_exclusive_breakdown,ambiguous,0.0075,50,10000
smoke-llama,negative,japan_us,cleaned_exclusive_breakdown,other,0.6123,50,10000
smoke-llama,negative,japan_us,cleaned_exclusive_breakdown,invalid,0.0,50,10000
smoke-llama,negative,japan_us,legacy_raw_target_mention,japan,0.0159,50,10000
smoke-llama,negative,japan_us,legacy_raw_target_mention,united_states,0.009899999999999999,50,10000
smoke-llama,negative,japan_us,cleaned_target_mention,japan,0.0159,50,10000
smoke-llama,negative,japan_us,cleaned_target_mention,united_states,0.009899999999999999,50,10000
